split,doc_id,image_file,qa_id,question,answer,reasoning_type,reasoning_explanation,evidence_region_ids,evidence_quotes
train,10002,10002.png,10002_0,What is the 8?,"30–Prcscntation - Pridc room at 601 Reconstituted Tobacco, Mr. Watson Dufour, Direcior, Product and Process Development, and Gregory Fcron, Salcs Manager.",lookup,Extracted value for '8' from form field.,[0],"[""8: 30–Prcscntation - Pridc room at 601 Reconstituted Tobacco, Mr. Watson Dufour, Direcior, Product and Process Development, and Gregory Fcron, Salcs Manager.""]"
train,10004,10004.png,10004_0,What is the 8?,"30–Prcscntation - Pridc room at 601 Reconstituted Tobacco, Mr. Watson Dufour, Direcior, Product and Process Development, and Gregory Fcron, Salcs Manager.",lookup,Extracted value for '8' from form field.,[0],"[""8: 30–Prcscntation - Pridc room at 601 Reconstituted Tobacco, Mr. Watson Dufour, Direcior, Product and Process Development, and Gregory Fcron, Salcs Manager.""]"
train,10005,10005.png,10005_0,What is the main topic or content discussed in this section?,"This Job Assignment Addcndum is made as of thc 15th day of Sepicmber, 1998 and is cxccuted pursuant to and in accordancc with thc prcviously cxecutcd Mastcr contract bctwccn R....",comprehension,Summarized the main content from the text region.,[0],"[""This Job Assignment Addcndum is made as of thc 15th day of Sepicmber, 1998 and is cxccuted pursuant to and in accordancc with thc prcviously cxecutcd Mastcr contract bctwccn R. J. Reynolds Tobacco Com""]"
train,10007,10007.png,10007_0,What is the main topic or content discussed in this section?,"This Job Assignment Addcndum is made as of thc 15th day of Sepicmber, 1998 and is cxccuted pursuant to and in accordancc with thc prcviously cxecutcd Mastcr contract bctwccn R....",comprehension,Summarized the main content from the text region.,[0],"[""This Job Assignment Addcndum is made as of thc 15th day of Sepicmber, 1998 and is cxccuted pursuant to and in accordancc with thc prcviously cxecutcd Mastcr contract bctwccn R. J. Reynolds Tobacco Com""]"
train,10008,10008.png,10008_0,What is the main topic or content discussed in this section?,"This Job Assignment Addcndum is made as of thc 15th day of Sepicmber, 1998 and is cxccuted pursuant to and in accordancc with thc prcviously cxecutcd Mastcr contract bctwccn R....",comprehension,Summarized the main content from the text region.,[0],"[""This Job Assignment Addcndum is made as of thc 15th day of Sepicmber, 1998 and is cxccuted pursuant to and in accordancc with thc prcviously cxecutcd Mastcr contract bctwccn R. J. Reynolds Tobacco Com""]"
train,1001,1001.png,1001_0,What is the main topic or content discussed in this section?,"A motion has been filed to add Takeda Pharmaceuticals North America, Inc.and Takeda Pharmaceuticals America, Inc. as defendants in a lawsuit. The plaintiff in this lawsuit seeks damages for personal...",comprehension,Summarized the main content from the text region.,[1],"[""A motion has been filed to add Takeda Pharmaceuticals North America, Inc.and Takeda Pharmaceuticals America, Inc. as defendants in a lawsuit. The plaintiff in this lawsuit seeks damages for personal i""]"
train,10010,10010.png,10010_0,What is the main topic or content discussed in this section?,"This Agreement, effective the 1st of January 1997, is entered into by and between Rogers & Cowan, Inc., a California corporation (""Agency)and R.J. Reynolds Tobacco Company,a New Jersey corporation (""C",comprehension,Summarized the main content from the text region.,[0],"[""This Agreement, effective the 1st of January 1997, is entered into by and between Rogers & Cowan, Inc., a California corporation (\""Agency)and R.J. Reynolds Tobacco Company,a New Jersey corporation (\""C""]"
train,10013,10013.png,10013_0,What is the main topic or content discussed in this section?,"7. Sunoco will not allow supplemental fixtures or displays in any retail store without prior written approval from Sunoco Tobacco Category Manager. Additionally,any damage or claims for injury to prop",comprehension,Summarized the main content from the text region.,[3],"[""7. Sunoco will not allow supplemental fixtures or displays in any retail store without prior written approval from Sunoco Tobacco Category Manager. Additionally,any damage or claims for injury to prop""]"
train,10015,10015.png,10015_0,What is the main topic or content discussed in this section?,"7. Sunoco will not allow supplemental fixtures or displays in any retail store without prior written approval from Sunoco Tobacco Category Manager. Additionally,any damage or claims for injury to prop",comprehension,Summarized the main content from the text region.,[3],"[""7. Sunoco will not allow supplemental fixtures or displays in any retail store without prior written approval from Sunoco Tobacco Category Manager. Additionally,any damage or claims for injury to prop""]"
train,1002,1002.png,1002_0,What is the https?,//www.industrydocuments.ucsf.edu/docs/lzjf0226,lookup,Extracted value for 'https' from form field.,[5],"[""https: //www.industrydocuments.ucsf.edu/docs/lzjf0226""]"
train,10021,10021.png,10021_0,What does the figure show?,S. S. No. or EIN,lookup,Answered using the figure's extracted description text.,[4],"[""S. S. No. or EIN""]"
train,10021,10021.png,10021_1,What is the main topic or content discussed in this section?,R. J. REYNOLDS TOBACCO COMPANY RETAIL PARTNERS MARKETING PLAN CONTRACT - MAXIMIZED PRESENCE PACK OUTLET < 8O% ACV LEVEL 2 - PERMANENT MERCHANDISING / PERMANENT ADVERTISING Request for Taxpayer Identif,comprehension,Summarized the main content from the text region.,[0],"[""R. J. REYNOLDS TOBACCO COMPANY RETAIL PARTNERS MARKETING PLAN CONTRACT - MAXIMIZED PRESENCE PACK OUTLET < 8O% ACV LEVEL 2 - PERMANENT MERCHANDISING / PERMANENT ADVERTISING Request for Taxpayer Identif""]"
train,10023,10023.png,10023_0,What does the figure show?,S. S. No. or EIN,lookup,Answered using the figure's extracted description text.,[4],"[""S. S. No. or EIN""]"
train,10023,10023.png,10023_1,What is the main topic or content discussed in this section?,R. J. REYNOLDS TOBACCO COMPANY RETAIL PARTNERS MARKETING PLAN CONTRACT - MAXIMIZED PRESENCE PACK OUTLET < 8O% ACV LEVEL 2 - PERMANENT MERCHANDISING / PERMANENT ADVERTISING Request for Taxpayer Identif,comprehension,Summarized the main content from the text region.,[0],"[""R. J. REYNOLDS TOBACCO COMPANY RETAIL PARTNERS MARKETING PLAN CONTRACT - MAXIMIZED PRESENCE PACK OUTLET < 8O% ACV LEVEL 2 - PERMANENT MERCHANDISING / PERMANENT ADVERTISING Request for Taxpayer Identif""]"
train,10024,10024.png,10024_0,What does the figure show?,S. S. No. or EIN,lookup,Answered using the figure's extracted description text.,[4],"[""S. S. No. or EIN""]"
train,10024,10024.png,10024_1,What is the main topic or content discussed in this section?,R. J. REYNOLDS TOBACCO COMPANY RETAIL PARTNERS MARKETING PLAN CONTRACT - MAXIMIZED PRESENCE PACK OUTLET < 8O% ACV LEVEL 2 - PERMANENT MERCHANDISING / PERMANENT ADVERTISING Request for Taxpayer Identif,comprehension,Summarized the main content from the text region.,[0],"[""R. J. REYNOLDS TOBACCO COMPANY RETAIL PARTNERS MARKETING PLAN CONTRACT - MAXIMIZED PRESENCE PACK OUTLET < 8O% ACV LEVEL 2 - PERMANENT MERCHANDISING / PERMANENT ADVERTISING Request for Taxpayer Identif""]"
train,10026,10026.png,10026_0,What is the main topic or content discussed in this section?,"This Master Contract is made as of the day of February 22, 1996 between Earle, Palmer Brown (hereinafter ""Supplier"") of Bethesda, Maryland and R. J. Reynolds Tobacco Company (RJRT) of...",comprehension,Summarized the main content from the text region.,[0],"[""This Master Contract is made as of the day of February 22, 1996 between Earle, Palmer Brown (hereinafter \""Supplier\"") of Bethesda, Maryland and R. J. Reynolds Tobacco Company (RJRT) of Winston-Salem, N""]"
train,10027,10027.png,10027_0,What is the main topic or content discussed in this section?,"This Master Contract is made as of the day of February 22, 1996 between Earle, Palmer Brown (hereinafter ""Supplier"") of Bethesda, Maryland and R. J. Reynolds Tobacco Company (RJRT) of...",comprehension,Summarized the main content from the text region.,[0],"[""This Master Contract is made as of the day of February 22, 1996 between Earle, Palmer Brown (hereinafter \""Supplier\"") of Bethesda, Maryland and R. J. Reynolds Tobacco Company (RJRT) of Winston-Salem, N""]"
train,10028,10028.png,10028_0,What is the main topic or content discussed in this section?,"This Master Contract is made as of the day of February 22, 1996 between Earle, Palmer Brown (hereinafter ""Supplier"") of Bethesda, Maryland and R. J. Reynolds Tobacco Company (RJRT) of...",comprehension,Summarized the main content from the text region.,[0],"[""This Master Contract is made as of the day of February 22, 1996 between Earle, Palmer Brown (hereinafter \""Supplier\"") of Bethesda, Maryland and R. J. Reynolds Tobacco Company (RJRT) of Winston-Salem, N""]"
train,1003,1003.png,1003_0,What is the https?,//www.industrydocuments.ucsf.edu/docs/lzjf0226,lookup,Extracted value for 'https' from form field.,[5],"[""https: //www.industrydocuments.ucsf.edu/docs/lzjf0226""]"
train,10033,10033.png,10033_0,What does the figure show?,S.S. No. or EN,lookup,Answered using the figure's extracted description text.,[2],"[""S.S. No. or EN""]"
train,10033,10033.png,10033_1,What is the main topic or content discussed in this section?,"Certification: Under penalties of perjury, I certify that: 1. The number shown above is my correct taxpayer identification number (or I am waiting for a number to be issued to...",comprehension,Summarized the main content from the text region.,[3],"[""Certification: Under penalties of perjury, I certify that: 1. The number shown above is my correct taxpayer identification number (or I am waiting for a number to be issued to me) and 2. I am not subj""]"
train,10034,10034.png,10034_0,What does the figure show?,S.S. No. or EN,lookup,Answered using the figure's extracted description text.,[2],"[""S.S. No. or EN""]"
train,10034,10034.png,10034_1,What is the main topic or content discussed in this section?,"Certification: Under penalties of perjury, I certify that: 1. The number shown above is my correct taxpayer identification number (or I am waiting for a number to be issued to...",comprehension,Summarized the main content from the text region.,[3],"[""Certification: Under penalties of perjury, I certify that: 1. The number shown above is my correct taxpayer identification number (or I am waiting for a number to be issued to me) and 2. I am not subj""]"
train,10036,10036.png,10036_0,What does the figure show?,S.S. No. or EN,lookup,Answered using the figure's extracted description text.,[2],"[""S.S. No. or EN""]"
train,10036,10036.png,10036_1,What is the main topic or content discussed in this section?,"Certification: Under penalties of perjury, I certify that: 1. The number shown above is my correct taxpayer identification number (or I am waiting for a number to be issued to...",comprehension,Summarized the main content from the text region.,[3],"[""Certification: Under penalties of perjury, I certify that: 1. The number shown above is my correct taxpayer identification number (or I am waiting for a number to be issued to me) and 2. I am not subj""]"
train,1004,1004.png,1004_0,What is the https?,//www.industrydocuments.ucsf.edu/docs/lzjf0226,lookup,Extracted value for 'https' from form field.,[5],"[""https: //www.industrydocuments.ucsf.edu/docs/lzjf0226""]"
train,10041,10041.png,10041_0,What is the main topic or content discussed in this section?,RJR Volume = 10O+ Cartons per week. RJR must have Horizontal load on carton and pack fixtures. RJR must have Exclusive Advertising on RJR fixtures. RJR must have no less...,comprehension,Summarized the main content from the text region.,[2],"[""RJR Volume = 10O+ Cartons per week. RJR must have Horizontal load on carton and pack fixtures. RJR must have Exclusive Advertising on RJR fixtures. RJR must have no less than EDLP Parity. If all above""]"
train,10043,10043.png,10043_0,What is the main topic or content discussed in this section?,RJR Volume = 10O+ Cartons per week. RJR must have Horizontal load on carton and pack fixtures. RJR must have Exclusive Advertising on RJR fixtures. RJR must have no less...,comprehension,Summarized the main content from the text region.,[2],"[""RJR Volume = 10O+ Cartons per week. RJR must have Horizontal load on carton and pack fixtures. RJR must have Exclusive Advertising on RJR fixtures. RJR must have no less than EDLP Parity. If all above""]"
train,10045,10045.png,10045_0,What does the figure show?,0 N L D E W W OUTSIDE LINEAR SET W 0 ORLO,lookup,Answered using the figure's extracted description text.,[2],"[""0 N L D E W W OUTSIDE LINEAR SET W 0 ORLO""]"
train,10045,10045.png,10045_1,What are the column headers in the table?,"RJR TOTAL INDUSTRY REQUIRED, 56.00",lookup,The header row contains the table's column names.,[3],"[""RJR TOTAL INDUSTRY REQUIRED | 56.00""]"
train,10045,10045.png,10045_2,How many data rows are in the table (excluding the header)?,0,lookup,Counted the number of non-header rows parsed from the table.,[3],"[""Data rows detected: 0""]"
train,10046,10046.png,10046_0,What does the figure show?,0 N L D E W W OUTSIDE LINEAR SET W 0 ORLO,lookup,Answered using the figure's extracted description text.,[2],"[""0 N L D E W W OUTSIDE LINEAR SET W 0 ORLO""]"
train,10046,10046.png,10046_1,What are the column headers in the table?,"RJR TOTAL INDUSTRY REQUIRED, 56.00",lookup,The header row contains the table's column names.,[3],"[""RJR TOTAL INDUSTRY REQUIRED | 56.00""]"
train,10046,10046.png,10046_2,How many data rows are in the table (excluding the header)?,0,lookup,Counted the number of non-header rows parsed from the table.,[3],"[""Data rows detected: 0""]"
train,10047,10047.png,10047_0,What does the figure show?,0 N L D E W W OUTSIDE LINEAR SET W 0 ORLO,lookup,Answered using the figure's extracted description text.,[2],"[""0 N L D E W W OUTSIDE LINEAR SET W 0 ORLO""]"
train,10047,10047.png,10047_1,What are the column headers in the table?,"RJR TOTAL INDUSTRY REQUIRED, 56.00",lookup,The header row contains the table's column names.,[3],"[""RJR TOTAL INDUSTRY REQUIRED | 56.00""]"
train,10047,10047.png,10047_2,How many data rows are in the table (excluding the header)?,0,lookup,Counted the number of non-header rows parsed from the table.,[3],"[""Data rows detected: 0""]"
train,10048,10048.png,10048_0,What does the figure show?,0 N L D E W W OUTSIDE LINEAR SET W 0 ORLO,lookup,Answered using the figure's extracted description text.,[2],"[""0 N L D E W W OUTSIDE LINEAR SET W 0 ORLO""]"
train,10048,10048.png,10048_1,What are the column headers in the table?,"RJR TOTAL INDUSTRY REQUIRED, 56.00",lookup,The header row contains the table's column names.,[3],"[""RJR TOTAL INDUSTRY REQUIRED | 56.00""]"
train,10048,10048.png,10048_2,How many data rows are in the table (excluding the header)?,0,lookup,Counted the number of non-header rows parsed from the table.,[3],"[""Data rows detected: 0""]"
train,1005,1005.png,1005_0,What is the https?,//www.industrydocuments.ucsf.edu/docs/lzjf0226,lookup,Extracted value for 'https' from form field.,[5],"[""https: //www.industrydocuments.ucsf.edu/docs/lzjf0226""]"
train,10050,10050.png,10050_0,What are the column headers in the table?,"Sole Proprietor's Business Name Or Partnership, Estate, Trust, elc. Address (Number, Stret and Apl. or Suite No.)Z3 UsAR, Address (City, State and Zip Code) Poushkcepsie ny 1263 Certification: Under p",lookup,The header row contains the table's column names.,[4],"[""Sole Proprietor's Business Name Or Partnership, Estate, Trust, elc. Address (Number, Stret and Apl. or Suite No.)Z3 UsAR | Address (City, State and Zip Code) Poushkcepsie ny 1263 Certification: Under p""]"
train,10050,10050.png,10050_1,How many data rows are in the table (excluding the header)?,0,lookup,Counted the number of non-header rows parsed from the table.,[4],"[""Data rows detected: 0""]"
train,10050,10050.png,10050_2,What does the figure show?,Retailer's Signature Title.,lookup,Answered using the figure's extracted description text.,[7],"[""Retailer's Signature Title.""]"
train,10050,10050.png,10050_3,What is the main topic or content discussed in this section?,Request For Taxpayer Identification Number and Certification R. J. Reynolds Tobacco Company must withhold tax at the rate of 31% from payee in conformity with Intemal Revenue Service backup withholdin,comprehension,Summarized the main content from the text region.,[0],"[""Request For Taxpayer Identification Number and Certification R. J. Reynolds Tobacco Company must withhold tax at the rate of 31% from payee in conformity with Intemal Revenue Service backup withholdin""]"
train,10052,10052.png,10052_0,What are the column headers in the table?,"MODE-TRANSMISSION FILE NO.= 540 COM ABBR/NTUK STATION NAME/ TELEPHONE NO., 13367412685",lookup,The header row contains the table's column names.,[0],"[""MODE-TRANSMISSION FILE NO.= 540 COM ABBR/NTUK STATION NAME/ TELEPHONE NO. | 13367412685""]"
train,10052,10052.png,10052_1,How many data rows are in the table (excluding the header)?,0,lookup,Counted the number of non-header rows parsed from the table.,[0],"[""Data rows detected: 0""]"
train,10053,10053.png,10053_0,What are the column headers in the table?,"Sole Proprietor's Business Name Or Partnership, Estate, Trust, elc. Address (Number, Stret and Apl. or Suite No.)Z3 UsAR, Address (City, State and Zip Code) Poushkcepsie ny 1263 Certification: Under p",lookup,The header row contains the table's column names.,[4],"[""Sole Proprietor's Business Name Or Partnership, Estate, Trust, elc. Address (Number, Stret and Apl. or Suite No.)Z3 UsAR | Address (City, State and Zip Code) Poushkcepsie ny 1263 Certification: Under p""]"
train,10053,10053.png,10053_1,How many data rows are in the table (excluding the header)?,0,lookup,Counted the number of non-header rows parsed from the table.,[4],"[""Data rows detected: 0""]"
train,10053,10053.png,10053_2,What does the figure show?,Retailer's Signature Title.,lookup,Answered using the figure's extracted description text.,[7],"[""Retailer's Signature Title.""]"
train,10053,10053.png,10053_3,What is the main topic or content discussed in this section?,Request For Taxpayer Identification Number and Certification R. J. Reynolds Tobacco Company must withhold tax at the rate of 31% from payee in conformity with Intemal Revenue Service backup withholdin,comprehension,Summarized the main content from the text region.,[0],"[""Request For Taxpayer Identification Number and Certification R. J. Reynolds Tobacco Company must withhold tax at the rate of 31% from payee in conformity with Intemal Revenue Service backup withholdin""]"
train,10058,10058.png,10058_0,What does the figure show?,Notes of Interest 333 26 359,lookup,Answered using the figure's extracted description text.,[0],"[""Notes of Interest 333 26 359""]"
train,10058,10058.png,10058_1,What are the column headers in the table?,"12 29 64 12 5 29 1, 1",lookup,The header row contains the table's column names.,[2],"[""12 29 64 12 5 29 1 | 1""]"
train,10058,10058.png,10058_2,How many data rows are in the table (excluding the header)?,0,lookup,Counted the number of non-header rows parsed from the table.,[2],"[""Data rows detected: 0""]"
train,10058,10058.png,10058_3,What is the Session Chair?,"Carl Morrison, Scientific Affairs Symposium",lookup,Extracted value for 'Session Chair' from form field.,[7],"[""Session Chair: Carl Morrison, Scientific Affairs Symposium""]"
train,10058,10058.png,10058_4,What is the Chair?,"Lesie Lewis, Product Development",lookup,Extracted value for 'Chair' from form field.,[7],"[""Chair: Lesie Lewis, Product Development""]"
train,10060,10060.png,10060_0,What does the figure show?,Notes of Interest 333 26 359,lookup,Answered using the figure's extracted description text.,[0],"[""Notes of Interest 333 26 359""]"
train,10060,10060.png,10060_1,What are the column headers in the table?,"12 29 64 12 5 29 1, 1",lookup,The header row contains the table's column names.,[2],"[""12 29 64 12 5 29 1 | 1""]"
train,10060,10060.png,10060_2,How many data rows are in the table (excluding the header)?,0,lookup,Counted the number of non-header rows parsed from the table.,[2],"[""Data rows detected: 0""]"
train,10060,10060.png,10060_3,What is the Session Chair?,"Carl Morrison, Scientific Affairs Symposium",lookup,Extracted value for 'Session Chair' from form field.,[7],"[""Session Chair: Carl Morrison, Scientific Affairs Symposium""]"
train,10060,10060.png,10060_4,What is the Chair?,"Lesie Lewis, Product Development",lookup,Extracted value for 'Chair' from form field.,[7],"[""Chair: Lesie Lewis, Product Development""]"
train,10061,10061.png,10061_0,What does the figure show?,Notes of Interest 333 26 359,lookup,Answered using the figure's extracted description text.,[0],"[""Notes of Interest 333 26 359""]"
train,10061,10061.png,10061_1,What are the column headers in the table?,"12 29 64 12 5 29 1, 1",lookup,The header row contains the table's column names.,[2],"[""12 29 64 12 5 29 1 | 1""]"
train,10061,10061.png,10061_2,How many data rows are in the table (excluding the header)?,0,lookup,Counted the number of non-header rows parsed from the table.,[2],"[""Data rows detected: 0""]"
train,10061,10061.png,10061_3,What is the Session Chair?,"Carl Morrison, Scientific Affairs Symposium",lookup,Extracted value for 'Session Chair' from form field.,[7],"[""Session Chair: Carl Morrison, Scientific Affairs Symposium""]"
train,10061,10061.png,10061_4,What is the Chair?,"Lesie Lewis, Product Development",lookup,Extracted value for 'Chair' from form field.,[7],"[""Chair: Lesie Lewis, Product Development""]"
train,10063,10063.png,10063_0,What does the figure show?,Notes of Interest 333 26 359,lookup,Answered using the figure's extracted description text.,[0],"[""Notes of Interest 333 26 359""]"
train,10063,10063.png,10063_1,What are the column headers in the table?,"12 29 64 12 5 29 1, 1",lookup,The header row contains the table's column names.,[2],"[""12 29 64 12 5 29 1 | 1""]"
train,10063,10063.png,10063_2,How many data rows are in the table (excluding the header)?,0,lookup,Counted the number of non-header rows parsed from the table.,[2],"[""Data rows detected: 0""]"
train,10063,10063.png,10063_3,What is the Session Chair?,"Carl Morrison, Scientific Affairs Symposium",lookup,Extracted value for 'Session Chair' from form field.,[7],"[""Session Chair: Carl Morrison, Scientific Affairs Symposium""]"
train,10063,10063.png,10063_4,What is the Chair?,"Lesie Lewis, Product Development",lookup,Extracted value for 'Chair' from form field.,[7],"[""Chair: Lesie Lewis, Product Development""]"
train,10064,10064.png,10064_0,What does the figure show?,Notes of Interest 333 26 359,lookup,Answered using the figure's extracted description text.,[0],"[""Notes of Interest 333 26 359""]"
train,10064,10064.png,10064_1,What are the column headers in the table?,"12 29 64 12 5 29 1, 1",lookup,The header row contains the table's column names.,[2],"[""12 29 64 12 5 29 1 | 1""]"
train,10064,10064.png,10064_2,How many data rows are in the table (excluding the header)?,0,lookup,Counted the number of non-header rows parsed from the table.,[2],"[""Data rows detected: 0""]"
train,10064,10064.png,10064_3,What is the Session Chair?,"Carl Morrison, Scientific Affairs Symposium",lookup,Extracted value for 'Session Chair' from form field.,[7],"[""Session Chair: Carl Morrison, Scientific Affairs Symposium""]"
train,10064,10064.png,10064_4,What is the Chair?,"Lesie Lewis, Product Development",lookup,Extracted value for 'Chair' from form field.,[7],"[""Chair: Lesie Lewis, Product Development""]"
train,10070,10070.png,10070_0,What are the column headers in the table?,"MODE-TRANSMISSION FILE NO.= 540 COM ABBR/NTUK STATION NAME/ TELEPHONE NO., 13367412685",lookup,The header row contains the table's column names.,[0],"[""MODE-TRANSMISSION FILE NO.= 540 COM ABBR/NTUK STATION NAME/ TELEPHONE NO. | 13367412685""]"
train,10070,10070.png,10070_1,How many data rows are in the table (excluding the header)?,0,lookup,Counted the number of non-header rows parsed from the table.,[0],"[""Data rows detected: 0""]"
train,10079,10079.png,10079_0,What does the figure show?,Corporation Name or Soto Proprietor's Name,lookup,Answered using the figure's extracted description text.,[2],"[""Corporation Name or Soto Proprietor's Name""]"
train,10079,10079.png,10079_1,What are the column headers in the table?,"Store Namo (Pleese Print) 丁P GAS+Mart 281 Altamont Ave Strpet Address Schenectndy, A24",lookup,The header row contains the table's column names.,[6],"[""Store Namo (Pleese Print) 丁P GAS+Mart 281 Altamont Ave Strpet Address Schenectndy | A24""]"
train,10079,10079.png,10079_2,How many data rows are in the table (excluding the header)?,0,lookup,Counted the number of non-header rows parsed from the table.,[6],"[""Data rows detected: 0""]"
train,10079,10079.png,10079_3,What is the main topic or content discussed in this section?,"Addross (City. Statoand Zip Code) Certmicatlon: Under penalties of perjury, I certifythat: 1. The number shown above is my correct taxpayer identification number (or I am waiting for a number...",comprehension,Summarized the main content from the text region.,[3],"[""Addross (City. Statoand Zip Code) Certmicatlon: Under penalties of perjury, I certifythat: 1. The number shown above is my correct taxpayer identification number (or I am waiting for a number to be ls""]"
train,10080,10080.png,10080_0,What does the figure show?,Corporation Name or Soto Proprietor's Name,lookup,Answered using the figure's extracted description text.,[2],"[""Corporation Name or Soto Proprietor's Name""]"
train,10080,10080.png,10080_1,What are the column headers in the table?,"Store Namo (Pleese Print) 丁P GAS+Mart 281 Altamont Ave Strpet Address Schenectndy, A24",lookup,The header row contains the table's column names.,[6],"[""Store Namo (Pleese Print) 丁P GAS+Mart 281 Altamont Ave Strpet Address Schenectndy | A24""]"
train,10080,10080.png,10080_2,How many data rows are in the table (excluding the header)?,0,lookup,Counted the number of non-header rows parsed from the table.,[6],"[""Data rows detected: 0""]"
train,10080,10080.png,10080_3,What is the main topic or content discussed in this section?,"Addross (City. Statoand Zip Code) Certmicatlon: Under penalties of perjury, I certifythat: 1. The number shown above is my correct taxpayer identification number (or I am waiting for a number...",comprehension,Summarized the main content from the text region.,[3],"[""Addross (City. Statoand Zip Code) Certmicatlon: Under penalties of perjury, I certifythat: 1. The number shown above is my correct taxpayer identification number (or I am waiting for a number to be ls""]"
train,10081,10081.png,10081_0,What does the figure show?,Corporation Name or Soto Proprietor's Name,lookup,Answered using the figure's extracted description text.,[2],"[""Corporation Name or Soto Proprietor's Name""]"
train,10081,10081.png,10081_1,What are the column headers in the table?,"Store Namo (Pleese Print) 丁P GAS+Mart 281 Altamont Ave Strpet Address Schenectndy, A24",lookup,The header row contains the table's column names.,[6],"[""Store Namo (Pleese Print) 丁P GAS+Mart 281 Altamont Ave Strpet Address Schenectndy | A24""]"
train,10081,10081.png,10081_2,How many data rows are in the table (excluding the header)?,0,lookup,Counted the number of non-header rows parsed from the table.,[6],"[""Data rows detected: 0""]"
train,10081,10081.png,10081_3,What is the main topic or content discussed in this section?,"Addross (City. Statoand Zip Code) Certmicatlon: Under penalties of perjury, I certifythat: 1. The number shown above is my correct taxpayer identification number (or I am waiting for a number...",comprehension,Summarized the main content from the text region.,[3],"[""Addross (City. Statoand Zip Code) Certmicatlon: Under penalties of perjury, I certifythat: 1. The number shown above is my correct taxpayer identification number (or I am waiting for a number to be ls""]"
train,10082,10082.png,10082_0,What does the figure show?,Corporation Name or Soto Proprietor's Name,lookup,Answered using the figure's extracted description text.,[2],"[""Corporation Name or Soto Proprietor's Name""]"
train,10082,10082.png,10082_1,What are the column headers in the table?,"Store Namo (Pleese Print) 丁P GAS+Mart 281 Altamont Ave Strpet Address Schenectndy, A24",lookup,The header row contains the table's column names.,[6],"[""Store Namo (Pleese Print) 丁P GAS+Mart 281 Altamont Ave Strpet Address Schenectndy | A24""]"
train,10082,10082.png,10082_2,How many data rows are in the table (excluding the header)?,0,lookup,Counted the number of non-header rows parsed from the table.,[6],"[""Data rows detected: 0""]"
train,10082,10082.png,10082_3,What is the main topic or content discussed in this section?,"Addross (City. Statoand Zip Code) Certmicatlon: Under penalties of perjury, I certifythat: 1. The number shown above is my correct taxpayer identification number (or I am waiting for a number...",comprehension,Summarized the main content from the text region.,[3],"[""Addross (City. Statoand Zip Code) Certmicatlon: Under penalties of perjury, I certifythat: 1. The number shown above is my correct taxpayer identification number (or I am waiting for a number to be ls""]"
train,10083,10083.png,10083_0,What is the 9. New Business?,Open discussion for questions or animal care issues.,lookup,Extracted value for '9. New Business' from form field.,[8],"[""9. New Business: Open discussion for questions or animal care issues.""]"
train,10084,10084.png,10084_0,What is the 9. New Business?,Open discussion for questions or animal care issues.,lookup,Extracted value for '9. New Business' from form field.,[8],"[""9. New Business: Open discussion for questions or animal care issues.""]"
train,10085,10085.png,10085_0,What is the 9. New Business?,Open discussion for questions or animal care issues.,lookup,Extracted value for '9. New Business' from form field.,[8],"[""9. New Business: Open discussion for questions or animal care issues.""]"
train,10086,10086.png,10086_0,What is the 9. New Business?,Open discussion for questions or animal care issues.,lookup,Extracted value for '9. New Business' from form field.,[8],"[""9. New Business: Open discussion for questions or animal care issues.""]"
train,10087,10087.png,10087_0,What is the main topic or content discussed in this section?,"R. J. REYNOLDS TOBACCO COMPANY (""Reynolds"") will indemnify and hold harmess wholesale and retail sellers (""Merchants"") of its tobacco products from and against all claims for personal injury andlor pr",comprehension,Summarized the main content from the text region.,[0],"[""R. J. REYNOLDS TOBACCO COMPANY (\""Reynolds\"") will indemnify and hold harmess wholesale and retail sellers (\""Merchants\"") of its tobacco products from and against all claims for personal injury andlor pr""]"
train,10089,10089.png,10089_0,What is the main topic or content discussed in this section?,"R. J. REYNOLDS TOBACCO COMPANY (""Reynolds"") will indemnify and hold harmess wholesale and retail sellers (""Merchants"") of its tobacco products from and against all claims for personal injury andlor pr",comprehension,Summarized the main content from the text region.,[0],"[""R. J. REYNOLDS TOBACCO COMPANY (\""Reynolds\"") will indemnify and hold harmess wholesale and retail sellers (\""Merchants\"") of its tobacco products from and against all claims for personal injury andlor pr""]"
train,10090,10090.png,10090_0,What is the main topic or content discussed in this section?,"R. J. REYNOLDS TOBACCO COMPANY (""Reynolds"") will indemnify and hold harmess wholesale and retail sellers (""Merchants"") of its tobacco products from and against all claims for personal injury andlor pr",comprehension,Summarized the main content from the text region.,[0],"[""R. J. REYNOLDS TOBACCO COMPANY (\""Reynolds\"") will indemnify and hold harmess wholesale and retail sellers (\""Merchants\"") of its tobacco products from and against all claims for personal injury andlor pr""]"
train,10091,10091.png,10091_0,What is the main topic or content discussed in this section?,All works created as a result of the services provided by Supplier hereunder shall be considered works made for hire. In the event that any work does not qualify as...,comprehension,Summarized the main content from the text region.,[1],"[""All works created as a result of the services provided by Supplier hereunder shall be considered works made for hire. In the event that any work does not qualify as a work made for hire, Supplier here""]"
train,10092,10092.png,10092_0,What is the main topic or content discussed in this section?,All works created as a result of the services provided by Supplier hereunder shall be considered works made for hire. In the event that any work does not qualify as...,comprehension,Summarized the main content from the text region.,[1],"[""All works created as a result of the services provided by Supplier hereunder shall be considered works made for hire. In the event that any work does not qualify as a work made for hire, Supplier here""]"
train,10093,10093.png,10093_0,What is the https?,//www.industrydocuments.ucsf.edu/docs/mxbgo023,lookup,Extracted value for 'https' from form field.,[6],"[""https: //www.industrydocuments.ucsf.edu/docs/mxbgo023""]"
train,10093,10093.png,10093_1,What is the main topic or content discussed in this section?,"If there ls a price increase during the eight week introductory period,Forsyth will initiate an appropriate introductory promotion in order that the price change does not effect the launch of...",comprehension,Summarized the main content from the text region.,[0],"[""If there ls a price increase during the eight week introductory period,Forsyth will initiate an appropriate introductory promotion in order that the price change does not effect the launch of Customer""]"
train,10094,10094.png,10094_0,What is the https?,//www.industrydocuments.ucsf.edu/docs/mxbgo023,lookup,Extracted value for 'https' from form field.,[6],"[""https: //www.industrydocuments.ucsf.edu/docs/mxbgo023""]"
train,10094,10094.png,10094_1,What is the main topic or content discussed in this section?,"If there ls a price increase during the eight week introductory period,Forsyth will initiate an appropriate introductory promotion in order that the price change does not effect the launch of...",comprehension,Summarized the main content from the text region.,[0],"[""If there ls a price increase during the eight week introductory period,Forsyth will initiate an appropriate introductory promotion in order that the price change does not effect the launch of Customer""]"
train,10095,10095.png,10095_0,What is the main topic or content discussed in this section?,"Quality Assurance Discussions - Don Marsh Controls - On Line, Off Line at JT and RJR Philosophy at JT and RJR Plans / How to Implement / Strategy at JT...",comprehension,Summarized the main content from the text region.,[3],"[""Quality Assurance Discussions - Don Marsh Controls - On Line, Off Line at JT and RJR Philosophy at JT and RJR Plans / How to Implement / Strategy at JT and RJR""]"
train,10096,10096.png,10096_0,What is the https?,//www.industrydocuments.ucsf.edu/docs/mxbgo023,lookup,Extracted value for 'https' from form field.,[6],"[""https: //www.industrydocuments.ucsf.edu/docs/mxbgo023""]"
train,10096,10096.png,10096_1,What is the main topic or content discussed in this section?,"If there ls a price increase during the eight week introductory period,Forsyth will initiate an appropriate introductory promotion in order that the price change does not effect the launch of...",comprehension,Summarized the main content from the text region.,[0],"[""If there ls a price increase during the eight week introductory period,Forsyth will initiate an appropriate introductory promotion in order that the price change does not effect the launch of Customer""]"
train,10098,10098.png,10098_0,What is the main topic or content discussed in this section?,"Quality Assurance Discussions - Don Marsh Controls - On Line, Off Line at JT and RJR Philosophy at JT and RJR Plans / How to Implement / Strategy at JT...",comprehension,Summarized the main content from the text region.,[3],"[""Quality Assurance Discussions - Don Marsh Controls - On Line, Off Line at JT and RJR Philosophy at JT and RJR Plans / How to Implement / Strategy at JT and RJR""]"
train,10100,10100.png,10100_0,What is the https?,//www.industrydocuments.ucsf.edu/docs/mxbgo023,lookup,Extracted value for 'https' from form field.,[6],"[""https: //www.industrydocuments.ucsf.edu/docs/mxbgo023""]"
train,10100,10100.png,10100_1,What is the main topic or content discussed in this section?,"If there ls a price increase during the eight week introductory period,Forsyth will initiate an appropriate introductory promotion in order that the price change does not effect the launch of...",comprehension,Summarized the main content from the text region.,[0],"[""If there ls a price increase during the eight week introductory period,Forsyth will initiate an appropriate introductory promotion in order that the price change does not effect the launch of Customer""]"
train,10101,10101.png,10101_0,What is the main topic or content discussed in this section?,"Quality Assurance Discussions - Don Marsh Controls - On Line, Off Line at JT and RJR Philosophy at JT and RJR Plans / How to Implement / Strategy at JT...",comprehension,Summarized the main content from the text region.,[3],"[""Quality Assurance Discussions - Don Marsh Controls - On Line, Off Line at JT and RJR Philosophy at JT and RJR Plans / How to Implement / Strategy at JT and RJR""]"
train,10104,10104.png,10104_0,What are the column headers in the table?,"JinMelm yioe PresidentForsyth Tobaccg Products 3 2, 95",lookup,The header row contains the table's column names.,[1],"[""JinMelm yioe PresidentForsyth Tobaccg Products 3 2 | 95""]"
train,10104,10104.png,10104_1,How many data rows are in the table (excluding the header)?,0,lookup,Counted the number of non-header rows parsed from the table.,[1],"[""Data rows detected: 0""]"
train,10106,10106.png,10106_0,What are the column headers in the table?,"JinMelm yioe PresidentForsyth Tobaccg Products 3 2, 95",lookup,The header row contains the table's column names.,[1],"[""JinMelm yioe PresidentForsyth Tobaccg Products 3 2 | 95""]"
train,10106,10106.png,10106_1,How many data rows are in the table (excluding the header)?,0,lookup,Counted the number of non-header rows parsed from the table.,[1],"[""Data rows detected: 0""]"
train,10108,10108.png,10108_0,What are the column headers in the table?,"JinMelm yioe PresidentForsyth Tobaccg Products 3 2, 95",lookup,The header row contains the table's column names.,[1],"[""JinMelm yioe PresidentForsyth Tobaccg Products 3 2 | 95""]"
train,10108,10108.png,10108_1,How many data rows are in the table (excluding the header)?,0,lookup,Counted the number of non-header rows parsed from the table.,[1],"[""Data rows detected: 0""]"
train,10111,10111.png,10111_0,What are the column headers in the table?,"New York Banquet Waldorf=Astoria Hotel 301 Park Avenue New York, New York (212), 355-3000",lookup,The header row contains the table's column names.,[0],"[""New York Banquet Waldorf=Astoria Hotel 301 Park Avenue New York, New York (212) | 355-3000""]"
train,10111,10111.png,10111_1,How many data rows are in the table (excluding the header)?,0,lookup,Counted the number of non-header rows parsed from the table.,[0],"[""Data rows detected: 0""]"
train,10112,10112.png,10112_0,What are the column headers in the table?,"New York Banquet Waldorf=Astoria Hotel 301 Park Avenue New York, New York (212), 355-3000",lookup,The header row contains the table's column names.,[0],"[""New York Banquet Waldorf=Astoria Hotel 301 Park Avenue New York, New York (212) | 355-3000""]"
train,10112,10112.png,10112_1,How many data rows are in the table (excluding the header)?,0,lookup,Counted the number of non-header rows parsed from the table.,[0],"[""Data rows detected: 0""]"
train,10121,10121.png,10121_0,What does the figure show?,is correct by each direct account now we need an N92 report. On 1/27/97 Sharon Reid advised that thls function is not 51982 5484,lookup,Answered using the figure's extracted description text.,[5],"[""is correct by each direct account now we need an N92 report. On 1/27/97 Sharon Reid advised that thls function is not 51982 5484""]"
train,10122,10122.png,10122_0,What does the figure show?,is correct by each direct account now we need an N92 report. On 1/27/97 Sharon Reid advised that thls function is not 51982 5484,lookup,Answered using the figure's extracted description text.,[5],"[""is correct by each direct account now we need an N92 report. On 1/27/97 Sharon Reid advised that thls function is not 51982 5484""]"
train,10126,10126.png,10126_0,What is the To?,"Sharon Dawson,",lookup,Extracted value for 'To' from form field.,[0],"[""To: Sharon Dawson,""]"
train,10126,10126.png,10126_1,What is the RJR From?,"Melissa Andrews, TBM7",lookup,Extracted value for 'RJR From' from form field.,[0],"[""RJR From: Melissa Andrews, TBM7""]"
train,10126,10126.png,10126_2,What is the Date?,04/03/96,lookup,Extracted value for 'Date' from form field.,[0],"[""Date: 04/03/96""]"
train,10126,10126.png,10126_3,What is the WINSTON Title?,Project MM Non-MS Test #1 Remail Solicitation,lookup,Extracted value for 'WINSTON Title' from form field.,[1],"[""WINSTON Title: Project MM Non-MS Test #1 Remail Solicitation""]"
train,10126,10126.png,10126_4,What is the Description?,This is a remail sol for 12 packs of Winston MM,lookup,Extracted value for 'Description' from form field.,[1],"[""Description: This is a remail sol for 12 packs of Winston MM""]"
train,10126,10126.png,10126_5,"What is the 6,000 Est. Response %?",75%,lookup,"Extracted value for '6,000 Est. Response %' from form field.",[3],"[""6,000 Est. Response %: 75%""]"
train,10126,10126.png,10126_6,What does the figure show?,"6,000 Est. Response %: 75%",lookup,Answered using the figure's extracted description text.,[4],"[""6,000 Est. Response %: 75%""]"
train,10127,10127.png,10127_0,What is the To?,"Sharon Dawson,",lookup,Extracted value for 'To' from form field.,[0],"[""To: Sharon Dawson,""]"
train,10127,10127.png,10127_1,What is the RJR From?,"Melissa Andrews, TBM7",lookup,Extracted value for 'RJR From' from form field.,[0],"[""RJR From: Melissa Andrews, TBM7""]"
train,10127,10127.png,10127_2,What is the Date?,04/03/96,lookup,Extracted value for 'Date' from form field.,[0],"[""Date: 04/03/96""]"
train,10127,10127.png,10127_3,What is the WINSTON Title?,Project MM Non-MS Test #1 Remail Solicitation,lookup,Extracted value for 'WINSTON Title' from form field.,[1],"[""WINSTON Title: Project MM Non-MS Test #1 Remail Solicitation""]"
train,10127,10127.png,10127_4,What is the Description?,This is a remail sol for 12 packs of Winston MM,lookup,Extracted value for 'Description' from form field.,[1],"[""Description: This is a remail sol for 12 packs of Winston MM""]"
train,10127,10127.png,10127_5,"What is the 6,000 Est. Response %?",75%,lookup,"Extracted value for '6,000 Est. Response %' from form field.",[3],"[""6,000 Est. Response %: 75%""]"
train,10127,10127.png,10127_6,What does the figure show?,"6,000 Est. Response %: 75%",lookup,Answered using the figure's extracted description text.,[4],"[""6,000 Est. Response %: 75%""]"
train,10128,10128.png,10128_0,What is the To?,"Sharon Dawson,",lookup,Extracted value for 'To' from form field.,[0],"[""To: Sharon Dawson,""]"
train,10128,10128.png,10128_1,What is the RJR From?,"Melissa Andrews, TBM7",lookup,Extracted value for 'RJR From' from form field.,[0],"[""RJR From: Melissa Andrews, TBM7""]"
train,10128,10128.png,10128_2,What is the Date?,04/03/96,lookup,Extracted value for 'Date' from form field.,[0],"[""Date: 04/03/96""]"
train,10128,10128.png,10128_3,What is the WINSTON Title?,Project MM Non-MS Test #1 Remail Solicitation,lookup,Extracted value for 'WINSTON Title' from form field.,[1],"[""WINSTON Title: Project MM Non-MS Test #1 Remail Solicitation""]"
train,10128,10128.png,10128_4,What is the Description?,This is a remail sol for 12 packs of Winston MM,lookup,Extracted value for 'Description' from form field.,[1],"[""Description: This is a remail sol for 12 packs of Winston MM""]"
train,10128,10128.png,10128_5,"What is the 6,000 Est. Response %?",75%,lookup,"Extracted value for '6,000 Est. Response %' from form field.",[3],"[""6,000 Est. Response %: 75%""]"
train,10128,10128.png,10128_6,What does the figure show?,"6,000 Est. Response %: 75%",lookup,Answered using the figure's extracted description text.,[4],"[""6,000 Est. Response %: 75%""]"
train,10129,10129.png,10129_0,What is the To?,"Sharon Dawson,",lookup,Extracted value for 'To' from form field.,[0],"[""To: Sharon Dawson,""]"
train,10129,10129.png,10129_1,What is the RJR From?,"Melissa Andrews, TBM7",lookup,Extracted value for 'RJR From' from form field.,[0],"[""RJR From: Melissa Andrews, TBM7""]"
train,10129,10129.png,10129_2,What is the Date?,04/03/96,lookup,Extracted value for 'Date' from form field.,[0],"[""Date: 04/03/96""]"
train,10129,10129.png,10129_3,What is the WINSTON Title?,Project MM Non-MS Test #1 Remail Solicitation,lookup,Extracted value for 'WINSTON Title' from form field.,[1],"[""WINSTON Title: Project MM Non-MS Test #1 Remail Solicitation""]"
train,10129,10129.png,10129_4,What is the Description?,This is a remail sol for 12 packs of Winston MM,lookup,Extracted value for 'Description' from form field.,[1],"[""Description: This is a remail sol for 12 packs of Winston MM""]"
train,10129,10129.png,10129_5,"What is the 6,000 Est. Response %?",75%,lookup,"Extracted value for '6,000 Est. Response %' from form field.",[3],"[""6,000 Est. Response %: 75%""]"
train,10129,10129.png,10129_6,What does the figure show?,"6,000 Est. Response %: 75%",lookup,Answered using the figure's extracted description text.,[4],"[""6,000 Est. Response %: 75%""]"
train,10130,10130.png,10130_0,What is the To?,"Sharon Dawson,",lookup,Extracted value for 'To' from form field.,[0],"[""To: Sharon Dawson,""]"
train,10130,10130.png,10130_1,What is the RJR From?,"Melissa Andrews, TBM7",lookup,Extracted value for 'RJR From' from form field.,[0],"[""RJR From: Melissa Andrews, TBM7""]"
train,10130,10130.png,10130_2,What is the Date?,04/03/96,lookup,Extracted value for 'Date' from form field.,[0],"[""Date: 04/03/96""]"
train,10130,10130.png,10130_3,What is the WINSTON Title?,Project MM Non-MS Test #1 Remail Solicitation,lookup,Extracted value for 'WINSTON Title' from form field.,[1],"[""WINSTON Title: Project MM Non-MS Test #1 Remail Solicitation""]"
train,10130,10130.png,10130_4,What is the Description?,This is a remail sol for 12 packs of Winston MM,lookup,Extracted value for 'Description' from form field.,[1],"[""Description: This is a remail sol for 12 packs of Winston MM""]"
train,10130,10130.png,10130_5,"What is the 6,000 Est. Response %?",75%,lookup,"Extracted value for '6,000 Est. Response %' from form field.",[3],"[""6,000 Est. Response %: 75%""]"
train,10130,10130.png,10130_6,What does the figure show?,"6,000 Est. Response %: 75%",lookup,Answered using the figure's extracted description text.,[4],"[""6,000 Est. Response %: 75%""]"
train,10131,10131.png,10131_0,What is the To?,"Sharon Dawson,",lookup,Extracted value for 'To' from form field.,[0],"[""To: Sharon Dawson,""]"
train,10131,10131.png,10131_1,What is the RJR From?,"Melissa Andrews, TBM7",lookup,Extracted value for 'RJR From' from form field.,[0],"[""RJR From: Melissa Andrews, TBM7""]"
train,10131,10131.png,10131_2,What is the Date?,04/03/96,lookup,Extracted value for 'Date' from form field.,[0],"[""Date: 04/03/96""]"
train,10131,10131.png,10131_3,What is the WINSTON Title?,Project MM Non-MS Test #1 Remail Solicitation,lookup,Extracted value for 'WINSTON Title' from form field.,[1],"[""WINSTON Title: Project MM Non-MS Test #1 Remail Solicitation""]"
train,10131,10131.png,10131_4,What is the Description?,This is a remail sol for 12 packs of Winston MM,lookup,Extracted value for 'Description' from form field.,[1],"[""Description: This is a remail sol for 12 packs of Winston MM""]"
train,10131,10131.png,10131_5,"What is the 6,000 Est. Response %?",75%,lookup,"Extracted value for '6,000 Est. Response %' from form field.",[3],"[""6,000 Est. Response %: 75%""]"
train,10131,10131.png,10131_6,What does the figure show?,"6,000 Est. Response %: 75%",lookup,Answered using the figure's extracted description text.,[4],"[""6,000 Est. Response %: 75%""]"
train,10132,10132.png,10132_0,What are the column headers in the table?,"BEST VALUE NF 85 FF 85 FF 100 LT 85 LT 100 FFM85 FFM100 LTM85 LT M 100 UL85, UL100",lookup,The header row contains the table's column names.,[4],"[""BEST VALUE NF 85 FF 85 FF 100 LT 85 LT 100 FFM85 FFM100 LTM85 LT M 100 UL85 | UL100""]"
train,10132,10132.png,10132_1,How many data rows are in the table (excluding the header)?,0,lookup,Counted the number of non-header rows parsed from the table.,[4],"[""Data rows detected: 0""]"
train,10133,10133.png,10133_0,What are the column headers in the table?,"BEST VALUE NF 85 FF 85 FF 100 LT 85 LT 100 FFM85 FFM100 LTM85 LT M 100 UL85, UL100",lookup,The header row contains the table's column names.,[4],"[""BEST VALUE NF 85 FF 85 FF 100 LT 85 LT 100 FFM85 FFM100 LTM85 LT M 100 UL85 | UL100""]"
train,10133,10133.png,10133_1,How many data rows are in the table (excluding the header)?,0,lookup,Counted the number of non-header rows parsed from the table.,[4],"[""Data rows detected: 0""]"
train,10134,10134.png,10134_0,What are the column headers in the table?,"BEST VALUE NF 85 FF 85 FF 100 LT 85 LT 100 FFM85 FFM100 LTM85 LT M 100 UL85, UL100",lookup,The header row contains the table's column names.,[4],"[""BEST VALUE NF 85 FF 85 FF 100 LT 85 LT 100 FFM85 FFM100 LTM85 LT M 100 UL85 | UL100""]"
train,10134,10134.png,10134_1,How many data rows are in the table (excluding the header)?,0,lookup,Counted the number of non-header rows parsed from the table.,[4],"[""Data rows detected: 0""]"
train,10136,10136.png,10136_0,What are the column headers in the table?,"BEST VALUE NF 85 FF 85 FF 100 LT 85 LT 100 FFM85 FFM100 LTM85 LT M 100 UL85, UL100",lookup,The header row contains the table's column names.,[4],"[""BEST VALUE NF 85 FF 85 FF 100 LT 85 LT 100 FFM85 FFM100 LTM85 LT M 100 UL85 | UL100""]"
train,10136,10136.png,10136_1,How many data rows are in the table (excluding the header)?,0,lookup,Counted the number of non-header rows parsed from the table.,[4],"[""Data rows detected: 0""]"
train,10137,10137.png,10137_0,What are the column headers in the table?,"BEST VALUE NF 85 FF 85 FF 100 LT 85 LT 100 FFM85 FFM100 LTM85 LT M 100 UL85, UL100",lookup,The header row contains the table's column names.,[4],"[""BEST VALUE NF 85 FF 85 FF 100 LT 85 LT 100 FFM85 FFM100 LTM85 LT M 100 UL85 | UL100""]"
train,10137,10137.png,10137_1,How many data rows are in the table (excluding the header)?,0,lookup,Counted the number of non-header rows parsed from the table.,[4],"[""Data rows detected: 0""]"
train,10138,10138.png,10138_0,What are the column headers in the table?,"BEST VALUE NF 85 FF 85 FF 100 LT 85 LT 100 FFM85 FFM100 LTM85 LT M 100 UL85, UL100",lookup,The header row contains the table's column names.,[4],"[""BEST VALUE NF 85 FF 85 FF 100 LT 85 LT 100 FFM85 FFM100 LTM85 LT M 100 UL85 | UL100""]"
train,10138,10138.png,10138_1,How many data rows are in the table (excluding the header)?,0,lookup,Counted the number of non-header rows parsed from the table.,[4],"[""Data rows detected: 0""]"
train,10147,10147.png,10147_0,What is the main topic or content discussed in this section?,"Schindler, BlixtFolan,Beasley, BurgerLapiejko(need to get right order) -- Microphones in front of each person at dais Folan on dais needs headset (on separate channel) with long cord, to communicate w",comprehension,Summarized the main content from the text region.,[1],"[""Schindler, BlixtFolan,Beasley, BurgerLapiejko(need to get right order) -- Microphones in front of each person at dais Folan on dais needs headset (on separate channel) with long cord, to communicate w""]"
train,10152,10152.png,10152_0,What is the main topic or content discussed in this section?,RJR Wants: To manufacture the Tourney brand; gain 6.3 million profitable cartons/year. > EMRO to maintain the current industry approach as to merchandising contracts vs. a PM exclusivity contract. >...,comprehension,Summarized the main content from the text region.,[1],"[""RJR Wants: To manufacture the Tourney brand; gain 6.3 million profitable cartons/year. > EMRO to maintain the current industry approach as to merchandising contracts vs. a PM exclusivity contract. > E""]"
train,10154,10154.png,10154_0,What is the main topic or content discussed in this section?,RJR Wants: To manufacture the Tourney brand; gain 6.3 million profitable cartons/year. > EMRO to maintain the current industry approach as to merchandising contracts vs. a PM exclusivity contract. >...,comprehension,Summarized the main content from the text region.,[1],"[""RJR Wants: To manufacture the Tourney brand; gain 6.3 million profitable cartons/year. > EMRO to maintain the current industry approach as to merchandising contracts vs. a PM exclusivity contract. > E""]"
train,10156,10156.png,10156_0,What is the main topic or content discussed in this section?,OCTOBER 2002 1 Visit Camel Brand Days display and enter employee contest. 2 3 Holiday crafts sale- SECCA Santa- to begin at local art center. Sale sponsored in part through...,comprehension,Summarized the main content from the text region.,[0],"[""OCTOBER 2002 1 Visit Camel Brand Days display and enter employee contest. 2 3 Holiday crafts sale- SECCA Santa- to begin at local art center. Sale sponsored in part through my donations to the Winston""]"
train,10157,10157.png,10157_0,What is the main topic or content discussed in this section?,OCTOBER 2002 1 Visit Camel Brand Days display and enter employee contest. 2 3 Holiday crafts sale- SECCA Santa- to begin at local art center. Sale sponsored in part through...,comprehension,Summarized the main content from the text region.,[0],"[""OCTOBER 2002 1 Visit Camel Brand Days display and enter employee contest. 2 3 Holiday crafts sale- SECCA Santa- to begin at local art center. Sale sponsored in part through my donations to the Winston""]"
train,10158,10158.png,10158_0,What is the main topic or content discussed in this section?,"Schindler, BlixtFolan,Beasley, BurgerLapiejko(need to get right order) -- Microphones in front of each person at dais Folan on dais needs headset (on separate channel) with long cord, to communicate w",comprehension,Summarized the main content from the text region.,[1],"[""Schindler, BlixtFolan,Beasley, BurgerLapiejko(need to get right order) -- Microphones in front of each person at dais Folan on dais needs headset (on separate channel) with long cord, to communicate w""]"
train,10161,10161.png,10161_0,What is the main topic or content discussed in this section?,"The following list contains Brands Business Unit and PAC approvals that have occurred since the last PAC meeting. If you are interested in these approvals being reviewed, please contact Melanie...",comprehension,Summarized the main content from the text region.,[0],"[""The following list contains Brands Business Unit and PAC approvals that have occurred since the last PAC meeting. If you are interested in these approvals being reviewed, please contact Melanie Steven""]"
train,10168,10168.png,10168_0,What is the main topic or content discussed in this section?,This Change Authorization authorizes IBM to transition from Phase 1 to Phasc 2 and cxpands thc scopc of the Statcment of Work to includc Phasc 2 function and responsibilities as...,comprehension,Summarized the main content from the text region.,[2],"[""This Change Authorization authorizes IBM to transition from Phase 1 to Phasc 2 and cxpands thc scopc of the Statcment of Work to includc Phasc 2 function and responsibilities as defined in this docume""]"
train,10169,10169.png,10169_0,What is the main topic or content discussed in this section?,This Change Authorization authorizes IBM to transition from Phase 1 to Phasc 2 and cxpands thc scopc of the Statcment of Work to includc Phasc 2 function and responsibilities as...,comprehension,Summarized the main content from the text region.,[2],"[""This Change Authorization authorizes IBM to transition from Phase 1 to Phasc 2 and cxpands thc scopc of the Statcment of Work to includc Phasc 2 function and responsibilities as defined in this docume""]"
train,10170,10170.png,10170_0,What is the main topic or content discussed in this section?,This Change Authorization authorizes IBM to transition from Phase 1 to Phasc 2 and cxpands thc scopc of the Statcment of Work to includc Phasc 2 function and responsibilities as...,comprehension,Summarized the main content from the text region.,[2],"[""This Change Authorization authorizes IBM to transition from Phase 1 to Phasc 2 and cxpands thc scopc of the Statcment of Work to includc Phasc 2 function and responsibilities as defined in this docume""]"
train,10171,10171.png,10171_0,What is the main topic or content discussed in this section?,This Change Authorization authorizes IBM to transition from Phase 1 to Phasc 2 and cxpands thc scopc of the Statcment of Work to includc Phasc 2 function and responsibilities as...,comprehension,Summarized the main content from the text region.,[2],"[""This Change Authorization authorizes IBM to transition from Phase 1 to Phasc 2 and cxpands thc scopc of the Statcment of Work to includc Phasc 2 function and responsibilities as defined in this docume""]"
train,10175,10175.png,10175_0,What is the main topic or content discussed in this section?,• Review Winston Launch and how it plays a critical role with RJR achieving our 1997 Goals and Objectives Discuss the crucial role each of you have in achieving our...,comprehension,Summarized the main content from the text region.,[1],"[""• Review Winston Launch and how it plays a critical role with RJR achieving our 1997 Goals and Objectives Discuss the crucial role each of you have in achieving our objectives""]"
train,10176,10176.png,10176_0,What is the main topic or content discussed in this section?,• Review Winston Launch and how it plays a critical role with RJR achieving our 1997 Goals and Objectives Discuss the crucial role each of you have in achieving our...,comprehension,Summarized the main content from the text region.,[1],"[""• Review Winston Launch and how it plays a critical role with RJR achieving our 1997 Goals and Objectives Discuss the crucial role each of you have in achieving our objectives""]"
train,10177,10177.png,10177_0,What is the main topic or content discussed in this section?,• Review Winston Launch and how it plays a critical role with RJR achieving our 1997 Goals and Objectives Discuss the crucial role each of you have in achieving our...,comprehension,Summarized the main content from the text region.,[1],"[""• Review Winston Launch and how it plays a critical role with RJR achieving our 1997 Goals and Objectives Discuss the crucial role each of you have in achieving our objectives""]"
train,10184,10184.png,10184_0,What is the 08/26/99 THU 15?,39,lookup,Extracted value for '08/26/99 THU 15' from form field.,[0],"[""08/26/99 THU 15: 39""]"
train,10184,10184.png,10184_1,What are the column headers in the table?,"M.A.BELNIAK KEY ACCOUNT MANAGER Suite 203 1500 W. Park Drive Westboro, MA, 01581",lookup,The header row contains the table's column names.,[1],"[""M.A.BELNIAK KEY ACCOUNT MANAGER Suite 203 1500 W. Park Drive Westboro, MA | 01581""]"
train,10184,10184.png,10184_2,How many data rows are in the table (excluding the header)?,0,lookup,Counted the number of non-header rows parsed from the table.,[1],"[""Data rows detected: 0""]"
train,10184,10184.png,10184_3,What is the PH?,508/870-2211,lookup,Extracted value for 'PH' from form field.,[2],"[""PH: 508/870-2211""]"
train,10184,10184.png,10184_4,What is the Fax?,508/870-0732,lookup,Extracted value for 'Fax' from form field.,[2],"[""Fax: 508/870-0732""]"
train,10184,10184.png,10184_5,What is the ROU's?,"1110,1210 For",lookup,Extracted value for 'ROU's' from form field.,[3],"[""ROU's: 1110,1210 For""]"
train,10184,10184.png,10184_6,What is the Dissemination to?,All Retail Reps with Stop & Shop Supermarkets,lookup,Extracted value for 'Dissemination to' from form field.,[3],"[""Dissemination to: All Retail Reps with Stop & Shop Supermarkets""]"
train,10185,10185.png,10185_0,What is the 08/26/99 THU 15?,39,lookup,Extracted value for '08/26/99 THU 15' from form field.,[0],"[""08/26/99 THU 15: 39""]"
train,10185,10185.png,10185_1,What are the column headers in the table?,"M.A.BELNIAK KEY ACCOUNT MANAGER Suite 203 1500 W. Park Drive Westboro, MA, 01581",lookup,The header row contains the table's column names.,[1],"[""M.A.BELNIAK KEY ACCOUNT MANAGER Suite 203 1500 W. Park Drive Westboro, MA | 01581""]"
train,10185,10185.png,10185_2,How many data rows are in the table (excluding the header)?,0,lookup,Counted the number of non-header rows parsed from the table.,[1],"[""Data rows detected: 0""]"
train,10185,10185.png,10185_3,What is the PH?,508/870-2211,lookup,Extracted value for 'PH' from form field.,[2],"[""PH: 508/870-2211""]"
train,10185,10185.png,10185_4,What is the Fax?,508/870-0732,lookup,Extracted value for 'Fax' from form field.,[2],"[""Fax: 508/870-0732""]"
train,10185,10185.png,10185_5,What is the ROU's?,"1110,1210 For",lookup,Extracted value for 'ROU's' from form field.,[3],"[""ROU's: 1110,1210 For""]"
train,10185,10185.png,10185_6,What is the Dissemination to?,All Retail Reps with Stop & Shop Supermarkets,lookup,Extracted value for 'Dissemination to' from form field.,[3],"[""Dissemination to: All Retail Reps with Stop & Shop Supermarkets""]"
train,10187,10187.png,10187_0,What is the 08/26/99 THU 15?,39,lookup,Extracted value for '08/26/99 THU 15' from form field.,[0],"[""08/26/99 THU 15: 39""]"
train,10187,10187.png,10187_1,What are the column headers in the table?,"M.A.BELNIAK KEY ACCOUNT MANAGER Suite 203 1500 W. Park Drive Westboro, MA, 01581",lookup,The header row contains the table's column names.,[1],"[""M.A.BELNIAK KEY ACCOUNT MANAGER Suite 203 1500 W. Park Drive Westboro, MA | 01581""]"
train,10187,10187.png,10187_2,How many data rows are in the table (excluding the header)?,0,lookup,Counted the number of non-header rows parsed from the table.,[1],"[""Data rows detected: 0""]"
train,10187,10187.png,10187_3,What is the PH?,508/870-2211,lookup,Extracted value for 'PH' from form field.,[2],"[""PH: 508/870-2211""]"
train,10187,10187.png,10187_4,What is the Fax?,508/870-0732,lookup,Extracted value for 'Fax' from form field.,[2],"[""Fax: 508/870-0732""]"
train,10187,10187.png,10187_5,What is the ROU's?,"1110,1210 For",lookup,Extracted value for 'ROU's' from form field.,[3],"[""ROU's: 1110,1210 For""]"
train,10187,10187.png,10187_6,What is the Dissemination to?,All Retail Reps with Stop & Shop Supermarkets,lookup,Extracted value for 'Dissemination to' from form field.,[3],"[""Dissemination to: All Retail Reps with Stop & Shop Supermarkets""]"
train,10188,10188.png,10188_0,What is the 08/26/99 THU 15?,39,lookup,Extracted value for '08/26/99 THU 15' from form field.,[0],"[""08/26/99 THU 15: 39""]"
train,10188,10188.png,10188_1,What are the column headers in the table?,"M.A.BELNIAK KEY ACCOUNT MANAGER Suite 203 1500 W. Park Drive Westboro, MA, 01581",lookup,The header row contains the table's column names.,[1],"[""M.A.BELNIAK KEY ACCOUNT MANAGER Suite 203 1500 W. Park Drive Westboro, MA | 01581""]"
train,10188,10188.png,10188_2,How many data rows are in the table (excluding the header)?,0,lookup,Counted the number of non-header rows parsed from the table.,[1],"[""Data rows detected: 0""]"
train,10188,10188.png,10188_3,What is the PH?,508/870-2211,lookup,Extracted value for 'PH' from form field.,[2],"[""PH: 508/870-2211""]"
train,10188,10188.png,10188_4,What is the Fax?,508/870-0732,lookup,Extracted value for 'Fax' from form field.,[2],"[""Fax: 508/870-0732""]"
train,10188,10188.png,10188_5,What is the ROU's?,"1110,1210 For",lookup,Extracted value for 'ROU's' from form field.,[3],"[""ROU's: 1110,1210 For""]"
train,10188,10188.png,10188_6,What is the Dissemination to?,All Retail Reps with Stop & Shop Supermarkets,lookup,Extracted value for 'Dissemination to' from form field.,[3],"[""Dissemination to: All Retail Reps with Stop & Shop Supermarkets""]"
train,10189,10189.png,10189_0,What is the 08/26/99 THU 15?,39,lookup,Extracted value for '08/26/99 THU 15' from form field.,[0],"[""08/26/99 THU 15: 39""]"
train,10189,10189.png,10189_1,What are the column headers in the table?,"M.A.BELNIAK KEY ACCOUNT MANAGER Suite 203 1500 W. Park Drive Westboro, MA, 01581",lookup,The header row contains the table's column names.,[1],"[""M.A.BELNIAK KEY ACCOUNT MANAGER Suite 203 1500 W. Park Drive Westboro, MA | 01581""]"
train,10189,10189.png,10189_2,How many data rows are in the table (excluding the header)?,0,lookup,Counted the number of non-header rows parsed from the table.,[1],"[""Data rows detected: 0""]"
train,10189,10189.png,10189_3,What is the PH?,508/870-2211,lookup,Extracted value for 'PH' from form field.,[2],"[""PH: 508/870-2211""]"
train,10189,10189.png,10189_4,What is the Fax?,508/870-0732,lookup,Extracted value for 'Fax' from form field.,[2],"[""Fax: 508/870-0732""]"
train,10189,10189.png,10189_5,What is the ROU's?,"1110,1210 For",lookup,Extracted value for 'ROU's' from form field.,[3],"[""ROU's: 1110,1210 For""]"
train,10189,10189.png,10189_6,What is the Dissemination to?,All Retail Reps with Stop & Shop Supermarkets,lookup,Extracted value for 'Dissemination to' from form field.,[3],"[""Dissemination to: All Retail Reps with Stop & Shop Supermarkets""]"
train,10193,10193.png,10193_0,What are the column headers in the table?,"System WCNV Conversian Program 6000 Program Group 2000 Source, 30",lookup,The header row contains the table's column names.,[0],"[""System WCNV Conversian Program 6000 Program Group 2000 Source | 30""]"
train,10193,10193.png,10193_1,How many data rows are in the table (excluding the header)?,0,lookup,Counted the number of non-header rows parsed from the table.,[0],"[""Data rows detected: 0""]"
train,10196,10196.png,10196_0,What does the figure show?,Royal Majestic Coach transports back to hotel,lookup,Answered using the figure's extracted description text.,[4],"[""Royal Majestic Coach transports back to hotel""]"
train,10197,10197.png,10197_0,What does the figure show?,Royal Majestic Coach transports back to hotel,lookup,Answered using the figure's extracted description text.,[4],"[""Royal Majestic Coach transports back to hotel""]"
train,10198,10198.png,10198_0,What does the figure show?,Royal Majestic Coach transports back to hotel,lookup,Answered using the figure's extracted description text.,[4],"[""Royal Majestic Coach transports back to hotel""]"
train,10199,10199.png,10199_0,What are the column headers in the table?,"System WCNV Conversian Program 6000 Program Group 2000 Source, 30",lookup,The header row contains the table's column names.,[0],"[""System WCNV Conversian Program 6000 Program Group 2000 Source | 30""]"
train,10199,10199.png,10199_1,How many data rows are in the table (excluding the header)?,0,lookup,Counted the number of non-header rows parsed from the table.,[0],"[""Data rows detected: 0""]"
train,10200,10200.png,10200_0,What does the figure show?,Royal Majestic Coach transports back to hotel,lookup,Answered using the figure's extracted description text.,[4],"[""Royal Majestic Coach transports back to hotel""]"
train,10202,10202.png,10202_0,What are the column headers in the table?,"DONNA KAY YORAC COMM.1033900 Notary Pubic - Coffornia LOS ANGELESCOUNTY My Comm. Expires JUL, 31,1998",lookup,The header row contains the table's column names.,[3],"[""DONNA KAY YORAC COMM.1033900 Notary Pubic - Coffornia LOS ANGELESCOUNTY My Comm. Expires JUL | 31,1998""]"
train,10202,10202.png,10202_1,How many data rows are in the table (excluding the header)?,0,lookup,Counted the number of non-header rows parsed from the table.,[3],"[""Data rows detected: 0""]"
train,10202,10202.png,10202_2,What is the main topic or content discussed in this section?,personally known to me - OR-proved to me on tho basis of satisfactory ovidence to be the person(e) whose namets) islane subscribed to the within instrument and ac- knowledged to...,comprehension,Summarized the main content from the text region.,[1],"[""personally known to me - OR-proved to me on tho basis of satisfactory ovidence to be the person(e) whose namets) islane subscribed to the within instrument and ac- knowledged to me that he/she/tbey ex""]"
train,10208,10208.png,10208_0,What are the column headers in the table?,"DONNA KAY YORAC COMM.1033900 Notary Pubic - Coffornia LOS ANGELESCOUNTY My Comm. Expires JUL, 31,1998",lookup,The header row contains the table's column names.,[3],"[""DONNA KAY YORAC COMM.1033900 Notary Pubic - Coffornia LOS ANGELESCOUNTY My Comm. Expires JUL | 31,1998""]"
train,10208,10208.png,10208_1,How many data rows are in the table (excluding the header)?,0,lookup,Counted the number of non-header rows parsed from the table.,[3],"[""Data rows detected: 0""]"
train,10208,10208.png,10208_2,What is the main topic or content discussed in this section?,personally known to me - OR-proved to me on tho basis of satisfactory ovidence to be the person(e) whose namets) islane subscribed to the within instrument and ac- knowledged to...,comprehension,Summarized the main content from the text region.,[1],"[""personally known to me - OR-proved to me on tho basis of satisfactory ovidence to be the person(e) whose namets) islane subscribed to the within instrument and ac- knowledged to me that he/she/tbey ex""]"
train,10212,10212.png,10212_0,What does the figure show?,"Sole Proprietor's Business Name ar Partnership, Estate, Trust, etc.",lookup,Answered using the figure's extracted description text.,[2],"[""Sole Proprietor's Business Name ar Partnership, Estate, Trust, etc.""]"
train,10212,10212.png,10212_1,What are the column headers in the table?,"EFFECTNE 52079 1065 MOYR RATE 280 0799 029 7, 15",lookup,The header row contains the table's column names.,[7],"[""EFFECTNE 52079 1065 MOYR RATE 280 0799 029 7 | 15""]"
train,10212,10212.png,10212_2,How many data rows are in the table (excluding the header)?,0,lookup,Counted the number of non-header rows parsed from the table.,[7],"[""Data rows detected: 0""]"
train,10213,10213.png,10213_0,What does the figure show?,"Sole Proprietor's Business Name ar Partnership, Estate, Trust, etc.",lookup,Answered using the figure's extracted description text.,[2],"[""Sole Proprietor's Business Name ar Partnership, Estate, Trust, etc.""]"
train,10213,10213.png,10213_1,What are the column headers in the table?,"EFFECTNE 52079 1065 MOYR RATE 280 0799 029 7, 15",lookup,The header row contains the table's column names.,[7],"[""EFFECTNE 52079 1065 MOYR RATE 280 0799 029 7 | 15""]"
train,10213,10213.png,10213_2,How many data rows are in the table (excluding the header)?,0,lookup,Counted the number of non-header rows parsed from the table.,[7],"[""Data rows detected: 0""]"
train,10218,10218.png,10218_0,What are the column headers in the table?,"(A) 3a 24 20 1 8 (B), 100",lookup,The header row contains the table's column names.,[0],"[""(A) 3a 24 20 1 8 (B) | 100""]"
train,10218,10218.png,10218_1,How many data rows are in the table (excluding the header)?,0,lookup,Counted the number of non-header rows parsed from the table.,[0],"[""Data rows detected: 0""]"
train,10218,10218.png,10218_2,What does the figure show?,18 9 5 3,lookup,Answered using the figure's extracted description text.,[4],"[""18 9 5 3""]"
train,10219,10219.png,10219_0,What are the column headers in the table?,"(A) 3a 24 20 1 8 (B), 100",lookup,The header row contains the table's column names.,[0],"[""(A) 3a 24 20 1 8 (B) | 100""]"
train,10219,10219.png,10219_1,How many data rows are in the table (excluding the header)?,0,lookup,Counted the number of non-header rows parsed from the table.,[0],"[""Data rows detected: 0""]"
train,10219,10219.png,10219_2,What does the figure show?,18 9 5 3,lookup,Answered using the figure's extracted description text.,[4],"[""18 9 5 3""]"
train,10221,10221.png,10221_0,What is the COMPANY?,Womble Carlyle Sandridge & Rice,lookup,Extracted value for 'COMPANY' from form field.,[0],"[""COMPANY: Womble Carlyle Sandridge & Rice""]"
train,10221,10221.png,10221_1,What is the TELEPHONE?,721-3555,lookup,Extracted value for 'TELEPHONE' from form field.,[0],"[""TELEPHONE: 721-3555""]"
train,10221,10221.png,10221_2,What is the main topic or content discussed in this section?,The message and/or information which accompanies this facsimile cover sheet is intended for the addressee named abova only. If you are not the intended recipient.please contact the sender by collect...,comprehension,Summarized the main content from the text region.,[1],"[""The message and/or information which accompanies this facsimile cover sheet is intended for the addressee named abova only. If you are not the intended recipient.please contact the sender by collect t""]"
train,10222,10222.png,10222_0,What are the column headers in the table?,"(A) 3a 24 20 1 8 (B), 100",lookup,The header row contains the table's column names.,[0],"[""(A) 3a 24 20 1 8 (B) | 100""]"
train,10222,10222.png,10222_1,How many data rows are in the table (excluding the header)?,0,lookup,Counted the number of non-header rows parsed from the table.,[0],"[""Data rows detected: 0""]"
train,10222,10222.png,10222_2,What does the figure show?,18 9 5 3,lookup,Answered using the figure's extracted description text.,[4],"[""18 9 5 3""]"
train,10237,10237.png,10237_0,What are the column headers in the table?,"AGENDA 1996 TOBACCO DISEASE & INSECT CONTROL SEMINAR HYATT REGENCY HOTEL KNOXVILLE, TN OCTOBER 8-9,, 1996",lookup,The header row contains the table's column names.,[0],"[""AGENDA 1996 TOBACCO DISEASE & INSECT CONTROL SEMINAR HYATT REGENCY HOTEL KNOXVILLE, TN OCTOBER 8-9, | 1996""]"
train,10237,10237.png,10237_1,How many data rows are in the table (excluding the header)?,0,lookup,Counted the number of non-header rows parsed from the table.,[0],"[""Data rows detected: 0""]"
train,10242,10242.png,10242_0,What is the 0165?,rhb 079983-013-005,lookup,Extracted value for '0165' from form field.,[1],"[""0165: rhb 079983-013-005""]"
train,10242,10242.png,10242_1,What are the column headers in the table?,"Charles A. Blixt, Sr. Vice President and General Counsel R.J. Reynolds Tobacco Co. The Reynolds Building - 12th Floor 401 N. Main Street Winston-Salem, NC, 27102-2759",lookup,The header row contains the table's column names.,[2],"[""Charles A. Blixt, Sr. Vice President and General Counsel R.J. Reynolds Tobacco Co. The Reynolds Building - 12th Floor 401 N. Main Street Winston-Salem, NC | 27102-2759""]"
train,10242,10242.png,10242_2,How many data rows are in the table (excluding the header)?,0,lookup,Counted the number of non-header rows parsed from the table.,[2],"[""Data rows detected: 0""]"
train,10242,10242.png,10242_3,What is the main topic or content discussed in this section?,"We are pleased that you will be our guest for this year's Grand Assizes of the Court of Nisi Prius on Saturday, April 20, 1996,at Stouffer Tower City Plaza Hotel...",comprehension,Summarized the main content from the text region.,[3],"[""We are pleased that you will be our guest for this year's Grand Assizes of the Court of Nisi Prius on Saturday, April 20, 1996,at Stouffer Tower City Plaza Hotel [now called Renaissancej. The event is""]"
train,10244,10244.png,10244_0,What are the column headers in the table?,"RJR Account No. 751560 RJR Tentory No. 294482 22037 Zip Code Brand (if Chaln) 1449-00-00 Monthly Paymnant 105.00 30.00, 65.00",lookup,The header row contains the table's column names.,[5],"[""RJR Account No. 751560 RJR Tentory No. 294482 22037 Zip Code Brand (if Chaln) 1449-00-00 Monthly Paymnant 105.00 30.00 | 65.00""]"
train,10244,10244.png,10244_1,How many data rows are in the table (excluding the header)?,0,lookup,Counted the number of non-header rows parsed from the table.,[5],"[""Data rows detected: 0""]"
train,10244,10244.png,10244_2,What does the figure show?,CONTRACT TYPE TYPE SPkK NL2E M Nw PkEH mk NWPKEH A PRP FuLLA,lookup,Answered using the figure's extracted description text.,[8],"[""CONTRACT TYPE TYPE SPkK NL2E M Nw PkEH mk NWPKEH A PRP FuLLA""]"
train,10246,10246.png,10246_0,What are the column headers in the table?,"RJR Account No. 751560 RJR Tentory No. 294482 22037 Zip Code Brand (if Chaln) 1449-00-00 Monthly Paymnant 105.00 30.00, 65.00",lookup,The header row contains the table's column names.,[5],"[""RJR Account No. 751560 RJR Tentory No. 294482 22037 Zip Code Brand (if Chaln) 1449-00-00 Monthly Paymnant 105.00 30.00 | 65.00""]"
train,10246,10246.png,10246_1,How many data rows are in the table (excluding the header)?,0,lookup,Counted the number of non-header rows parsed from the table.,[5],"[""Data rows detected: 0""]"
train,10246,10246.png,10246_2,What does the figure show?,CONTRACT TYPE TYPE SPkK NL2E M Nw PkEH mk NWPKEH A PRP FuLLA,lookup,Answered using the figure's extracted description text.,[8],"[""CONTRACT TYPE TYPE SPkK NL2E M Nw PkEH mk NWPKEH A PRP FuLLA""]"
train,10248,10248.png,10248_0,What are the column headers in the table?,"RJR Account No. 751560 RJR Tentory No. 294482 22037 Zip Code Brand (if Chaln) 1449-00-00 Monthly Paymnant 105.00 30.00, 65.00",lookup,The header row contains the table's column names.,[5],"[""RJR Account No. 751560 RJR Tentory No. 294482 22037 Zip Code Brand (if Chaln) 1449-00-00 Monthly Paymnant 105.00 30.00 | 65.00""]"
train,10248,10248.png,10248_1,How many data rows are in the table (excluding the header)?,0,lookup,Counted the number of non-header rows parsed from the table.,[5],"[""Data rows detected: 0""]"
train,10248,10248.png,10248_2,What does the figure show?,CONTRACT TYPE TYPE SPkK NL2E M Nw PkEH mk NWPKEH A PRP FuLLA,lookup,Answered using the figure's extracted description text.,[8],"[""CONTRACT TYPE TYPE SPkK NL2E M Nw PkEH mk NWPKEH A PRP FuLLA""]"
train,10250,10250.png,10250_0,What are the column headers in the table?,"RJR Account No. 751560 RJR Tentory No. 294482 22037 Zip Code Brand (if Chaln) 1449-00-00 Monthly Paymnant 105.00 30.00, 65.00",lookup,The header row contains the table's column names.,[5],"[""RJR Account No. 751560 RJR Tentory No. 294482 22037 Zip Code Brand (if Chaln) 1449-00-00 Monthly Paymnant 105.00 30.00 | 65.00""]"
train,10250,10250.png,10250_1,How many data rows are in the table (excluding the header)?,0,lookup,Counted the number of non-header rows parsed from the table.,[5],"[""Data rows detected: 0""]"
train,10250,10250.png,10250_2,What does the figure show?,CONTRACT TYPE TYPE SPkK NL2E M Nw PkEH mk NWPKEH A PRP FuLLA,lookup,Answered using the figure's extracted description text.,[8],"[""CONTRACT TYPE TYPE SPkK NL2E M Nw PkEH mk NWPKEH A PRP FuLLA""]"
train,10252,10252.png,10252_0,What are the column headers in the table?,"7854 Oswego Road,#202 Liverpool, NY 13090 315-622-1200/1191 Fax 315-622-1199 VoiceMail 1-800-757-8255 Ext., 71572",lookup,The header row contains the table's column names.,[1],"[""7854 Oswego Road,#202 Liverpool, NY 13090 315-622-1200/1191 Fax 315-622-1199 VoiceMail 1-800-757-8255 Ext. | 71572""]"
train,10252,10252.png,10252_1,How many data rows are in the table (excluding the header)?,0,lookup,Counted the number of non-header rows parsed from the table.,[1],"[""Data rows detected: 0""]"
train,10253,10253.png,10253_0,What are the column headers in the table?,"RJR Account No. 751560 RJR Tentory No. 294482 22037 Zip Code Brand (if Chaln) 1449-00-00 Monthly Paymnant 105.00 30.00, 65.00",lookup,The header row contains the table's column names.,[5],"[""RJR Account No. 751560 RJR Tentory No. 294482 22037 Zip Code Brand (if Chaln) 1449-00-00 Monthly Paymnant 105.00 30.00 | 65.00""]"
train,10253,10253.png,10253_1,How many data rows are in the table (excluding the header)?,0,lookup,Counted the number of non-header rows parsed from the table.,[5],"[""Data rows detected: 0""]"
train,10253,10253.png,10253_2,What does the figure show?,CONTRACT TYPE TYPE SPkK NL2E M Nw PkEH mk NWPKEH A PRP FuLLA,lookup,Answered using the figure's extracted description text.,[8],"[""CONTRACT TYPE TYPE SPkK NL2E M Nw PkEH mk NWPKEH A PRP FuLLA""]"
train,10255,10255.png,10255_0,What are the column headers in the table?,"New York Metro Region SALEM Kick Off Meeting March 5-7, 1997 Tropicana Casino and Resort Brighton and the Boardwalk Atlantic City, NJ (609), 340-4000",lookup,The header row contains the table's column names.,[0],"[""New York Metro Region SALEM Kick Off Meeting March 5-7, 1997 Tropicana Casino and Resort Brighton and the Boardwalk Atlantic City, NJ (609) | 340-4000""]"
train,10255,10255.png,10255_1,How many data rows are in the table (excluding the header)?,0,lookup,Counted the number of non-header rows parsed from the table.,[0],"[""Data rows detected: 0""]"
train,10255,10255.png,10255_2,What does the figure show?,Dave Wilmesher Mark Young Dave Figueroa Mike McHugh Louann Alese Don Fitzgerald John Klein Doug Shouse Rory O'Rourke John Feltman Greg Brown Denny Bomgardner Nick Kuruc Yvette Willard Mark Gambardella,lookup,Answered using the figure's extracted description text.,[3],"[""Dave Wilmesher Mark Young Dave Figueroa Mike McHugh Louann Alese Don Fitzgerald John Klein Doug Shouse Rory O'Rourke John Feltman Greg Brown Denny Bomgardner Nick Kuruc Yvette Willard Mark Gambardella""]"
train,10256,10256.png,10256_0,What are the column headers in the table?,"7854 Oswego Road,#202 Liverpool, NY 13090 315-622-1200/1191 Fax 315-622-1199 VoiceMail 1-800-757-8255 Ext., 71572",lookup,The header row contains the table's column names.,[1],"[""7854 Oswego Road,#202 Liverpool, NY 13090 315-622-1200/1191 Fax 315-622-1199 VoiceMail 1-800-757-8255 Ext. | 71572""]"
train,10256,10256.png,10256_1,How many data rows are in the table (excluding the header)?,0,lookup,Counted the number of non-header rows parsed from the table.,[1],"[""Data rows detected: 0""]"
train,10257,10257.png,10257_0,What are the column headers in the table?,"New York Metro Region SALEM Kick Off Meeting March 5-7, 1997 Tropicana Casino and Resort Brighton and the Boardwalk Atlantic City, NJ (609), 340-4000",lookup,The header row contains the table's column names.,[0],"[""New York Metro Region SALEM Kick Off Meeting March 5-7, 1997 Tropicana Casino and Resort Brighton and the Boardwalk Atlantic City, NJ (609) | 340-4000""]"
train,10257,10257.png,10257_1,How many data rows are in the table (excluding the header)?,0,lookup,Counted the number of non-header rows parsed from the table.,[0],"[""Data rows detected: 0""]"
train,10257,10257.png,10257_2,What does the figure show?,Dave Wilmesher Mark Young Dave Figueroa Mike McHugh Louann Alese Don Fitzgerald John Klein Doug Shouse Rory O'Rourke John Feltman Greg Brown Denny Bomgardner Nick Kuruc Yvette Willard Mark Gambardella,lookup,Answered using the figure's extracted description text.,[3],"[""Dave Wilmesher Mark Young Dave Figueroa Mike McHugh Louann Alese Don Fitzgerald John Klein Doug Shouse Rory O'Rourke John Feltman Greg Brown Denny Bomgardner Nick Kuruc Yvette Willard Mark Gambardella""]"
train,10261,10261.png,10261_0,What are the column headers in the table?,"7854 Oswego Road,#202 Liverpool, NY 13090 315-622-1200/1191 Fax 315-622-1199 VoiceMail 1-800-757-8255 Ext., 71572",lookup,The header row contains the table's column names.,[1],"[""7854 Oswego Road,#202 Liverpool, NY 13090 315-622-1200/1191 Fax 315-622-1199 VoiceMail 1-800-757-8255 Ext. | 71572""]"
train,10261,10261.png,10261_1,How many data rows are in the table (excluding the header)?,0,lookup,Counted the number of non-header rows parsed from the table.,[1],"[""Data rows detected: 0""]"
train,10271,10271.png,10271_0,What are the column headers in the table?,"7854 Oswego Road,#202 Liverpool, NY 13090 315-622-1200/1191 Fax 315-622-1199 VoiceMail 1-800-757-8255 Ext., 71572",lookup,The header row contains the table's column names.,[1],"[""7854 Oswego Road,#202 Liverpool, NY 13090 315-622-1200/1191 Fax 315-622-1199 VoiceMail 1-800-757-8255 Ext. | 71572""]"
train,10271,10271.png,10271_1,How many data rows are in the table (excluding the header)?,0,lookup,Counted the number of non-header rows parsed from the table.,[1],"[""Data rows detected: 0""]"
train,10274,10274.png,10274_0,What are the column headers in the table?,"Plan B X Plan A Sxetne Ve Pese, 6/20/2y",lookup,The header row contains the table's column names.,[0],"[""Plan B X Plan A Sxetne Ve Pese | 6/20/2y""]"
train,10274,10274.png,10274_1,How many data rows are in the table (excluding the header)?,0,lookup,Counted the number of non-header rows parsed from the table.,[0],"[""Data rows detected: 0""]"
train,10274,10274.png,10274_2,What is the main topic or content discussed in this section?,"By signing above, Customer agrees: to participate in the R. J. Reynoids Focus Program for the curront Program Period with a Base share-of-market, and begining cigarotte invontory as set forth...",comprehension,Summarized the main content from the text region.,[1],"[""By signing above, Customer agrees: to participate in the R. J. Reynoids Focus Program for the curront Program Period with a Base share-of-market, and begining cigarotte invontory as set forth below an""]"
train,10276,10276.png,10276_0,What are the column headers in the table?,"Plan B X Plan A Sxetne Ve Pese, 6/20/2y",lookup,The header row contains the table's column names.,[0],"[""Plan B X Plan A Sxetne Ve Pese | 6/20/2y""]"
train,10276,10276.png,10276_1,How many data rows are in the table (excluding the header)?,0,lookup,Counted the number of non-header rows parsed from the table.,[0],"[""Data rows detected: 0""]"
train,10276,10276.png,10276_2,What is the main topic or content discussed in this section?,"By signing above, Customer agrees: to participate in the R. J. Reynoids Focus Program for the curront Program Period with a Base share-of-market, and begining cigarotte invontory as set forth...",comprehension,Summarized the main content from the text region.,[1],"[""By signing above, Customer agrees: to participate in the R. J. Reynoids Focus Program for the curront Program Period with a Base share-of-market, and begining cigarotte invontory as set forth below an""]"
train,10278,10278.png,10278_0,What are the column headers in the table?,"Plan B X Plan A Sxetne Ve Pese, 6/20/2y",lookup,The header row contains the table's column names.,[0],"[""Plan B X Plan A Sxetne Ve Pese | 6/20/2y""]"
train,10278,10278.png,10278_1,How many data rows are in the table (excluding the header)?,0,lookup,Counted the number of non-header rows parsed from the table.,[0],"[""Data rows detected: 0""]"
train,10278,10278.png,10278_2,What is the main topic or content discussed in this section?,"By signing above, Customer agrees: to participate in the R. J. Reynoids Focus Program for the curront Program Period with a Base share-of-market, and begining cigarotte invontory as set forth...",comprehension,Summarized the main content from the text region.,[1],"[""By signing above, Customer agrees: to participate in the R. J. Reynoids Focus Program for the curront Program Period with a Base share-of-market, and begining cigarotte invontory as set forth below an""]"
train,10279,10279.png,10279_0,What are the column headers in the table?,"Plan B X Plan A Sxetne Ve Pese, 6/20/2y",lookup,The header row contains the table's column names.,[0],"[""Plan B X Plan A Sxetne Ve Pese | 6/20/2y""]"
train,10279,10279.png,10279_1,How many data rows are in the table (excluding the header)?,0,lookup,Counted the number of non-header rows parsed from the table.,[0],"[""Data rows detected: 0""]"
train,10279,10279.png,10279_2,What is the main topic or content discussed in this section?,"By signing above, Customer agrees: to participate in the R. J. Reynoids Focus Program for the curront Program Period with a Base share-of-market, and begining cigarotte invontory as set forth...",comprehension,Summarized the main content from the text region.,[1],"[""By signing above, Customer agrees: to participate in the R. J. Reynoids Focus Program for the curront Program Period with a Base share-of-market, and begining cigarotte invontory as set forth below an""]"
train,10281,10281.png,10281_0,What are the column headers in the table?,"Plan B X Plan A Sxetne Ve Pese, 6/20/2y",lookup,The header row contains the table's column names.,[0],"[""Plan B X Plan A Sxetne Ve Pese | 6/20/2y""]"
train,10281,10281.png,10281_1,How many data rows are in the table (excluding the header)?,0,lookup,Counted the number of non-header rows parsed from the table.,[0],"[""Data rows detected: 0""]"
train,10281,10281.png,10281_2,What is the main topic or content discussed in this section?,"By signing above, Customer agrees: to participate in the R. J. Reynoids Focus Program for the curront Program Period with a Base share-of-market, and begining cigarotte invontory as set forth...",comprehension,Summarized the main content from the text region.,[1],"[""By signing above, Customer agrees: to participate in the R. J. Reynoids Focus Program for the curront Program Period with a Base share-of-market, and begining cigarotte invontory as set forth below an""]"
train,10283,10283.png,10283_0,What are the column headers in the table?,"Plan B X Plan A Sxetne Ve Pese, 6/20/2y",lookup,The header row contains the table's column names.,[0],"[""Plan B X Plan A Sxetne Ve Pese | 6/20/2y""]"
train,10283,10283.png,10283_1,How many data rows are in the table (excluding the header)?,0,lookup,Counted the number of non-header rows parsed from the table.,[0],"[""Data rows detected: 0""]"
train,10283,10283.png,10283_2,What is the main topic or content discussed in this section?,"By signing above, Customer agrees: to participate in the R. J. Reynoids Focus Program for the curront Program Period with a Base share-of-market, and begining cigarotte invontory as set forth...",comprehension,Summarized the main content from the text region.,[1],"[""By signing above, Customer agrees: to participate in the R. J. Reynoids Focus Program for the curront Program Period with a Base share-of-market, and begining cigarotte invontory as set forth below an""]"
train,10285,10285.png,10285_0,What are the column headers in the table?,"Plan B X Plan A Sxetne Ve Pese, 6/20/2y",lookup,The header row contains the table's column names.,[0],"[""Plan B X Plan A Sxetne Ve Pese | 6/20/2y""]"
train,10285,10285.png,10285_1,How many data rows are in the table (excluding the header)?,0,lookup,Counted the number of non-header rows parsed from the table.,[0],"[""Data rows detected: 0""]"
train,10285,10285.png,10285_2,What is the main topic or content discussed in this section?,"By signing above, Customer agrees: to participate in the R. J. Reynoids Focus Program for the curront Program Period with a Base share-of-market, and begining cigarotte invontory as set forth...",comprehension,Summarized the main content from the text region.,[1],"[""By signing above, Customer agrees: to participate in the R. J. Reynoids Focus Program for the curront Program Period with a Base share-of-market, and begining cigarotte invontory as set forth below an""]"
train,10286,10286.png,10286_0,What are the column headers in the table?,"Plan B X Plan A Sxetne Ve Pese, 6/20/2y",lookup,The header row contains the table's column names.,[0],"[""Plan B X Plan A Sxetne Ve Pese | 6/20/2y""]"
train,10286,10286.png,10286_1,How many data rows are in the table (excluding the header)?,0,lookup,Counted the number of non-header rows parsed from the table.,[0],"[""Data rows detected: 0""]"
train,10286,10286.png,10286_2,What is the main topic or content discussed in this section?,"By signing above, Customer agrees: to participate in the R. J. Reynoids Focus Program for the curront Program Period with a Base share-of-market, and begining cigarotte invontory as set forth...",comprehension,Summarized the main content from the text region.,[1],"[""By signing above, Customer agrees: to participate in the R. J. Reynoids Focus Program for the curront Program Period with a Base share-of-market, and begining cigarotte invontory as set forth below an""]"
train,10314,10314.png,10314_0,What are the column headers in the table?,"Graduate Student Association c/o F. Javier Cisneros Department of Toxicology, NCSU 840 Method Road, Unit IV Raleigh, NC, 27695",lookup,The header row contains the table's column names.,[3],"[""Graduate Student Association c/o F. Javier Cisneros Department of Toxicology, NCSU 840 Method Road, Unit IV Raleigh, NC | 27695""]"
train,10314,10314.png,10314_1,How many data rows are in the table (excluding the header)?,0,lookup,Counted the number of non-header rows parsed from the table.,[3],"[""Data rows detected: 0""]"
train,10317,10317.png,10317_0,What are the column headers in the table?,"Graduate Student Association c/o F. Javier Cisneros Department of Toxicology, NCSU 840 Method Road, Unit IV Raleigh, NC, 27695",lookup,The header row contains the table's column names.,[3],"[""Graduate Student Association c/o F. Javier Cisneros Department of Toxicology, NCSU 840 Method Road, Unit IV Raleigh, NC | 27695""]"
train,10317,10317.png,10317_1,How many data rows are in the table (excluding the header)?,0,lookup,Counted the number of non-header rows parsed from the table.,[3],"[""Data rows detected: 0""]"
train,10322,10322.png,10322_0,What are the column headers in the table?,"Graduate Student Association c/o F. Javier Cisneros Department of Toxicology, NCSU 840 Method Road, Unit IV Raleigh, NC, 27695",lookup,The header row contains the table's column names.,[3],"[""Graduate Student Association c/o F. Javier Cisneros Department of Toxicology, NCSU 840 Method Road, Unit IV Raleigh, NC | 27695""]"
train,10322,10322.png,10322_1,How many data rows are in the table (excluding the header)?,0,lookup,Counted the number of non-header rows parsed from the table.,[3],"[""Data rows detected: 0""]"
train,10329,10329.png,10329_0,What does the figure show?,>>Issues ●EMRO ●RJR Issues Page Provided in the September 25 Meeting,lookup,Answered using the figure's extracted description text.,[2],"["">>Issues ●EMRO ●RJR Issues Page Provided in the September 25 Meeting""]"
train,10330,10330.png,10330_0,What does the figure show?,>>Issues ●EMRO ●RJR Issues Page Provided in the September 25 Meeting,lookup,Answered using the figure's extracted description text.,[2],"["">>Issues ●EMRO ●RJR Issues Page Provided in the September 25 Meeting""]"
train,10331,10331.png,10331_0,What does the figure show?,>>Issues ●EMRO ●RJR Issues Page Provided in the September 25 Meeting,lookup,Answered using the figure's extracted description text.,[2],"["">>Issues ●EMRO ●RJR Issues Page Provided in the September 25 Meeting""]"
train,10335,10335.png,10335_0,What does the figure show?,Accepted By X Printed Retailer Name X ZAHP SHAH K PIAN Contract typé RURT FOrM 3825.WML 708/1999 MEDLA Fonsyth,lookup,Answered using the figure's extracted description text.,[3],"[""Accepted By X Printed Retailer Name X ZAHP SHAH K PIAN Contract typé RURT FOrM 3825.WML 708/1999 MEDLA Fonsyth""]"
train,10337,10337.png,10337_0,What does the figure show?,Accepted By X Printed Retailer Name X ZAHP SHAH K PIAN Contract typé RURT FOrM 3825.WML 708/1999 MEDLA Fonsyth,lookup,Answered using the figure's extracted description text.,[3],"[""Accepted By X Printed Retailer Name X ZAHP SHAH K PIAN Contract typé RURT FOrM 3825.WML 708/1999 MEDLA Fonsyth""]"
train,10338,10338.png,10338_0,What does the figure show?,Accepted By X Printed Retailer Name X ZAHP SHAH K PIAN Contract typé RURT FOrM 3825.WML 708/1999 MEDLA Fonsyth,lookup,Answered using the figure's extracted description text.,[3],"[""Accepted By X Printed Retailer Name X ZAHP SHAH K PIAN Contract typé RURT FOrM 3825.WML 708/1999 MEDLA Fonsyth""]"
train,10340,10340.png,10340_0,What does the figure show?,Accepted By X Printed Retailer Name X ZAHP SHAH K PIAN Contract typé RURT FOrM 3825.WML 708/1999 MEDLA Fonsyth,lookup,Answered using the figure's extracted description text.,[3],"[""Accepted By X Printed Retailer Name X ZAHP SHAH K PIAN Contract typé RURT FOrM 3825.WML 708/1999 MEDLA Fonsyth""]"
train,10341,10341.png,10341_0,What is the main topic or content discussed in this section?,"This Job Assignmcnt Addcndum is made as of the 15th day of March, 1996 and is executed pursuant to and in accordance with the previously cxecuted Mastcr contract between R....",comprehension,Summarized the main content from the text region.,[0],"[""This Job Assignmcnt Addcndum is made as of the 15th day of March, 1996 and is executed pursuant to and in accordance with the previously cxecuted Mastcr contract between R. J. Reynolds Tobacco Company""]"
train,10343,10343.png,10343_0,What does the figure show?,Accepted By X Printed Retailer Name X ZAHP SHAH K PIAN Contract typé RURT FOrM 3825.WML 708/1999 MEDLA Fonsyth,lookup,Answered using the figure's extracted description text.,[3],"[""Accepted By X Printed Retailer Name X ZAHP SHAH K PIAN Contract typé RURT FOrM 3825.WML 708/1999 MEDLA Fonsyth""]"
train,10344,10344.png,10344_0,What does the figure show?,Accepted By X Printed Retailer Name X ZAHP SHAH K PIAN Contract typé RURT FOrM 3825.WML 708/1999 MEDLA Fonsyth,lookup,Answered using the figure's extracted description text.,[3],"[""Accepted By X Printed Retailer Name X ZAHP SHAH K PIAN Contract typé RURT FOrM 3825.WML 708/1999 MEDLA Fonsyth""]"
train,10346,10346.png,10346_0,What does the figure show?,Accepted By X Printed Retailer Name X ZAHP SHAH K PIAN Contract typé RURT FOrM 3825.WML 708/1999 MEDLA Fonsyth,lookup,Answered using the figure's extracted description text.,[3],"[""Accepted By X Printed Retailer Name X ZAHP SHAH K PIAN Contract typé RURT FOrM 3825.WML 708/1999 MEDLA Fonsyth""]"
train,10352,10352.png,10352_0,What does the figure show?,"Sole Proprlelor's Buslness Name or Partnership. Estate, Trust, ec.",lookup,Answered using the figure's extracted description text.,[4],"[""Sole Proprlelor's Buslness Name or Partnership. Estate, Trust, ec.""]"
train,10352,10352.png,10352_1,What are the column headers in the table?,"underreporting inlerest on your tax return. Store Name (Please Print) KROGER MID-ATANTiC Street Address 363I PETERS CRCEK βDAD City/State ROANDKE,VA Call Classification CID, 0104-00-00",lookup,The header row contains the table's column names.,[7],"[""underreporting inlerest on your tax return. Store Name (Please Print) KROGER MID-ATANTiC Street Address 363I PETERS CRCEK βDAD City/State ROANDKE,VA Call Classification CID | 0104-00-00""]"
train,10352,10352.png,10352_2,How many data rows are in the table (excluding the header)?,0,lookup,Counted the number of non-header rows parsed from the table.,[7],"[""Data rows detected: 0""]"
train,10352,10352.png,10352_3,What is the main topic or content discussed in this section?,Roquest for Taxpayer Identification Number and Certification R.J.Reynolds Tobacco Company must backup wlthhold tax al the rate of 31% from payee ll the payee falls to provlde R.J.Reynolds Tobacco Comp,comprehension,Summarized the main content from the text region.,[1],"[""Roquest for Taxpayer Identification Number and Certification R.J.Reynolds Tobacco Company must backup wlthhold tax al the rate of 31% from payee ll the payee falls to provlde R.J.Reynolds Tobacco Comp""]"
train,10354,10354.png,10354_0,What does the figure show?,"Sole Proprlelor's Buslness Name or Partnership. Estate, Trust, ec.",lookup,Answered using the figure's extracted description text.,[4],"[""Sole Proprlelor's Buslness Name or Partnership. Estate, Trust, ec.""]"
train,10354,10354.png,10354_1,What are the column headers in the table?,"underreporting inlerest on your tax return. Store Name (Please Print) KROGER MID-ATANTiC Street Address 363I PETERS CRCEK βDAD City/State ROANDKE,VA Call Classification CID, 0104-00-00",lookup,The header row contains the table's column names.,[7],"[""underreporting inlerest on your tax return. Store Name (Please Print) KROGER MID-ATANTiC Street Address 363I PETERS CRCEK βDAD City/State ROANDKE,VA Call Classification CID | 0104-00-00""]"
train,10354,10354.png,10354_2,How many data rows are in the table (excluding the header)?,0,lookup,Counted the number of non-header rows parsed from the table.,[7],"[""Data rows detected: 0""]"
train,10354,10354.png,10354_3,What is the main topic or content discussed in this section?,Roquest for Taxpayer Identification Number and Certification R.J.Reynolds Tobacco Company must backup wlthhold tax al the rate of 31% from payee ll the payee falls to provlde R.J.Reynolds Tobacco Comp,comprehension,Summarized the main content from the text region.,[1],"[""Roquest for Taxpayer Identification Number and Certification R.J.Reynolds Tobacco Company must backup wlthhold tax al the rate of 31% from payee ll the payee falls to provlde R.J.Reynolds Tobacco Comp""]"
train,10355,10355.png,10355_0,What does the figure show?,"Sole Proprlelor's Buslness Name or Partnership. Estate, Trust, ec.",lookup,Answered using the figure's extracted description text.,[4],"[""Sole Proprlelor's Buslness Name or Partnership. Estate, Trust, ec.""]"
train,10355,10355.png,10355_1,What are the column headers in the table?,"underreporting inlerest on your tax return. Store Name (Please Print) KROGER MID-ATANTiC Street Address 363I PETERS CRCEK βDAD City/State ROANDKE,VA Call Classification CID, 0104-00-00",lookup,The header row contains the table's column names.,[7],"[""underreporting inlerest on your tax return. Store Name (Please Print) KROGER MID-ATANTiC Street Address 363I PETERS CRCEK βDAD City/State ROANDKE,VA Call Classification CID | 0104-00-00""]"
train,10355,10355.png,10355_2,How many data rows are in the table (excluding the header)?,0,lookup,Counted the number of non-header rows parsed from the table.,[7],"[""Data rows detected: 0""]"
train,10355,10355.png,10355_3,What is the main topic or content discussed in this section?,Roquest for Taxpayer Identification Number and Certification R.J.Reynolds Tobacco Company must backup wlthhold tax al the rate of 31% from payee ll the payee falls to provlde R.J.Reynolds Tobacco Comp,comprehension,Summarized the main content from the text region.,[1],"[""Roquest for Taxpayer Identification Number and Certification R.J.Reynolds Tobacco Company must backup wlthhold tax al the rate of 31% from payee ll the payee falls to provlde R.J.Reynolds Tobacco Comp""]"
train,10356,10356.png,10356_0,What does the figure show?,State: VA,lookup,Answered using the figure's extracted description text.,[2],"[""State: VA""]"
train,10356,10356.png,10356_1,What is the main topic or content discussed in this section?,"By signing below, Diredt Account agrees: to participate in the R. J.Reynolds PARTNERS Program for the current Program Period as set forth above and to accept and ablde by all...",comprehension,Summarized the main content from the text region.,[7],"[""By signing below, Diredt Account agrees: to participate in the R. J.Reynolds PARTNERS Program for the current Program Period as set forth above and to accept and ablde by all Program Requlrements, inc""]"
train,10358,10358.png,10358_0,What does the figure show?,State: VA,lookup,Answered using the figure's extracted description text.,[2],"[""State: VA""]"
train,10358,10358.png,10358_1,What is the main topic or content discussed in this section?,"By signing below, Diredt Account agrees: to participate in the R. J.Reynolds PARTNERS Program for the current Program Period as set forth above and to accept and ablde by all...",comprehension,Summarized the main content from the text region.,[7],"[""By signing below, Diredt Account agrees: to participate in the R. J.Reynolds PARTNERS Program for the current Program Period as set forth above and to accept and ablde by all Program Requlrements, inc""]"
train,10359,10359.png,10359_0,What does the figure show?,State: VA,lookup,Answered using the figure's extracted description text.,[2],"[""State: VA""]"
train,10359,10359.png,10359_1,What is the main topic or content discussed in this section?,"By signing below, Diredt Account agrees: to participate in the R. J.Reynolds PARTNERS Program for the current Program Period as set forth above and to accept and ablde by all...",comprehension,Summarized the main content from the text region.,[7],"[""By signing below, Diredt Account agrees: to participate in the R. J.Reynolds PARTNERS Program for the current Program Period as set forth above and to accept and ablde by all Program Requlrements, inc""]"
train,10361,10361.png,10361_0,What does the figure show?,"Sole Proprlelor's Buslness Name or Partnership. Estate, Trust, ec.",lookup,Answered using the figure's extracted description text.,[4],"[""Sole Proprlelor's Buslness Name or Partnership. Estate, Trust, ec.""]"
train,10361,10361.png,10361_1,What are the column headers in the table?,"underreporting inlerest on your tax return. Store Name (Please Print) KROGER MID-ATANTiC Street Address 363I PETERS CRCEK βDAD City/State ROANDKE,VA Call Classification CID, 0104-00-00",lookup,The header row contains the table's column names.,[7],"[""underreporting inlerest on your tax return. Store Name (Please Print) KROGER MID-ATANTiC Street Address 363I PETERS CRCEK βDAD City/State ROANDKE,VA Call Classification CID | 0104-00-00""]"
train,10361,10361.png,10361_2,How many data rows are in the table (excluding the header)?,0,lookup,Counted the number of non-header rows parsed from the table.,[7],"[""Data rows detected: 0""]"
train,10361,10361.png,10361_3,What is the main topic or content discussed in this section?,Roquest for Taxpayer Identification Number and Certification R.J.Reynolds Tobacco Company must backup wlthhold tax al the rate of 31% from payee ll the payee falls to provlde R.J.Reynolds Tobacco Comp,comprehension,Summarized the main content from the text region.,[1],"[""Roquest for Taxpayer Identification Number and Certification R.J.Reynolds Tobacco Company must backup wlthhold tax al the rate of 31% from payee ll the payee falls to provlde R.J.Reynolds Tobacco Comp""]"
train,10363,10363.png,10363_0,What does the figure show?,State: VA,lookup,Answered using the figure's extracted description text.,[2],"[""State: VA""]"
train,10363,10363.png,10363_1,What is the main topic or content discussed in this section?,"By signing below, Diredt Account agrees: to participate in the R. J.Reynolds PARTNERS Program for the current Program Period as set forth above and to accept and ablde by all...",comprehension,Summarized the main content from the text region.,[7],"[""By signing below, Diredt Account agrees: to participate in the R. J.Reynolds PARTNERS Program for the current Program Period as set forth above and to accept and ablde by all Program Requlrements, inc""]"
train,10364,10364.png,10364_0,What does the figure show?,"Sole Proprlelor's Buslness Name or Partnership. Estate, Trust, ec.",lookup,Answered using the figure's extracted description text.,[4],"[""Sole Proprlelor's Buslness Name or Partnership. Estate, Trust, ec.""]"
train,10364,10364.png,10364_1,What are the column headers in the table?,"underreporting inlerest on your tax return. Store Name (Please Print) KROGER MID-ATANTiC Street Address 363I PETERS CRCEK βDAD City/State ROANDKE,VA Call Classification CID, 0104-00-00",lookup,The header row contains the table's column names.,[7],"[""underreporting inlerest on your tax return. Store Name (Please Print) KROGER MID-ATANTiC Street Address 363I PETERS CRCEK βDAD City/State ROANDKE,VA Call Classification CID | 0104-00-00""]"
train,10364,10364.png,10364_2,How many data rows are in the table (excluding the header)?,0,lookup,Counted the number of non-header rows parsed from the table.,[7],"[""Data rows detected: 0""]"
train,10364,10364.png,10364_3,What is the main topic or content discussed in this section?,Roquest for Taxpayer Identification Number and Certification R.J.Reynolds Tobacco Company must backup wlthhold tax al the rate of 31% from payee ll the payee falls to provlde R.J.Reynolds Tobacco Comp,comprehension,Summarized the main content from the text region.,[1],"[""Roquest for Taxpayer Identification Number and Certification R.J.Reynolds Tobacco Company must backup wlthhold tax al the rate of 31% from payee ll the payee falls to provlde R.J.Reynolds Tobacco Comp""]"
train,10365,10365.png,10365_0,What does the figure show?,"Sole Proprlelor's Buslness Name or Partnership. Estate, Trust, ec.",lookup,Answered using the figure's extracted description text.,[4],"[""Sole Proprlelor's Buslness Name or Partnership. Estate, Trust, ec.""]"
train,10365,10365.png,10365_1,What are the column headers in the table?,"underreporting inlerest on your tax return. Store Name (Please Print) KROGER MID-ATANTiC Street Address 363I PETERS CRCEK βDAD City/State ROANDKE,VA Call Classification CID, 0104-00-00",lookup,The header row contains the table's column names.,[7],"[""underreporting inlerest on your tax return. Store Name (Please Print) KROGER MID-ATANTiC Street Address 363I PETERS CRCEK βDAD City/State ROANDKE,VA Call Classification CID | 0104-00-00""]"
train,10365,10365.png,10365_2,How many data rows are in the table (excluding the header)?,0,lookup,Counted the number of non-header rows parsed from the table.,[7],"[""Data rows detected: 0""]"
train,10365,10365.png,10365_3,What is the main topic or content discussed in this section?,Roquest for Taxpayer Identification Number and Certification R.J.Reynolds Tobacco Company must backup wlthhold tax al the rate of 31% from payee ll the payee falls to provlde R.J.Reynolds Tobacco Comp,comprehension,Summarized the main content from the text region.,[1],"[""Roquest for Taxpayer Identification Number and Certification R.J.Reynolds Tobacco Company must backup wlthhold tax al the rate of 31% from payee ll the payee falls to provlde R.J.Reynolds Tobacco Comp""]"
train,10366,10366.png,10366_0,What does the figure show?,State: VA,lookup,Answered using the figure's extracted description text.,[2],"[""State: VA""]"
train,10366,10366.png,10366_1,What is the main topic or content discussed in this section?,"By signing below, Diredt Account agrees: to participate in the R. J.Reynolds PARTNERS Program for the current Program Period as set forth above and to accept and ablde by all...",comprehension,Summarized the main content from the text region.,[7],"[""By signing below, Diredt Account agrees: to participate in the R. J.Reynolds PARTNERS Program for the current Program Period as set forth above and to accept and ablde by all Program Requlrements, inc""]"
train,10368,10368.png,10368_0,What does the figure show?,"Sole Proprlelor's Buslness Name or Partnership. Estate, Trust, ec.",lookup,Answered using the figure's extracted description text.,[4],"[""Sole Proprlelor's Buslness Name or Partnership. Estate, Trust, ec.""]"
train,10368,10368.png,10368_1,What are the column headers in the table?,"underreporting inlerest on your tax return. Store Name (Please Print) KROGER MID-ATANTiC Street Address 363I PETERS CRCEK βDAD City/State ROANDKE,VA Call Classification CID, 0104-00-00",lookup,The header row contains the table's column names.,[7],"[""underreporting inlerest on your tax return. Store Name (Please Print) KROGER MID-ATANTiC Street Address 363I PETERS CRCEK βDAD City/State ROANDKE,VA Call Classification CID | 0104-00-00""]"
train,10368,10368.png,10368_2,How many data rows are in the table (excluding the header)?,0,lookup,Counted the number of non-header rows parsed from the table.,[7],"[""Data rows detected: 0""]"
train,10368,10368.png,10368_3,What is the main topic or content discussed in this section?,Roquest for Taxpayer Identification Number and Certification R.J.Reynolds Tobacco Company must backup wlthhold tax al the rate of 31% from payee ll the payee falls to provlde R.J.Reynolds Tobacco Comp,comprehension,Summarized the main content from the text region.,[1],"[""Roquest for Taxpayer Identification Number and Certification R.J.Reynolds Tobacco Company must backup wlthhold tax al the rate of 31% from payee ll the payee falls to provlde R.J.Reynolds Tobacco Comp""]"
train,10370,10370.png,10370_0,What does the figure show?,State: VA,lookup,Answered using the figure's extracted description text.,[2],"[""State: VA""]"
train,10370,10370.png,10370_1,What is the main topic or content discussed in this section?,"By signing below, Diredt Account agrees: to participate in the R. J.Reynolds PARTNERS Program for the current Program Period as set forth above and to accept and ablde by all...",comprehension,Summarized the main content from the text region.,[7],"[""By signing below, Diredt Account agrees: to participate in the R. J.Reynolds PARTNERS Program for the current Program Period as set forth above and to accept and ablde by all Program Requlrements, inc""]"
train,10371,10371.png,10371_0,What does the figure show?,State: VA,lookup,Answered using the figure's extracted description text.,[2],"[""State: VA""]"
train,10371,10371.png,10371_1,What is the main topic or content discussed in this section?,"By signing below, Diredt Account agrees: to participate in the R. J.Reynolds PARTNERS Program for the current Program Period as set forth above and to accept and ablde by all...",comprehension,Summarized the main content from the text region.,[7],"[""By signing below, Diredt Account agrees: to participate in the R. J.Reynolds PARTNERS Program for the current Program Period as set forth above and to accept and ablde by all Program Requlrements, inc""]"
train,10372,10372.png,10372_0,What is the Store Name?,Cory's Food Mart,lookup,Extracted value for 'Store Name' from form field.,[2],"[""Store Name: Cory's Food Mart""]"
train,10372,10372.png,10372_1,What is the Address?,_208 RT12,lookup,Extracted value for 'Address' from form field.,[2],"[""Address: _208 RT12""]"
train,10372,10372.png,10372_2,What is the main topic or content discussed in this section?,This document will serve as authorization to ship One R. J. Reynolds display and products to the retail account listed below on an ongoing basis: 165808 SIS #NQw Accoun. Store's...,comprehension,Summarized the main content from the text region.,[0],"[""This document will serve as authorization to ship One R. J. Reynolds display and products to the retail account listed below on an ongoing basis: 165808 SIS #NQw Accoun. Store's Account # with Supplie""]"
train,10373,10373.png,10373_0,What does the figure show?,State: VA,lookup,Answered using the figure's extracted description text.,[2],"[""State: VA""]"
train,10373,10373.png,10373_1,What is the main topic or content discussed in this section?,"By signing below, Diredt Account agrees: to participate in the R. J.Reynolds PARTNERS Program for the current Program Period as set forth above and to accept and ablde by all...",comprehension,Summarized the main content from the text region.,[7],"[""By signing below, Diredt Account agrees: to participate in the R. J.Reynolds PARTNERS Program for the current Program Period as set forth above and to accept and ablde by all Program Requlrements, inc""]"
train,10374,10374.png,10374_0,What is the Store Name?,Cory's Food Mart,lookup,Extracted value for 'Store Name' from form field.,[2],"[""Store Name: Cory's Food Mart""]"
train,10374,10374.png,10374_1,What is the Address?,_208 RT12,lookup,Extracted value for 'Address' from form field.,[2],"[""Address: _208 RT12""]"
train,10374,10374.png,10374_2,What is the main topic or content discussed in this section?,This document will serve as authorization to ship One R. J. Reynolds display and products to the retail account listed below on an ongoing basis: 165808 SIS #NQw Accoun. Store's...,comprehension,Summarized the main content from the text region.,[0],"[""This document will serve as authorization to ship One R. J. Reynolds display and products to the retail account listed below on an ongoing basis: 165808 SIS #NQw Accoun. Store's Account # with Supplie""]"
train,10375,10375.png,10375_0,What is the Store Name?,Cory's Food Mart,lookup,Extracted value for 'Store Name' from form field.,[2],"[""Store Name: Cory's Food Mart""]"
train,10375,10375.png,10375_1,What is the Address?,_208 RT12,lookup,Extracted value for 'Address' from form field.,[2],"[""Address: _208 RT12""]"
train,10375,10375.png,10375_2,What is the main topic or content discussed in this section?,This document will serve as authorization to ship One R. J. Reynolds display and products to the retail account listed below on an ongoing basis: 165808 SIS #NQw Accoun. Store's...,comprehension,Summarized the main content from the text region.,[0],"[""This document will serve as authorization to ship One R. J. Reynolds display and products to the retail account listed below on an ongoing basis: 165808 SIS #NQw Accoun. Store's Account # with Supplie""]"
train,10376,10376.png,10376_0,What are the column headers in the table?,"Scott B. Schroer Account Manager R. J. Reynolds Tobacco Co. 2319 Glendale Dr. Maysville, Ky. 41056, 606-759-4415",lookup,The header row contains the table's column names.,[0],"[""Scott B. Schroer Account Manager R. J. Reynolds Tobacco Co. 2319 Glendale Dr. Maysville, Ky. 41056 | 606-759-4415""]"
train,10376,10376.png,10376_1,How many data rows are in the table (excluding the header)?,0,lookup,Counted the number of non-header rows parsed from the table.,[0],"[""Data rows detected: 0""]"
train,10377,10377.png,10377_0,What are the column headers in the table?,"Scott B. Schroer Account Manager R. J. Reynolds Tobacco Co. 2319 Glendale Dr. Maysville, Ky. 41056, 606-759-4415",lookup,The header row contains the table's column names.,[0],"[""Scott B. Schroer Account Manager R. J. Reynolds Tobacco Co. 2319 Glendale Dr. Maysville, Ky. 41056 | 606-759-4415""]"
train,10377,10377.png,10377_1,How many data rows are in the table (excluding the header)?,0,lookup,Counted the number of non-header rows parsed from the table.,[0],"[""Data rows detected: 0""]"
train,10379,10379.png,10379_0,What are the column headers in the table?,"Scott B. Schroer Account Manager R. J. Reynolds Tobacco Co. 2319 Glendale Dr. Maysville, Ky. 41056, 606-759-4415",lookup,The header row contains the table's column names.,[0],"[""Scott B. Schroer Account Manager R. J. Reynolds Tobacco Co. 2319 Glendale Dr. Maysville, Ky. 41056 | 606-759-4415""]"
train,10379,10379.png,10379_1,How many data rows are in the table (excluding the header)?,0,lookup,Counted the number of non-header rows parsed from the table.,[0],"[""Data rows detected: 0""]"
train,10380,10380.png,10380_0,What is the Store Name?,Cory's Food Mart,lookup,Extracted value for 'Store Name' from form field.,[2],"[""Store Name: Cory's Food Mart""]"
train,10380,10380.png,10380_1,What is the Address?,_208 RT12,lookup,Extracted value for 'Address' from form field.,[2],"[""Address: _208 RT12""]"
train,10380,10380.png,10380_2,What is the main topic or content discussed in this section?,This document will serve as authorization to ship One R. J. Reynolds display and products to the retail account listed below on an ongoing basis: 165808 SIS #NQw Accoun. Store's...,comprehension,Summarized the main content from the text region.,[0],"[""This document will serve as authorization to ship One R. J. Reynolds display and products to the retail account listed below on an ongoing basis: 165808 SIS #NQw Accoun. Store's Account # with Supplie""]"
train,10381,10381.png,10381_0,What are the column headers in the table?,"Scott B. Schroer Account Manager R. J. Reynolds Tobacco Co. 2319 Glendale Dr. Maysville, Ky. 41056, 606-759-4415",lookup,The header row contains the table's column names.,[0],"[""Scott B. Schroer Account Manager R. J. Reynolds Tobacco Co. 2319 Glendale Dr. Maysville, Ky. 41056 | 606-759-4415""]"
train,10381,10381.png,10381_1,How many data rows are in the table (excluding the header)?,0,lookup,Counted the number of non-header rows parsed from the table.,[0],"[""Data rows detected: 0""]"
train,10382,10382.png,10382_0,What are the column headers in the table?,"Scott B. Schroer Account Manager R. J. Reynolds Tobacco Co. 2319 Glendale Dr. Maysville, Ky. 41056, 606-759-4415",lookup,The header row contains the table's column names.,[0],"[""Scott B. Schroer Account Manager R. J. Reynolds Tobacco Co. 2319 Glendale Dr. Maysville, Ky. 41056 | 606-759-4415""]"
train,10382,10382.png,10382_1,How many data rows are in the table (excluding the header)?,0,lookup,Counted the number of non-header rows parsed from the table.,[0],"[""Data rows detected: 0""]"
train,10385,10385.png,10385_0,What are the column headers in the table?,"Scott B. Schroer Account Manager R. J. Reynolds Tobacco Co. 2319 Glendale Dr. Maysville, Ky. 41056, 606-759-4415",lookup,The header row contains the table's column names.,[0],"[""Scott B. Schroer Account Manager R. J. Reynolds Tobacco Co. 2319 Glendale Dr. Maysville, Ky. 41056 | 606-759-4415""]"
train,10385,10385.png,10385_1,How many data rows are in the table (excluding the header)?,0,lookup,Counted the number of non-header rows parsed from the table.,[0],"[""Data rows detected: 0""]"
train,10388,10388.png,10388_0,What are the column headers in the table?,"Scott B. Schroer Account Manager R. J. Reynolds Tobacco Co. 2319 Glendale Dr. Maysville, Ky. 41056, 606-759-4415",lookup,The header row contains the table's column names.,[0],"[""Scott B. Schroer Account Manager R. J. Reynolds Tobacco Co. 2319 Glendale Dr. Maysville, Ky. 41056 | 606-759-4415""]"
train,10388,10388.png,10388_1,How many data rows are in the table (excluding the header)?,0,lookup,Counted the number of non-header rows parsed from the table.,[0],"[""Data rows detected: 0""]"
train,10393,10393.png,10393_0,What are the column headers in the table?,"International Toxicolgy Information Centre Paseo Ramon Lif, 1, 4-D E-20002 SAN SEBASTZAN, SPaIn (34-43) 32 04, 55",lookup,The header row contains the table's column names.,[0],"[""International Toxicolgy Information Centre Paseo Ramon Lif, 1, 4-D E-20002 SAN SEBASTZAN, SPaIn (34-43) 32 04 | 55""]"
train,10393,10393.png,10393_1,How many data rows are in the table (excluding the header)?,0,lookup,Counted the number of non-header rows parsed from the table.,[0],"[""Data rows detected: 0""]"
train,10393,10393.png,10393_2,What does the figure show?,"July 18,1997 Dr Helmut Reif (41) (32) 888 7776 ITIC continuous imvolvement with pesticides",lookup,Answered using the figure's extracted description text.,[1],"[""July 18,1997 Dr Helmut Reif (41) (32) 888 7776 ITIC continuous imvolvement with pesticides""]"
train,10393,10393.png,10393_3,What is the main topic or content discussed in this section?,following up with our last phone conversation regarding ITiC continuous involvement with pesticides at the intemnational level I am sending to you some material that may be of interest to...,comprehension,Summarized the main content from the text region.,[3],"[""following up with our last phone conversation regarding ITiC continuous involvement with pesticides at the intemnational level I am sending to you some material that may be of interest to you.""]"
train,10395,10395.png,10395_0,What are the column headers in the table?,"International Toxicolgy Information Centre Paseo Ramon Lif, 1, 4-D E-20002 SAN SEBASTZAN, SPaIn (34-43) 32 04, 55",lookup,The header row contains the table's column names.,[0],"[""International Toxicolgy Information Centre Paseo Ramon Lif, 1, 4-D E-20002 SAN SEBASTZAN, SPaIn (34-43) 32 04 | 55""]"
train,10395,10395.png,10395_1,How many data rows are in the table (excluding the header)?,0,lookup,Counted the number of non-header rows parsed from the table.,[0],"[""Data rows detected: 0""]"
train,10395,10395.png,10395_2,What does the figure show?,"July 18,1997 Dr Helmut Reif (41) (32) 888 7776 ITIC continuous imvolvement with pesticides",lookup,Answered using the figure's extracted description text.,[1],"[""July 18,1997 Dr Helmut Reif (41) (32) 888 7776 ITIC continuous imvolvement with pesticides""]"
train,10395,10395.png,10395_3,What is the main topic or content discussed in this section?,following up with our last phone conversation regarding ITiC continuous involvement with pesticides at the intemnational level I am sending to you some material that may be of interest to...,comprehension,Summarized the main content from the text region.,[3],"[""following up with our last phone conversation regarding ITiC continuous involvement with pesticides at the intemnational level I am sending to you some material that may be of interest to you.""]"
train,10399,10399.png,10399_0,What are the column headers in the table?,"International Toxicolgy Information Centre Paseo Ramon Lif, 1, 4-D E-20002 SAN SEBASTZAN, SPaIn (34-43) 32 04, 55",lookup,The header row contains the table's column names.,[0],"[""International Toxicolgy Information Centre Paseo Ramon Lif, 1, 4-D E-20002 SAN SEBASTZAN, SPaIn (34-43) 32 04 | 55""]"
train,10399,10399.png,10399_1,How many data rows are in the table (excluding the header)?,0,lookup,Counted the number of non-header rows parsed from the table.,[0],"[""Data rows detected: 0""]"
train,10399,10399.png,10399_2,What does the figure show?,"July 18,1997 Dr Helmut Reif (41) (32) 888 7776 ITIC continuous imvolvement with pesticides",lookup,Answered using the figure's extracted description text.,[1],"[""July 18,1997 Dr Helmut Reif (41) (32) 888 7776 ITIC continuous imvolvement with pesticides""]"
train,10399,10399.png,10399_3,What is the main topic or content discussed in this section?,following up with our last phone conversation regarding ITiC continuous involvement with pesticides at the intemnational level I am sending to you some material that may be of interest to...,comprehension,Summarized the main content from the text region.,[3],"[""following up with our last phone conversation regarding ITiC continuous involvement with pesticides at the intemnational level I am sending to you some material that may be of interest to you.""]"
train,1040,1040.png,1040_0,What is the main topic or content discussed in this section?,"1. Movement of proposed information regarding outcome of the PROactive trial from the Clinical Studies section to the ADVERSE REACTIONS section, and inclusion of information only from the primary endp",comprehension,Summarized the main content from the text region.,[5],"[""1. Movement of proposed information regarding outcome of the PROactive trial from the Clinical Studies section to the ADVERSE REACTIONS section, and inclusion of information only from the primary endp""]"
train,10401,10401.png,10401_0,What are the column headers in the table?,"International Toxicolgy Information Centre Paseo Ramon Lif, 1, 4-D E-20002 SAN SEBASTZAN, SPaIn (34-43) 32 04, 55",lookup,The header row contains the table's column names.,[0],"[""International Toxicolgy Information Centre Paseo Ramon Lif, 1, 4-D E-20002 SAN SEBASTZAN, SPaIn (34-43) 32 04 | 55""]"
train,10401,10401.png,10401_1,How many data rows are in the table (excluding the header)?,0,lookup,Counted the number of non-header rows parsed from the table.,[0],"[""Data rows detected: 0""]"
train,10401,10401.png,10401_2,What does the figure show?,"July 18,1997 Dr Helmut Reif (41) (32) 888 7776 ITIC continuous imvolvement with pesticides",lookup,Answered using the figure's extracted description text.,[1],"[""July 18,1997 Dr Helmut Reif (41) (32) 888 7776 ITIC continuous imvolvement with pesticides""]"
train,10401,10401.png,10401_3,What is the main topic or content discussed in this section?,following up with our last phone conversation regarding ITiC continuous involvement with pesticides at the intemnational level I am sending to you some material that may be of interest to...,comprehension,Summarized the main content from the text region.,[3],"[""following up with our last phone conversation regarding ITiC continuous involvement with pesticides at the intemnational level I am sending to you some material that may be of interest to you.""]"
train,10403,10403.png,10403_0,What are the column headers in the table?,"International Toxicolgy Information Centre Paseo Ramon Lif, 1, 4-D E-20002 SAN SEBASTZAN, SPaIn (34-43) 32 04, 55",lookup,The header row contains the table's column names.,[0],"[""International Toxicolgy Information Centre Paseo Ramon Lif, 1, 4-D E-20002 SAN SEBASTZAN, SPaIn (34-43) 32 04 | 55""]"
train,10403,10403.png,10403_1,How many data rows are in the table (excluding the header)?,0,lookup,Counted the number of non-header rows parsed from the table.,[0],"[""Data rows detected: 0""]"
train,10403,10403.png,10403_2,What does the figure show?,"July 18,1997 Dr Helmut Reif (41) (32) 888 7776 ITIC continuous imvolvement with pesticides",lookup,Answered using the figure's extracted description text.,[1],"[""July 18,1997 Dr Helmut Reif (41) (32) 888 7776 ITIC continuous imvolvement with pesticides""]"
train,10403,10403.png,10403_3,What is the main topic or content discussed in this section?,following up with our last phone conversation regarding ITiC continuous involvement with pesticides at the intemnational level I am sending to you some material that may be of interest to...,comprehension,Summarized the main content from the text region.,[3],"[""following up with our last phone conversation regarding ITiC continuous involvement with pesticides at the intemnational level I am sending to you some material that may be of interest to you.""]"
train,10409,10409.png,10409_0,What does the figure show?,Attendance not required; agenda supplied as information. Ms. C. C. Davis R&D BBU Managers Mr. R. E. Harper Ms. N. C. Huettel Mr. D. J. Herko Mr. S. H. Lane Ms. M. D. Stevenson Mr. J. D. Blackburn Mr.,lookup,Answered using the figure's extracted description text.,[10],"[""Attendance not required; agenda supplied as information. Ms. C. C. Davis R&D BBU Managers Mr. R. E. Harper Ms. N. C. Huettel Mr. D. J. Herko Mr. S. H. Lane Ms. M. D. Stevenson Mr. J. D. Blackburn Mr. ""]"
train,10410,10410.png,10410_0,What does the figure show?,Attendance not required; agenda supplied as information. Ms. C. C. Davis R&D BBU Managers Mr. R. E. Harper Ms. N. C. Huettel Mr. D. J. Herko Mr. S. H. Lane Ms. M. D. Stevenson Mr. J. D. Blackburn Mr.,lookup,Answered using the figure's extracted description text.,[10],"[""Attendance not required; agenda supplied as information. Ms. C. C. Davis R&D BBU Managers Mr. R. E. Harper Ms. N. C. Huettel Mr. D. J. Herko Mr. S. H. Lane Ms. M. D. Stevenson Mr. J. D. Blackburn Mr. ""]"
train,10412,10412.png,10412_0,What does the figure show?,Attendance not required; agenda supplied as information. Ms. C. C. Davis R&D BBU Managers Mr. R. E. Harper Ms. N. C. Huettel Mr. D. J. Herko Mr. S. H. Lane Ms. M. D. Stevenson Mr. J. D. Blackburn Mr.,lookup,Answered using the figure's extracted description text.,[10],"[""Attendance not required; agenda supplied as information. Ms. C. C. Davis R&D BBU Managers Mr. R. E. Harper Ms. N. C. Huettel Mr. D. J. Herko Mr. S. H. Lane Ms. M. D. Stevenson Mr. J. D. Blackburn Mr. ""]"
train,10413,10413.png,10413_0,What does the figure show?,Attendance not required; agenda supplied as information. Ms. C. C. Davis R&D BBU Managers Mr. R. E. Harper Ms. N. C. Huettel Mr. D. J. Herko Mr. S. H. Lane Ms. M. D. Stevenson Mr. J. D. Blackburn Mr.,lookup,Answered using the figure's extracted description text.,[10],"[""Attendance not required; agenda supplied as information. Ms. C. C. Davis R&D BBU Managers Mr. R. E. Harper Ms. N. C. Huettel Mr. D. J. Herko Mr. S. H. Lane Ms. M. D. Stevenson Mr. J. D. Blackburn Mr. ""]"
train,10414,10414.png,10414_0,What does the figure show?,Attendance not required; agenda supplied as information. Ms. C. C. Davis R&D BBU Managers Mr. R. E. Harper Ms. N. C. Huettel Mr. D. J. Herko Mr. S. H. Lane Ms. M. D. Stevenson Mr. J. D. Blackburn Mr.,lookup,Answered using the figure's extracted description text.,[10],"[""Attendance not required; agenda supplied as information. Ms. C. C. Davis R&D BBU Managers Mr. R. E. Harper Ms. N. C. Huettel Mr. D. J. Herko Mr. S. H. Lane Ms. M. D. Stevenson Mr. J. D. Blackburn Mr. ""]"
train,1042,1042.png,1042_0,What is the main topic or content discussed in this section?,"1. Movement of proposed information regarding outcome of the PROactive trial from the Clinical Studies section to the ADVERSE REACTIONS section, and inclusion of information only from the primary endp",comprehension,Summarized the main content from the text region.,[5],"[""1. Movement of proposed information regarding outcome of the PROactive trial from the Clinical Studies section to the ADVERSE REACTIONS section, and inclusion of information only from the primary endp""]"
train,1043,1043.png,1043_0,What are the column headers in the table?,"Alan D. Mackenzie Senior Vice PresidentSales and Marketing Takeda Pharmaceuticals America,Inc. 475 HalfDay Road Suite 500 Lincolnshire,IL., 60069",lookup,The header row contains the table's column names.,[0],"[""Alan D. Mackenzie Senior Vice PresidentSales and Marketing Takeda Pharmaceuticals America,Inc. 475 HalfDay Road Suite 500 Lincolnshire,IL. | 60069""]"
train,1043,1043.png,1043_1,How many data rows are in the table (excluding the header)?,0,lookup,Counted the number of non-header rows parsed from the table.,[0],"[""Data rows detected: 0""]"
train,1043,1043.png,1043_2,What is the main topic or content discussed in this section?,"The reimbursement cap for the details above the Lily Actos Target Detail Level,as currenty reflected in Sections 2.04(A)and (C),shall be raised (o 1.1 million (rather than 800,000 plus 25% ie,1...",comprehension,Summarized the main content from the text region.,[4],"[""The reimbursement cap for the details above the Lily Actos Target Detail Level,as currenty reflected in Sections 2.04(A)and (C),shall be raised (o 1.1 million (rather than 800,000 plus 25% ie,1 millio""]"
train,1044,1044.png,1044_0,What is the main topic or content discussed in this section?,"1. Movement of proposed information regarding outcome of the PROactive trial from the Clinical Studies section to the ADVERSE REACTIONS section, and inclusion of information only from the primary endp",comprehension,Summarized the main content from the text region.,[5],"[""1. Movement of proposed information regarding outcome of the PROactive trial from the Clinical Studies section to the ADVERSE REACTIONS section, and inclusion of information only from the primary endp""]"
train,10445,10445.png,10445_0,What is the main topic or content discussed in this section?,The billback system will capture purchases during the effective date for participating stores with purchases through EDIs. The stores will be credited at cost through the normal billback process in...,comprehension,Summarized the main content from the text region.,[6],"[""The billback system will capture purchases during the effective date for participating stores with purchases through EDIs. The stores will be credited at cost through the normal billback process in th""]"
train,1045,1045.png,1045_0,What are the column headers in the table?,"Alan D. Mackenzie Senior Vice PresidentSales and Marketing Takeda Pharmaceuticals America,Inc. 475 HalfDay Road Suite 500 Lincolnshire,IL., 60069",lookup,The header row contains the table's column names.,[0],"[""Alan D. Mackenzie Senior Vice PresidentSales and Marketing Takeda Pharmaceuticals America,Inc. 475 HalfDay Road Suite 500 Lincolnshire,IL. | 60069""]"
train,1045,1045.png,1045_1,How many data rows are in the table (excluding the header)?,0,lookup,Counted the number of non-header rows parsed from the table.,[0],"[""Data rows detected: 0""]"
train,1045,1045.png,1045_2,What is the main topic or content discussed in this section?,"The reimbursement cap for the details above the Lily Actos Target Detail Level,as currenty reflected in Sections 2.04(A)and (C),shall be raised (o 1.1 million (rather than 800,000 plus 25% ie,1...",comprehension,Summarized the main content from the text region.,[4],"[""The reimbursement cap for the details above the Lily Actos Target Detail Level,as currenty reflected in Sections 2.04(A)and (C),shall be raised (o 1.1 million (rather than 800,000 plus 25% ie,1 millio""]"
train,10451,10451.png,10451_0,What does the figure show?,State: WA,lookup,Answered using the figure's extracted description text.,[2],"[""State: WA""]"
train,10453,10453.png,10453_0,What is the main topic or content discussed in this section?,"By signing above, Customer agrees: to participate in the R. J. Reynolds Focus Program for the current Program Period with a Base share-of-market, and beginning cigarette inventory as set forth...",comprehension,Summarized the main content from the text region.,[0],"[""By signing above, Customer agrees: to participate in the R. J. Reynolds Focus Program for the current Program Period with a Base share-of-market, and beginning cigarette inventory as set forth below a""]"
train,10454,10454.png,10454_0,What does the figure show?,State: WA,lookup,Answered using the figure's extracted description text.,[2],"[""State: WA""]"
train,10456,10456.png,10456_0,What does the figure show?,State: WA,lookup,Answered using the figure's extracted description text.,[2],"[""State: WA""]"
train,10457,10457.png,10457_0,What does the figure show?,State: WA,lookup,Answered using the figure's extracted description text.,[2],"[""State: WA""]"
train,10458,10458.png,10458_0,What is the main topic or content discussed in this section?,"By signing above, Customer agrees: to participate in the R. J. Reynolds Focus Program for the current Program Period with a Base share-of-market, and beginning cigarette inventory as set forth...",comprehension,Summarized the main content from the text region.,[0],"[""By signing above, Customer agrees: to participate in the R. J. Reynolds Focus Program for the current Program Period with a Base share-of-market, and beginning cigarette inventory as set forth below a""]"
train,10459,10459.png,10459_0,What is the main topic or content discussed in this section?,"By signing above, Customer agrees: to participate in the R. J. Reynolds Focus Program for the current Program Period with a Base share-of-market, and beginning cigarette inventory as set forth...",comprehension,Summarized the main content from the text region.,[0],"[""By signing above, Customer agrees: to participate in the R. J. Reynolds Focus Program for the current Program Period with a Base share-of-market, and beginning cigarette inventory as set forth below a""]"
train,1046,1046.png,1046_0,What are the column headers in the table?,"Alan D. Mackenzie Senior Vice PresidentSales and Marketing Takeda Pharmaceuticals America,Inc. 475 HalfDay Road Suite 500 Lincolnshire,IL., 60069",lookup,The header row contains the table's column names.,[0],"[""Alan D. Mackenzie Senior Vice PresidentSales and Marketing Takeda Pharmaceuticals America,Inc. 475 HalfDay Road Suite 500 Lincolnshire,IL. | 60069""]"
train,1046,1046.png,1046_1,How many data rows are in the table (excluding the header)?,0,lookup,Counted the number of non-header rows parsed from the table.,[0],"[""Data rows detected: 0""]"
train,1046,1046.png,1046_2,What is the main topic or content discussed in this section?,"The reimbursement cap for the details above the Lily Actos Target Detail Level,as currenty reflected in Sections 2.04(A)and (C),shall be raised (o 1.1 million (rather than 800,000 plus 25% ie,1...",comprehension,Summarized the main content from the text region.,[4],"[""The reimbursement cap for the details above the Lily Actos Target Detail Level,as currenty reflected in Sections 2.04(A)and (C),shall be raised (o 1.1 million (rather than 800,000 plus 25% ie,1 millio""]"
train,10460,10460.png,10460_0,What does the figure show?,State: WA,lookup,Answered using the figure's extracted description text.,[2],"[""State: WA""]"
train,10461,10461.png,10461_0,What is the main topic or content discussed in this section?,"By signing above, Customer agrees: to participate in the R. J. Reynolds Focus Program for the current Program Period with a Base share-of-market, and beginning cigarette inventory as set forth...",comprehension,Summarized the main content from the text region.,[0],"[""By signing above, Customer agrees: to participate in the R. J. Reynolds Focus Program for the current Program Period with a Base share-of-market, and beginning cigarette inventory as set forth below a""]"
train,10462,10462.png,10462_0,What does the figure show?,State: WA,lookup,Answered using the figure's extracted description text.,[2],"[""State: WA""]"
train,10464,10464.png,10464_0,What is the main topic or content discussed in this section?,"By signing above, Customer agrees: to participate in the R. J. Reynolds Focus Program for the current Program Period with a Base share-of-market, and beginning cigarette inventory as set forth...",comprehension,Summarized the main content from the text region.,[0],"[""By signing above, Customer agrees: to participate in the R. J. Reynolds Focus Program for the current Program Period with a Base share-of-market, and beginning cigarette inventory as set forth below a""]"
train,10465,10465.png,10465_0,What does the figure show?,State: WA,lookup,Answered using the figure's extracted description text.,[2],"[""State: WA""]"
train,10466,10466.png,10466_0,What is the main topic or content discussed in this section?,"By signing above, Customer agrees: to participate in the R. J. Reynolds Focus Program for the current Program Period with a Base share-of-market, and beginning cigarette inventory as set forth...",comprehension,Summarized the main content from the text region.,[0],"[""By signing above, Customer agrees: to participate in the R. J. Reynolds Focus Program for the current Program Period with a Base share-of-market, and beginning cigarette inventory as set forth below a""]"
train,10467,10467.png,10467_0,What is the main topic or content discussed in this section?,"By signing above, Customer agrees: to participate in the R. J. Reynolds Focus Program for the current Program Period with a Base share-of-market, and beginning cigarette inventory as set forth...",comprehension,Summarized the main content from the text region.,[0],"[""By signing above, Customer agrees: to participate in the R. J. Reynolds Focus Program for the current Program Period with a Base share-of-market, and beginning cigarette inventory as set forth below a""]"
train,1047,1047.png,1047_0,What is the main topic or content discussed in this section?,"1. Movement of proposed information regarding outcome of the PROactive trial from the Clinical Studies section to the ADVERSE REACTIONS section, and inclusion of information only from the primary endp",comprehension,Summarized the main content from the text region.,[5],"[""1. Movement of proposed information regarding outcome of the PROactive trial from the Clinical Studies section to the ADVERSE REACTIONS section, and inclusion of information only from the primary endp""]"
train,10470,10470.png,10470_0,What does the figure show?,"ail Marketing Plan Agreement is Type: Carton Outlet,",lookup,Answered using the figure's extracted description text.,[1],"[""ail Marketing Plan Agreement is Type: Carton Outlet,""]"
train,10470,10470.png,10470_1,What is the main topic or content discussed in this section?,"2) If Cartons remain Self-Service while Single Packs are mandated NSS RJR signs a new contract, Carton Outlet - Self-Service Cartons and NSS Packs. Payment grid is set at midpoint...",comprehension,Summarized the main content from the text region.,[3],"[""2) If Cartons remain Self-Service while Single Packs are mandated NSS RJR signs a new contract, Carton Outlet - Self-Service Cartons and NSS Packs. Payment grid is set at midpoint between current Self""]"
train,10471,10471.png,10471_0,What is the 8?,"30 - Prescntation - Pride room at 601 Rcconstitutcd Tobacco, Mr. Watson Dufour, Dircctor, Product and Process Devclopment, and Gregory Feron, Sales Manager.",lookup,Extracted value for '8' from form field.,[1],"[""8: 30 - Prescntation - Pride room at 601 Rcconstitutcd Tobacco, Mr. Watson Dufour, Dircctor, Product and Process Devclopment, and Gregory Feron, Sales Manager.""]"
train,10473,10473.png,10473_0,What is the 8?,"30 - Prescntation - Pride room at 601 Rcconstitutcd Tobacco, Mr. Watson Dufour, Dircctor, Product and Process Devclopment, and Gregory Feron, Sales Manager.",lookup,Extracted value for '8' from form field.,[1],"[""8: 30 - Prescntation - Pride room at 601 Rcconstitutcd Tobacco, Mr. Watson Dufour, Dircctor, Product and Process Devclopment, and Gregory Feron, Sales Manager.""]"
train,10474,10474.png,10474_0,What does the figure show?,"ail Marketing Plan Agreement is Type: Carton Outlet,",lookup,Answered using the figure's extracted description text.,[1],"[""ail Marketing Plan Agreement is Type: Carton Outlet,""]"
train,10474,10474.png,10474_1,What is the main topic or content discussed in this section?,"2) If Cartons remain Self-Service while Single Packs are mandated NSS RJR signs a new contract, Carton Outlet - Self-Service Cartons and NSS Packs. Payment grid is set at midpoint...",comprehension,Summarized the main content from the text region.,[3],"[""2) If Cartons remain Self-Service while Single Packs are mandated NSS RJR signs a new contract, Carton Outlet - Self-Service Cartons and NSS Packs. Payment grid is set at midpoint between current Self""]"
train,10476,10476.png,10476_0,What is the Mike BeIniak DIV?,1140,lookup,Extracted value for 'Mike BeIniak DIV' from form field.,[0],"[""Mike BeIniak DIV: 1140""]"
train,10476,10476.png,10476_1,What is the Tele?,508-435-8613,lookup,Extracted value for 'Tele' from form field.,[0],"[""Tele: 508-435-8613""]"
train,10476,10476.png,10476_2,What does the figure show?,VM: 67719,lookup,Answered using the figure's extracted description text.,[1],"[""VM: 67719""]"
train,10478,10478.png,10478_0,What is the Mike BeIniak DIV?,1140,lookup,Extracted value for 'Mike BeIniak DIV' from form field.,[0],"[""Mike BeIniak DIV: 1140""]"
train,10478,10478.png,10478_1,What is the Tele?,508-435-8613,lookup,Extracted value for 'Tele' from form field.,[0],"[""Tele: 508-435-8613""]"
train,10478,10478.png,10478_2,What does the figure show?,VM: 67719,lookup,Answered using the figure's extracted description text.,[1],"[""VM: 67719""]"
train,10479,10479.png,10479_0,What does the figure show?,"ail Marketing Plan Agreement is Type: Carton Outlet,",lookup,Answered using the figure's extracted description text.,[1],"[""ail Marketing Plan Agreement is Type: Carton Outlet,""]"
train,10479,10479.png,10479_1,What is the main topic or content discussed in this section?,"2) If Cartons remain Self-Service while Single Packs are mandated NSS RJR signs a new contract, Carton Outlet - Self-Service Cartons and NSS Packs. Payment grid is set at midpoint...",comprehension,Summarized the main content from the text region.,[3],"[""2) If Cartons remain Self-Service while Single Packs are mandated NSS RJR signs a new contract, Carton Outlet - Self-Service Cartons and NSS Packs. Payment grid is set at midpoint between current Self""]"
train,1048,1048.png,1048_0,What are the column headers in the table?,"Alan D. Mackenzie Senior Vice PresidentSales and Marketing Takeda Pharmaceuticals America,Inc. 475 HalfDay Road Suite 500 Lincolnshire,IL., 60069",lookup,The header row contains the table's column names.,[0],"[""Alan D. Mackenzie Senior Vice PresidentSales and Marketing Takeda Pharmaceuticals America,Inc. 475 HalfDay Road Suite 500 Lincolnshire,IL. | 60069""]"
train,1048,1048.png,1048_1,How many data rows are in the table (excluding the header)?,0,lookup,Counted the number of non-header rows parsed from the table.,[0],"[""Data rows detected: 0""]"
train,1048,1048.png,1048_2,What is the main topic or content discussed in this section?,"The reimbursement cap for the details above the Lily Actos Target Detail Level,as currenty reflected in Sections 2.04(A)and (C),shall be raised (o 1.1 million (rather than 800,000 plus 25% ie,1...",comprehension,Summarized the main content from the text region.,[4],"[""The reimbursement cap for the details above the Lily Actos Target Detail Level,as currenty reflected in Sections 2.04(A)and (C),shall be raised (o 1.1 million (rather than 800,000 plus 25% ie,1 millio""]"
train,10480,10480.png,10480_0,What is the Mike BeIniak DIV?,1140,lookup,Extracted value for 'Mike BeIniak DIV' from form field.,[0],"[""Mike BeIniak DIV: 1140""]"
train,10480,10480.png,10480_1,What is the Tele?,508-435-8613,lookup,Extracted value for 'Tele' from form field.,[0],"[""Tele: 508-435-8613""]"
train,10480,10480.png,10480_2,What does the figure show?,VM: 67719,lookup,Answered using the figure's extracted description text.,[1],"[""VM: 67719""]"
train,10481,10481.png,10481_0,What is the Mike BeIniak DIV?,1140,lookup,Extracted value for 'Mike BeIniak DIV' from form field.,[0],"[""Mike BeIniak DIV: 1140""]"
train,10481,10481.png,10481_1,What is the Tele?,508-435-8613,lookup,Extracted value for 'Tele' from form field.,[0],"[""Tele: 508-435-8613""]"
train,10481,10481.png,10481_2,What does the figure show?,VM: 67719,lookup,Answered using the figure's extracted description text.,[1],"[""VM: 67719""]"
train,10482,10482.png,10482_0,What is the Mike BeIniak DIV?,1140,lookup,Extracted value for 'Mike BeIniak DIV' from form field.,[0],"[""Mike BeIniak DIV: 1140""]"
train,10482,10482.png,10482_1,What is the Tele?,508-435-8613,lookup,Extracted value for 'Tele' from form field.,[0],"[""Tele: 508-435-8613""]"
train,10482,10482.png,10482_2,What does the figure show?,VM: 67719,lookup,Answered using the figure's extracted description text.,[1],"[""VM: 67719""]"
train,10483,10483.png,10483_0,What is the Mike BeIniak DIV?,1140,lookup,Extracted value for 'Mike BeIniak DIV' from form field.,[0],"[""Mike BeIniak DIV: 1140""]"
train,10483,10483.png,10483_1,What is the Tele?,508-435-8613,lookup,Extracted value for 'Tele' from form field.,[0],"[""Tele: 508-435-8613""]"
train,10483,10483.png,10483_2,What does the figure show?,VM: 67719,lookup,Answered using the figure's extracted description text.,[1],"[""VM: 67719""]"
train,10485,10485.png,10485_0,What is the Mike BeIniak DIV?,1140,lookup,Extracted value for 'Mike BeIniak DIV' from form field.,[0],"[""Mike BeIniak DIV: 1140""]"
train,10485,10485.png,10485_1,What is the Tele?,508-435-8613,lookup,Extracted value for 'Tele' from form field.,[0],"[""Tele: 508-435-8613""]"
train,10485,10485.png,10485_2,What does the figure show?,VM: 67719,lookup,Answered using the figure's extracted description text.,[1],"[""VM: 67719""]"
train,10488,10488.png,10488_0,What are the column headers in the table?,"UNITS 0 1 0 1 0, 1",lookup,The header row contains the table's column names.,[6],"[""UNITS 0 1 0 1 0 | 1""]"
train,10488,10488.png,10488_1,How many data rows are in the table (excluding the header)?,0,lookup,Counted the number of non-header rows parsed from the table.,[6],"[""Data rows detected: 0""]"
train,1049,1049.png,1049_0,What is the main topic or content discussed in this section?,It is with deep regret that I convey this message. As you know Upjohn and Takeda enjoy a strong and beneficial relationahip based on mutual respect. It is a great...,comprehension,Summarized the main content from the text region.,[4],"[""It is with deep regret that I convey this message. As you know Upjohn and Takeda enjoy a strong and beneficial relationahip based on mutual respect. It is a great disappointment to us that we will not""]"
train,10490,10490.png,10490_0,What are the column headers in the table?,"UNITS 0 1 0 1 0, 1",lookup,The header row contains the table's column names.,[6],"[""UNITS 0 1 0 1 0 | 1""]"
train,10490,10490.png,10490_1,How many data rows are in the table (excluding the header)?,0,lookup,Counted the number of non-header rows parsed from the table.,[6],"[""Data rows detected: 0""]"
train,10491,10491.png,10491_0,What are the column headers in the table?,"UNITS 0 1 0 1 0, 1",lookup,The header row contains the table's column names.,[6],"[""UNITS 0 1 0 1 0 | 1""]"
train,10491,10491.png,10491_1,How many data rows are in the table (excluding the header)?,0,lookup,Counted the number of non-header rows parsed from the table.,[6],"[""Data rows detected: 0""]"
train,10493,10493.png,10493_0,What are the column headers in the table?,"UNITS 0 1 0 1 0, 1",lookup,The header row contains the table's column names.,[6],"[""UNITS 0 1 0 1 0 | 1""]"
train,10493,10493.png,10493_1,How many data rows are in the table (excluding the header)?,0,lookup,Counted the number of non-header rows parsed from the table.,[6],"[""Data rows detected: 0""]"
train,10494,10494.png,10494_0,What are the column headers in the table?,"Mr. P. E. Braxton Ms. J. P. Wheeler Mr. L. J. Inman Mr. P. L. Arrowood Mr. C. E. Tinsley,, Dr. R. L. Suber Mr. D. I. Lamonds Mr. J. W. Lawson Mr. H.R. Kornegay, Jr. Mr. T. L. Hickman",lookup,The header row contains the table's column names.,[6],"[""Mr. P. E. Braxton Ms. J. P. Wheeler Mr. L. J. Inman Mr. P. L. Arrowood Mr. C. E. Tinsley, | Dr. R. L. Suber Mr. D. I. Lamonds Mr. J. W. Lawson Mr. H.R. Kornegay, Jr. Mr. T. L. Hickman""]"
train,10494,10494.png,10494_1,How many data rows are in the table (excluding the header)?,0,lookup,Counted the number of non-header rows parsed from the table.,[6],"[""Data rows detected: 0""]"
train,10495,10495.png,10495_0,What are the column headers in the table?,"Mr. P. E. Braxton Ms. J. P. Wheeler Mr. L. J. Inman Mr. P. L. Arrowood Mr. C. E. Tinsley,, Dr. R. L. Suber Mr. D. I. Lamonds Mr. J. W. Lawson Mr. H.R. Kornegay, Jr. Mr. T. L. Hickman",lookup,The header row contains the table's column names.,[6],"[""Mr. P. E. Braxton Ms. J. P. Wheeler Mr. L. J. Inman Mr. P. L. Arrowood Mr. C. E. Tinsley, | Dr. R. L. Suber Mr. D. I. Lamonds Mr. J. W. Lawson Mr. H.R. Kornegay, Jr. Mr. T. L. Hickman""]"
train,10495,10495.png,10495_1,How many data rows are in the table (excluding the header)?,0,lookup,Counted the number of non-header rows parsed from the table.,[6],"[""Data rows detected: 0""]"
train,10499,10499.png,10499_0,What are the column headers in the table?,"Mr. P. E. Braxton Ms. J. P. Wheeler Mr. L. J. Inman Mr. P. L. Arrowood Mr. C. E. Tinsley,, Dr. R. L. Suber Mr. D. I. Lamonds Mr. J. W. Lawson Mr. H.R. Kornegay, Jr. Mr. T. L. Hickman",lookup,The header row contains the table's column names.,[6],"[""Mr. P. E. Braxton Ms. J. P. Wheeler Mr. L. J. Inman Mr. P. L. Arrowood Mr. C. E. Tinsley, | Dr. R. L. Suber Mr. D. I. Lamonds Mr. J. W. Lawson Mr. H.R. Kornegay, Jr. Mr. T. L. Hickman""]"
train,10499,10499.png,10499_1,How many data rows are in the table (excluding the header)?,0,lookup,Counted the number of non-header rows parsed from the table.,[6],"[""Data rows detected: 0""]"
train,10500,10500.png,10500_0,What are the column headers in the table?,"Mr. P. E. Braxton Ms. J. P. Wheeler Mr. L. J. Inman Mr. P. L. Arrowood Mr. C. E. Tinsley,, Dr. R. L. Suber Mr. D. I. Lamonds Mr. J. W. Lawson Mr. H.R. Kornegay, Jr. Mr. T. L. Hickman",lookup,The header row contains the table's column names.,[6],"[""Mr. P. E. Braxton Ms. J. P. Wheeler Mr. L. J. Inman Mr. P. L. Arrowood Mr. C. E. Tinsley, | Dr. R. L. Suber Mr. D. I. Lamonds Mr. J. W. Lawson Mr. H.R. Kornegay, Jr. Mr. T. L. Hickman""]"
train,10500,10500.png,10500_1,How many data rows are in the table (excluding the header)?,0,lookup,Counted the number of non-header rows parsed from the table.,[6],"[""Data rows detected: 0""]"
train,10509,10509.png,10509_0,What are the column headers in the table?,"Dilbert Principle (i.e.,Cult ural I ssues) D) iversity, nnovat ion eader ship i3 est practices Excellence A eint or cement eamwork",lookup,The header row contains the table's column names.,[2],"[""Dilbert Principle (i.e.,Cult ural I ssues) D) iversity | nnovat ion eader ship i3 est practices Excellence A eint or cement eamwork""]"
train,10509,10509.png,10509_1,How many data rows are in the table (excluding the header)?,0,lookup,Counted the number of non-header rows parsed from the table.,[2],"[""Data rows detected: 0""]"
train,1051,1051.png,1051_0,What is the main topic or content discussed in this section?,It is with deep regret that I convey this message. As you know Upjohn and Takeda enjoy a strong and beneficial relationahip based on mutual respect. It is a great...,comprehension,Summarized the main content from the text region.,[4],"[""It is with deep regret that I convey this message. As you know Upjohn and Takeda enjoy a strong and beneficial relationahip based on mutual respect. It is a great disappointment to us that we will not""]"
train,10511,10511.png,10511_0,What are the column headers in the table?,"Dilbert Principle (i.e.,Cult ural I ssues) D) iversity, nnovat ion eader ship i3 est practices Excellence A eint or cement eamwork",lookup,The header row contains the table's column names.,[2],"[""Dilbert Principle (i.e.,Cult ural I ssues) D) iversity | nnovat ion eader ship i3 est practices Excellence A eint or cement eamwork""]"
train,10511,10511.png,10511_1,How many data rows are in the table (excluding the header)?,0,lookup,Counted the number of non-header rows parsed from the table.,[2],"[""Data rows detected: 0""]"
train,10512,10512.png,10512_0,What are the column headers in the table?,"Dilbert Principle (i.e.,Cult ural I ssues) D) iversity, nnovat ion eader ship i3 est practices Excellence A eint or cement eamwork",lookup,The header row contains the table's column names.,[2],"[""Dilbert Principle (i.e.,Cult ural I ssues) D) iversity | nnovat ion eader ship i3 est practices Excellence A eint or cement eamwork""]"
train,10512,10512.png,10512_1,How many data rows are in the table (excluding the header)?,0,lookup,Counted the number of non-header rows parsed from the table.,[2],"[""Data rows detected: 0""]"
train,10513,10513.png,10513_0,What is the Store Name?,Jommys Vauty Ine,lookup,Extracted value for 'Store Name' from form field.,[0],"[""Store Name: Jommys Vauty Ine""]"
train,10513,10513.png,10513_1,What is the Address?,"365,Ga2h Nd",lookup,Extracted value for 'Address' from form field.,[0],"[""Address: 365,Ga2h Nd""]"
train,10513,10513.png,10513_2,What are the column headers in the table?,"_(Acct Group FPD) (Acct Group SPD) (Acct Group FPD & SPD) ANSEn) 673, 14l",lookup,The header row contains the table's column names.,[3],"[""_(Acct Group FPD) (Acct Group SPD) (Acct Group FPD & SPD) ANSEn) 673 | 14l""]"
train,10513,10513.png,10513_3,How many data rows are in the table (excluding the header)?,0,lookup,Counted the number of non-header rows parsed from the table.,[3],"[""Data rows detected: 0""]"
train,10513,10513.png,10513_4,What is the main topic or content discussed in this section?,"By signing this form, you have authorized the wholesaler of your choice to ship ongoing RJR promotions to your store. RJR requests your assistance with the following: Please do not...",comprehension,Summarized the main content from the text region.,[4],"[""By signing this form, you have authorized the wholesaler of your choice to ship ongoing RJR promotions to your store. RJR requests your assistance with the following: Please do not refuse deliveries o""]"
train,10515,10515.png,10515_0,What does the figure show?,Address 2: City: Direct Account Contact Information: Name:,lookup,Answered using the figure's extracted description text.,[1],"[""Address 2: City: Direct Account Contact Information: Name:""]"
train,10516,10516.png,10516_0,What does the figure show?,Address 2: City: Direct Account Contact Information: Name:,lookup,Answered using the figure's extracted description text.,[1],"[""Address 2: City: Direct Account Contact Information: Name:""]"
train,10518,10518.png,10518_0,What does the figure show?,Address 2: City: Direct Account Contact Information: Name:,lookup,Answered using the figure's extracted description text.,[1],"[""Address 2: City: Direct Account Contact Information: Name:""]"
train,10519,10519.png,10519_0,What is the Store Name?,Jommys Vauty Ine,lookup,Extracted value for 'Store Name' from form field.,[0],"[""Store Name: Jommys Vauty Ine""]"
train,10519,10519.png,10519_1,What is the Address?,"365,Ga2h Nd",lookup,Extracted value for 'Address' from form field.,[0],"[""Address: 365,Ga2h Nd""]"
train,10519,10519.png,10519_2,What are the column headers in the table?,"_(Acct Group FPD) (Acct Group SPD) (Acct Group FPD & SPD) ANSEn) 673, 14l",lookup,The header row contains the table's column names.,[3],"[""_(Acct Group FPD) (Acct Group SPD) (Acct Group FPD & SPD) ANSEn) 673 | 14l""]"
train,10519,10519.png,10519_3,How many data rows are in the table (excluding the header)?,0,lookup,Counted the number of non-header rows parsed from the table.,[3],"[""Data rows detected: 0""]"
train,10519,10519.png,10519_4,What is the main topic or content discussed in this section?,"By signing this form, you have authorized the wholesaler of your choice to ship ongoing RJR promotions to your store. RJR requests your assistance with the following: Please do not...",comprehension,Summarized the main content from the text region.,[4],"[""By signing this form, you have authorized the wholesaler of your choice to ship ongoing RJR promotions to your store. RJR requests your assistance with the following: Please do not refuse deliveries o""]"
train,1052,1052.png,1052_0,What is the main topic or content discussed in this section?,It is with deep regret that I convey this message. As you know Upjohn and Takeda enjoy a strong and beneficial relationahip based on mutual respect. It is a great...,comprehension,Summarized the main content from the text region.,[4],"[""It is with deep regret that I convey this message. As you know Upjohn and Takeda enjoy a strong and beneficial relationahip based on mutual respect. It is a great disappointment to us that we will not""]"
train,10521,10521.png,10521_0,What is the Store Name?,Jommys Vauty Ine,lookup,Extracted value for 'Store Name' from form field.,[0],"[""Store Name: Jommys Vauty Ine""]"
train,10521,10521.png,10521_1,What is the Address?,"365,Ga2h Nd",lookup,Extracted value for 'Address' from form field.,[0],"[""Address: 365,Ga2h Nd""]"
train,10521,10521.png,10521_2,What are the column headers in the table?,"_(Acct Group FPD) (Acct Group SPD) (Acct Group FPD & SPD) ANSEn) 673, 14l",lookup,The header row contains the table's column names.,[3],"[""_(Acct Group FPD) (Acct Group SPD) (Acct Group FPD & SPD) ANSEn) 673 | 14l""]"
train,10521,10521.png,10521_3,How many data rows are in the table (excluding the header)?,0,lookup,Counted the number of non-header rows parsed from the table.,[3],"[""Data rows detected: 0""]"
train,10521,10521.png,10521_4,What is the main topic or content discussed in this section?,"By signing this form, you have authorized the wholesaler of your choice to ship ongoing RJR promotions to your store. RJR requests your assistance with the following: Please do not...",comprehension,Summarized the main content from the text region.,[4],"[""By signing this form, you have authorized the wholesaler of your choice to ship ongoing RJR promotions to your store. RJR requests your assistance with the following: Please do not refuse deliveries o""]"
train,10524,10524.png,10524_0,What is the Store Name?,Jommys Vauty Ine,lookup,Extracted value for 'Store Name' from form field.,[0],"[""Store Name: Jommys Vauty Ine""]"
train,10524,10524.png,10524_1,What is the Address?,"365,Ga2h Nd",lookup,Extracted value for 'Address' from form field.,[0],"[""Address: 365,Ga2h Nd""]"
train,10524,10524.png,10524_2,What are the column headers in the table?,"_(Acct Group FPD) (Acct Group SPD) (Acct Group FPD & SPD) ANSEn) 673, 14l",lookup,The header row contains the table's column names.,[3],"[""_(Acct Group FPD) (Acct Group SPD) (Acct Group FPD & SPD) ANSEn) 673 | 14l""]"
train,10524,10524.png,10524_3,How many data rows are in the table (excluding the header)?,0,lookup,Counted the number of non-header rows parsed from the table.,[3],"[""Data rows detected: 0""]"
train,10524,10524.png,10524_4,What is the main topic or content discussed in this section?,"By signing this form, you have authorized the wholesaler of your choice to ship ongoing RJR promotions to your store. RJR requests your assistance with the following: Please do not...",comprehension,Summarized the main content from the text region.,[4],"[""By signing this form, you have authorized the wholesaler of your choice to ship ongoing RJR promotions to your store. RJR requests your assistance with the following: Please do not refuse deliveries o""]"
train,10525,10525.png,10525_0,What does the figure show?,Address 2: City: Direct Account Contact Information: Name:,lookup,Answered using the figure's extracted description text.,[1],"[""Address 2: City: Direct Account Contact Information: Name:""]"
train,10527,10527.png,10527_0,What does the figure show?,Address 2: City: Direct Account Contact Information: Name:,lookup,Answered using the figure's extracted description text.,[1],"[""Address 2: City: Direct Account Contact Information: Name:""]"
train,1053,1053.png,1053_0,What is the main topic or content discussed in this section?,It is with deep regret that I convey this message. As you know Upjohn and Takeda enjoy a strong and beneficial relationahip based on mutual respect. It is a great...,comprehension,Summarized the main content from the text region.,[4],"[""It is with deep regret that I convey this message. As you know Upjohn and Takeda enjoy a strong and beneficial relationahip based on mutual respect. It is a great disappointment to us that we will not""]"
train,10533,10533.png,10533_0,What are the column headers in the table?,"695 W. SHORE RO. WARWICK, R.I SIS #: 788637 Program Period: 3rd & 4th Quarters, 1998",lookup,The header row contains the table's column names.,[0],"[""695 W. SHORE RO. WARWICK, R.I SIS #: 788637 Program Period: 3rd & 4th Quarters | 1998""]"
train,10533,10533.png,10533_1,How many data rows are in the table (excluding the header)?,0,lookup,Counted the number of non-header rows parsed from the table.,[0],"[""Data rows detected: 0""]"
train,10533,10533.png,10533_2,What does the figure show?,WiWSION/CAMEL Value/Service LARGE PASTERSLWINOOW) $ 20.00 TEMPORAR DISPLAyS $ 20.00 $ RETAILER INKIENSOF 10.00 DEALS,lookup,Answered using the figure's extracted description text.,[2],"[""WiWSION/CAMEL Value/Service LARGE PASTERSLWINOOW) $ 20.00 TEMPORAR DISPLAyS $ 20.00 $ RETAILER INKIENSOF 10.00 DEALS""]"
train,10535,10535.png,10535_0,What are the column headers in the table?,"695 W. SHORE RO. WARWICK, R.I SIS #: 788637 Program Period: 3rd & 4th Quarters, 1998",lookup,The header row contains the table's column names.,[0],"[""695 W. SHORE RO. WARWICK, R.I SIS #: 788637 Program Period: 3rd & 4th Quarters | 1998""]"
train,10535,10535.png,10535_1,How many data rows are in the table (excluding the header)?,0,lookup,Counted the number of non-header rows parsed from the table.,[0],"[""Data rows detected: 0""]"
train,10535,10535.png,10535_2,What does the figure show?,WiWSION/CAMEL Value/Service LARGE PASTERSLWINOOW) $ 20.00 TEMPORAR DISPLAyS $ 20.00 $ RETAILER INKIENSOF 10.00 DEALS,lookup,Answered using the figure's extracted description text.,[2],"[""WiWSION/CAMEL Value/Service LARGE PASTERSLWINOOW) $ 20.00 TEMPORAR DISPLAyS $ 20.00 $ RETAILER INKIENSOF 10.00 DEALS""]"
train,10539,10539.png,10539_0,What does the figure show?,R. J. REYNOLDS BRAND DISTRIBUTION AGREEMENT TAnEtO'S SuPER MARKEt Outlet Type □Pack CTN □CTS Account SIS/C.I.D. No 103006 Agreement Effective Date. Level of Participation □Full Line Distributionor Pri,lookup,Answered using the figure's extracted description text.,[1],"[""R. J. REYNOLDS BRAND DISTRIBUTION AGREEMENT TAnEtO'S SuPER MARKEt Outlet Type □Pack CTN □CTS Account SIS/C.I.D. No 103006 Agreement Effective Date. Level of Participation □Full Line Distributionor Pri""]"
train,10539,10539.png,10539_1,What are the column headers in the table?,"CORE REQUIREMENTS(*C/G ONLY) SALEM FFM85 FFM100 LTM85 LTM100 SUIM LT 100 BX VUL MEN, 100",lookup,The header row contains the table's column names.,[2],"[""CORE REQUIREMENTS(*C/G ONLY) SALEM FFM85 FFM100 LTM85 LTM100 SUIM LT 100 BX VUL MEN | 100""]"
train,10539,10539.png,10539_2,How many data rows are in the table (excluding the header)?,0,lookup,Counted the number of non-header rows parsed from the table.,[2],"[""Data rows detected: 0""]"
train,10542,10542.png,10542_0,What does the figure show?,R. J. REYNOLDS BRAND DISTRIBUTION AGREEMENT TAnEtO'S SuPER MARKEt Outlet Type □Pack CTN □CTS Account SIS/C.I.D. No 103006 Agreement Effective Date. Level of Participation □Full Line Distributionor Pri,lookup,Answered using the figure's extracted description text.,[1],"[""R. J. REYNOLDS BRAND DISTRIBUTION AGREEMENT TAnEtO'S SuPER MARKEt Outlet Type □Pack CTN □CTS Account SIS/C.I.D. No 103006 Agreement Effective Date. Level of Participation □Full Line Distributionor Pri""]"
train,10542,10542.png,10542_1,What are the column headers in the table?,"CORE REQUIREMENTS(*C/G ONLY) SALEM FFM85 FFM100 LTM85 LTM100 SUIM LT 100 BX VUL MEN, 100",lookup,The header row contains the table's column names.,[2],"[""CORE REQUIREMENTS(*C/G ONLY) SALEM FFM85 FFM100 LTM85 LTM100 SUIM LT 100 BX VUL MEN | 100""]"
train,10542,10542.png,10542_2,How many data rows are in the table (excluding the header)?,0,lookup,Counted the number of non-header rows parsed from the table.,[2],"[""Data rows detected: 0""]"
train,10543,10543.png,10543_0,What does the figure show?,R. J. REYNOLDS BRAND DISTRIBUTION AGREEMENT TAnEtO'S SuPER MARKEt Outlet Type □Pack CTN □CTS Account SIS/C.I.D. No 103006 Agreement Effective Date. Level of Participation □Full Line Distributionor Pri,lookup,Answered using the figure's extracted description text.,[1],"[""R. J. REYNOLDS BRAND DISTRIBUTION AGREEMENT TAnEtO'S SuPER MARKEt Outlet Type □Pack CTN □CTS Account SIS/C.I.D. No 103006 Agreement Effective Date. Level of Participation □Full Line Distributionor Pri""]"
train,10543,10543.png,10543_1,What are the column headers in the table?,"CORE REQUIREMENTS(*C/G ONLY) SALEM FFM85 FFM100 LTM85 LTM100 SUIM LT 100 BX VUL MEN, 100",lookup,The header row contains the table's column names.,[2],"[""CORE REQUIREMENTS(*C/G ONLY) SALEM FFM85 FFM100 LTM85 LTM100 SUIM LT 100 BX VUL MEN | 100""]"
train,10543,10543.png,10543_2,How many data rows are in the table (excluding the header)?,0,lookup,Counted the number of non-header rows parsed from the table.,[2],"[""Data rows detected: 0""]"
train,10544,10544.png,10544_0,What does the figure show?,R. J. REYNOLDS BRAND DISTRIBUTION AGREEMENT TAnEtO'S SuPER MARKEt Outlet Type □Pack CTN □CTS Account SIS/C.I.D. No 103006 Agreement Effective Date. Level of Participation □Full Line Distributionor Pri,lookup,Answered using the figure's extracted description text.,[1],"[""R. J. REYNOLDS BRAND DISTRIBUTION AGREEMENT TAnEtO'S SuPER MARKEt Outlet Type □Pack CTN □CTS Account SIS/C.I.D. No 103006 Agreement Effective Date. Level of Participation □Full Line Distributionor Pri""]"
train,10544,10544.png,10544_1,What are the column headers in the table?,"CORE REQUIREMENTS(*C/G ONLY) SALEM FFM85 FFM100 LTM85 LTM100 SUIM LT 100 BX VUL MEN, 100",lookup,The header row contains the table's column names.,[2],"[""CORE REQUIREMENTS(*C/G ONLY) SALEM FFM85 FFM100 LTM85 LTM100 SUIM LT 100 BX VUL MEN | 100""]"
train,10544,10544.png,10544_2,How many data rows are in the table (excluding the header)?,0,lookup,Counted the number of non-header rows parsed from the table.,[2],"[""Data rows detected: 0""]"
train,10549,10549.png,10549_0,What does the figure show?,R. J. REYNOLDS BRAND DISTRIBUTION AGREEMENT TAnEtO'S SuPER MARKEt Outlet Type □Pack CTN □CTS Account SIS/C.I.D. No 103006 Agreement Effective Date. Level of Participation □Full Line Distributionor Pri,lookup,Answered using the figure's extracted description text.,[1],"[""R. J. REYNOLDS BRAND DISTRIBUTION AGREEMENT TAnEtO'S SuPER MARKEt Outlet Type □Pack CTN □CTS Account SIS/C.I.D. No 103006 Agreement Effective Date. Level of Participation □Full Line Distributionor Pri""]"
train,10549,10549.png,10549_1,What are the column headers in the table?,"CORE REQUIREMENTS(*C/G ONLY) SALEM FFM85 FFM100 LTM85 LTM100 SUIM LT 100 BX VUL MEN, 100",lookup,The header row contains the table's column names.,[2],"[""CORE REQUIREMENTS(*C/G ONLY) SALEM FFM85 FFM100 LTM85 LTM100 SUIM LT 100 BX VUL MEN | 100""]"
train,10549,10549.png,10549_2,How many data rows are in the table (excluding the header)?,0,lookup,Counted the number of non-header rows parsed from the table.,[2],"[""Data rows detected: 0""]"
train,1055,1055.png,1055_0,What are the column headers in the table?,"4 Janet L.Haskins Manager,RegulatoryAffairs Takeda PharmaceuticalsNorth America,Inc. 847-383-3243 （Telephone）, 847-383-3427（Fax）",lookup,The header row contains the table's column names.,[4],"[""4 Janet L.Haskins Manager,RegulatoryAffairs Takeda PharmaceuticalsNorth America,Inc. 847-383-3243 （Telephone） | 847-383-3427（Fax）""]"
train,1055,1055.png,1055_1,How many data rows are in the table (excluding the header)?,0,lookup,Counted the number of non-header rows parsed from the table.,[4],"[""Data rows detected: 0""]"
train,1055,1055.png,1055_2,What is the main topic or content discussed in this section?,"As noted in the November 6th, conference call,TPNA will continue to investigate all cases ofbladder cancer and as directed by the Division. Patients diagnosed withbladder cancer during the course of...",comprehension,Summarized the main content from the text region.,[2],"[""As noted in the November 6th, conference call,TPNA will continue to investigate all cases ofbladder cancer and as directed by the Division. Patients diagnosed withbladder cancer during the course of t""]"
train,10554,10554.png,10554_0,What does the figure show?,NO. ■ 004 ■ RECEIVER MERCHANDISING DEPT TRANSMITTER ： R.J.REYNOLDS TOB 12 DATE DEC 19'97 14:09 DURATION MODE PAGES RESULT,lookup,Answered using the figure's extracted description text.,[1],"[""NO. ■ 004 ■ RECEIVER MERCHANDISING DEPT TRANSMITTER ： R.J.REYNOLDS TOB 12 DATE DEC 19'97 14:09 DURATION MODE PAGES RESULT""]"
train,10555,10555.png,10555_0,What is the √9. NOON - 2?,0O MERCHANDISING IMPACT FOLLOW UP DISCUSSIONS ON:,lookup,Extracted value for '√9. NOON - 2' from form field.,[1],"[""√9. NOON - 2: 0O MERCHANDISING IMPACT FOLLOW UP DISCUSSIONS ON:""]"
train,10556,10556.png,10556_0,What does the figure show?,NO. ■ 004 ■ RECEIVER MERCHANDISING DEPT TRANSMITTER ： R.J.REYNOLDS TOB 12 DATE DEC 19'97 14:09 DURATION MODE PAGES RESULT,lookup,Answered using the figure's extracted description text.,[1],"[""NO. ■ 004 ■ RECEIVER MERCHANDISING DEPT TRANSMITTER ： R.J.REYNOLDS TOB 12 DATE DEC 19'97 14:09 DURATION MODE PAGES RESULT""]"
train,10557,10557.png,10557_0,What is the main topic or content discussed in this section?,"5.02 RJRT shall determine RJRT brand selection for the FPD's and SD based on account specific marketing (store demographics), along with new brand introduction needs and RJRT's national plan efforts.",comprehension,Summarized the main content from the text region.,[5],"[""5.02 RJRT shall determine RJRT brand selection for the FPD's and SD based on account specific marketing (store demographics), along with new brand introduction needs and RJRT's national plan efforts.""]"
train,10559,10559.png,10559_0,What does the figure show?,NO. ■ 004 ■ RECEIVER MERCHANDISING DEPT TRANSMITTER ： R.J.REYNOLDS TOB 12 DATE DEC 19'97 14:09 DURATION MODE PAGES RESULT,lookup,Answered using the figure's extracted description text.,[1],"[""NO. ■ 004 ■ RECEIVER MERCHANDISING DEPT TRANSMITTER ： R.J.REYNOLDS TOB 12 DATE DEC 19'97 14:09 DURATION MODE PAGES RESULT""]"
train,1056,1056.png,1056_0,What are the column headers in the table?,"4 Janet L.Haskins Manager,RegulatoryAffairs Takeda PharmaceuticalsNorth America,Inc. 847-383-3243 （Telephone）, 847-383-3427（Fax）",lookup,The header row contains the table's column names.,[4],"[""4 Janet L.Haskins Manager,RegulatoryAffairs Takeda PharmaceuticalsNorth America,Inc. 847-383-3243 （Telephone） | 847-383-3427（Fax）""]"
train,1056,1056.png,1056_1,How many data rows are in the table (excluding the header)?,0,lookup,Counted the number of non-header rows parsed from the table.,[4],"[""Data rows detected: 0""]"
train,1056,1056.png,1056_2,What is the main topic or content discussed in this section?,"As noted in the November 6th, conference call,TPNA will continue to investigate all cases ofbladder cancer and as directed by the Division. Patients diagnosed withbladder cancer during the course of...",comprehension,Summarized the main content from the text region.,[2],"[""As noted in the November 6th, conference call,TPNA will continue to investigate all cases ofbladder cancer and as directed by the Division. Patients diagnosed withbladder cancer during the course of t""]"
train,10562,10562.png,10562_0,What is the √9. NOON - 2?,0O MERCHANDISING IMPACT FOLLOW UP DISCUSSIONS ON:,lookup,Extracted value for '√9. NOON - 2' from form field.,[1],"[""√9. NOON - 2: 0O MERCHANDISING IMPACT FOLLOW UP DISCUSSIONS ON:""]"
train,10565,10565.png,10565_0,What does the figure show?,Notes of Interest 333 26 359,lookup,Answered using the figure's extracted description text.,[0],"[""Notes of Interest 333 26 359""]"
train,10565,10565.png,10565_1,What are the column headers in the table?,"12 29 64 12 5 29 1, 1",lookup,The header row contains the table's column names.,[2],"[""12 29 64 12 5 29 1 | 1""]"
train,10565,10565.png,10565_2,How many data rows are in the table (excluding the header)?,0,lookup,Counted the number of non-header rows parsed from the table.,[2],"[""Data rows detected: 0""]"
train,10565,10565.png,10565_3,What is the Session Chair?,"Carl Morrison, Scientific Affairs Symposium",lookup,Extracted value for 'Session Chair' from form field.,[7],"[""Session Chair: Carl Morrison, Scientific Affairs Symposium""]"
train,10565,10565.png,10565_4,What is the Chair?,"Leslie Lewis, Product Development",lookup,Extracted value for 'Chair' from form field.,[7],"[""Chair: Leslie Lewis, Product Development""]"
train,10566,10566.png,10566_0,What is the main topic or content discussed in this section?,"20. TERMINATION RJRT shall have the right to terminate this Contract or any Job Assignment Addenda pursuant hereto, with or without cause, by giving Supplier 24 hours written notice of...",comprehension,Summarized the main content from the text region.,[2],"[""20. TERMINATION RJRT shall have the right to terminate this Contract or any Job Assignment Addenda pursuant hereto, with or without cause, by giving Supplier 24 hours written notice of its decision to""]"
train,10568,10568.png,10568_0,What does the figure show?,Notes of Interest 333 26 359,lookup,Answered using the figure's extracted description text.,[0],"[""Notes of Interest 333 26 359""]"
train,10568,10568.png,10568_1,What are the column headers in the table?,"12 29 64 12 5 29 1, 1",lookup,The header row contains the table's column names.,[2],"[""12 29 64 12 5 29 1 | 1""]"
train,10568,10568.png,10568_2,How many data rows are in the table (excluding the header)?,0,lookup,Counted the number of non-header rows parsed from the table.,[2],"[""Data rows detected: 0""]"
train,10568,10568.png,10568_3,What is the Session Chair?,"Carl Morrison, Scientific Affairs Symposium",lookup,Extracted value for 'Session Chair' from form field.,[7],"[""Session Chair: Carl Morrison, Scientific Affairs Symposium""]"
train,10568,10568.png,10568_4,What is the Chair?,"Leslie Lewis, Product Development",lookup,Extracted value for 'Chair' from form field.,[7],"[""Chair: Leslie Lewis, Product Development""]"
train,10569,10569.png,10569_0,What is the main topic or content discussed in this section?,"Our objcctivcs for the contract discussions need to bc focused on issuc idcntification and resolution ensuring that all proposed rcsolutions put us at a minimal""precedent"" risk outside of a given...",comprehension,Summarized the main content from the text region.,[3],"[""Our objcctivcs for the contract discussions need to bc focused on issuc idcntification and resolution ensuring that all proposed rcsolutions put us at a minimal\""precedent\"" risk outside of a given chai""]"
train,10570,10570.png,10570_0,What does the figure show?,"Name and Title RAY ANDERSON, CATEGORY MANAGER Signed",lookup,Answered using the figure's extracted description text.,[3],"[""Name and Title RAY ANDERSON, CATEGORY MANAGER Signed""]"
train,10570,10570.png,10570_1,What is the main topic or content discussed in this section?,"Retailer understands that failure of performance of any of the above terms and conditions will no longer entitle Retailer to participate in the RJR merchandising service offered, or to utilize...",comprehension,Summarized the main content from the text region.,[2],"[""Retailer understands that failure of performance of any of the above terms and conditions will no longer entitle Retailer to participate in the RJR merchandising service offered, or to utilize in any""]"
train,10571,10571.png,10571_0,What is the main topic or content discussed in this section?,R.J.Reynolds Tobacco Company (RJR)is pleased to announce the following Retail Partners Resource Plans (PRP) available to you as a participant in oneof our below listed Retail Partners Marketing Plan C,comprehension,Summarized the main content from the text region.,[0],"[""R.J.Reynolds Tobacco Company (RJR)is pleased to announce the following Retail Partners Resource Plans (PRP) available to you as a participant in oneof our below listed Retail Partners Marketing Plan C""]"
train,10572,10572.png,10572_0,What is the main topic or content discussed in this section?,R.J.Reynolds Tobacco Company (RJR)is pleased to announce the following Retail Partners Resource Plans (PRP) available to you as a participant in oneof our below listed Retail Partners Marketing Plan C,comprehension,Summarized the main content from the text region.,[0],"[""R.J.Reynolds Tobacco Company (RJR)is pleased to announce the following Retail Partners Resource Plans (PRP) available to you as a participant in oneof our below listed Retail Partners Marketing Plan C""]"
train,10574,10574.png,10574_0,What does the figure show?,"Name and Title RAY ANDERSON, CATEGORY MANAGER Signed",lookup,Answered using the figure's extracted description text.,[3],"[""Name and Title RAY ANDERSON, CATEGORY MANAGER Signed""]"
train,10574,10574.png,10574_1,What is the main topic or content discussed in this section?,"Retailer understands that failure of performance of any of the above terms and conditions will no longer entitle Retailer to participate in the RJR merchandising service offered, or to utilize...",comprehension,Summarized the main content from the text region.,[2],"[""Retailer understands that failure of performance of any of the above terms and conditions will no longer entitle Retailer to participate in the RJR merchandising service offered, or to utilize in any""]"
train,10576,10576.png,10576_0,What does the figure show?,"Name and Title RAY ANDERSON, CATEGORY MANAGER Signed",lookup,Answered using the figure's extracted description text.,[3],"[""Name and Title RAY ANDERSON, CATEGORY MANAGER Signed""]"
train,10576,10576.png,10576_1,What is the main topic or content discussed in this section?,"Retailer understands that failure of performance of any of the above terms and conditions will no longer entitle Retailer to participate in the RJR merchandising service offered, or to utilize...",comprehension,Summarized the main content from the text region.,[2],"[""Retailer understands that failure of performance of any of the above terms and conditions will no longer entitle Retailer to participate in the RJR merchandising service offered, or to utilize in any""]"
train,10577,10577.png,10577_0,What is the main topic or content discussed in this section?,R.J.Reynolds Tobacco Company (RJR)is pleased to announce the following Retail Partners Resource Plans (PRP) available to you as a participant in oneof our below listed Retail Partners Marketing Plan C,comprehension,Summarized the main content from the text region.,[0],"[""R.J.Reynolds Tobacco Company (RJR)is pleased to announce the following Retail Partners Resource Plans (PRP) available to you as a participant in oneof our below listed Retail Partners Marketing Plan C""]"
train,10578,10578.png,10578_0,What is the main topic or content discussed in this section?,R.J.Reynolds Tobacco Company (RJR)is pleased to announce the following Retail Partners Resource Plans (PRP) available to you as a participant in oneof our below listed Retail Partners Marketing Plan C,comprehension,Summarized the main content from the text region.,[0],"[""R.J.Reynolds Tobacco Company (RJR)is pleased to announce the following Retail Partners Resource Plans (PRP) available to you as a participant in oneof our below listed Retail Partners Marketing Plan C""]"
train,1058,1058.png,1058_0,What are the column headers in the table?,"4 Janet L.Haskins Manager,RegulatoryAffairs Takeda PharmaceuticalsNorth America,Inc. 847-383-3243 （Telephone）, 847-383-3427（Fax）",lookup,The header row contains the table's column names.,[4],"[""4 Janet L.Haskins Manager,RegulatoryAffairs Takeda PharmaceuticalsNorth America,Inc. 847-383-3243 （Telephone） | 847-383-3427（Fax）""]"
train,1058,1058.png,1058_1,How many data rows are in the table (excluding the header)?,0,lookup,Counted the number of non-header rows parsed from the table.,[4],"[""Data rows detected: 0""]"
train,1058,1058.png,1058_2,What is the main topic or content discussed in this section?,"As noted in the November 6th, conference call,TPNA will continue to investigate all cases ofbladder cancer and as directed by the Division. Patients diagnosed withbladder cancer during the course of...",comprehension,Summarized the main content from the text region.,[2],"[""As noted in the November 6th, conference call,TPNA will continue to investigate all cases ofbladder cancer and as directed by the Division. Patients diagnosed withbladder cancer during the course of t""]"
train,10580,10580.png,10580_0,What is the main topic or content discussed in this section?,R.J.Reynolds Tobacco Company (RJR)is pleased to announce the following Retail Partners Resource Plans (PRP) available to you as a participant in oneof our below listed Retail Partners Marketing Plan C,comprehension,Summarized the main content from the text region.,[0],"[""R.J.Reynolds Tobacco Company (RJR)is pleased to announce the following Retail Partners Resource Plans (PRP) available to you as a participant in oneof our below listed Retail Partners Marketing Plan C""]"
train,10581,10581.png,10581_0,What does the figure show?,: 06,lookup,Answered using the figure's extracted description text.,[0],"["": 06""]"
train,10582,10582.png,10582_0,What does the figure show?,: 06,lookup,Answered using the figure's extracted description text.,[0],"["": 06""]"
train,10584,10584.png,10584_0,What does the figure show?,: 06,lookup,Answered using the figure's extracted description text.,[0],"["": 06""]"
train,10585,10585.png,10585_0,What does the figure show?,: 06,lookup,Answered using the figure's extracted description text.,[0],"["": 06""]"
train,10589,10589.png,10589_0,What are the column headers in the table?,"RJR Attendees Sr. Vice President & General Counsel •Chuck Blixt Sr. Vice President Sales ·Jim Maguire Sr. VP Brand/Marketing Operations •Cliff Pennell Bryan Stockdale Vice President Trade Marketing, D",lookup,The header row contains the table's column names.,[2],"[""RJR Attendees Sr. Vice President & General Counsel •Chuck Blixt Sr. Vice President Sales ·Jim Maguire Sr. VP Brand/Marketing Operations •Cliff Pennell Bryan Stockdale Vice President Trade Marketing | D""]"
train,10589,10589.png,10589_1,How many data rows are in the table (excluding the header)?,0,lookup,Counted the number of non-header rows parsed from the table.,[2],"[""Data rows detected: 0""]"
train,1059,1059.png,1059_0,What are the column headers in the table?,"4 Janet L.Haskins Manager,RegulatoryAffairs Takeda PharmaceuticalsNorth America,Inc. 847-383-3243 （Telephone）, 847-383-3427（Fax）",lookup,The header row contains the table's column names.,[4],"[""4 Janet L.Haskins Manager,RegulatoryAffairs Takeda PharmaceuticalsNorth America,Inc. 847-383-3243 （Telephone） | 847-383-3427（Fax）""]"
train,1059,1059.png,1059_1,How many data rows are in the table (excluding the header)?,0,lookup,Counted the number of non-header rows parsed from the table.,[4],"[""Data rows detected: 0""]"
train,1059,1059.png,1059_2,What is the main topic or content discussed in this section?,"As noted in the November 6th, conference call,TPNA will continue to investigate all cases ofbladder cancer and as directed by the Division. Patients diagnosed withbladder cancer during the course of...",comprehension,Summarized the main content from the text region.,[2],"[""As noted in the November 6th, conference call,TPNA will continue to investigate all cases ofbladder cancer and as directed by the Division. Patients diagnosed withbladder cancer during the course of t""]"
validation,1012,1012.png,1012_0,What is the main topic or content discussed in this section?,↓ The authorities including FDA/EMEA may require that we should reconsider our hypothesis in both of Actos and TAK-559 based on Novo Nordisk's hypothesis or find other hypotheses. In worst...,comprehension,Summarized the main content from the text region.,[3],"[""↓ The authorities including FDA/EMEA may require that we should reconsider our hypothesis in both of Actos and TAK-559 based on Novo Nordisk's hypothesis or find other hypotheses. In worst case, when""]"
validation,1013,1013.png,1013_0,What is the main topic or content discussed in this section?,↓ The authorities including FDA/EMEA may require that we should reconsider our hypothesis in both of Actos and TAK-559 based on Novo Nordisk's hypothesis or find other hypotheses. In worst...,comprehension,Summarized the main content from the text region.,[3],"[""↓ The authorities including FDA/EMEA may require that we should reconsider our hypothesis in both of Actos and TAK-559 based on Novo Nordisk's hypothesis or find other hypotheses. In worst case, when""]"
validation,1014,1014.png,1014_0,What are the column headers in the table?,"David Orloff,M.D. Division ofMetabolic & Endocrine Drug Products (HFD-510) Office ofDrug EvaluationII Center for Drug Evaluation & Research DocumentControl Room14B-19 Food and Drug Administration, 5600",lookup,The header row contains the table's column names.,[0],"[""David Orloff,M.D. Division ofMetabolic & Endocrine Drug Products (HFD-510) Office ofDrug EvaluationII Center for Drug Evaluation & Research DocumentControl Room14B-19 Food and Drug Administration | 5600""]"
validation,1014,1014.png,1014_1,How many data rows are in the table (excluding the header)?,0,lookup,Counted the number of non-header rows parsed from the table.,[0],"[""Data rows detected: 0""]"
validation,1014,1014.png,1014_2,What is the main topic or content discussed in this section?,"During the conference call with Division members on November 6th, Dr. Orloff requested that TPNA break the study medication blind on the two patients that were reported to the IND...",comprehension,Summarized the main content from the text region.,[4],"[""During the conference call with Division members on November 6th, Dr. Orloff requested that TPNA break the study medication blind on the two patients that were reported to the IND on September 27.The""]"
validation,1015,1015.png,1015_0,What are the column headers in the table?,"David Orloff,M.D. Division ofMetabolic & Endocrine Drug Products (HFD-510) Office ofDrug EvaluationII Center for Drug Evaluation & Research DocumentControl Room14B-19 Food and Drug Administration, 5600",lookup,The header row contains the table's column names.,[0],"[""David Orloff,M.D. Division ofMetabolic & Endocrine Drug Products (HFD-510) Office ofDrug EvaluationII Center for Drug Evaluation & Research DocumentControl Room14B-19 Food and Drug Administration | 5600""]"
validation,1015,1015.png,1015_1,How many data rows are in the table (excluding the header)?,0,lookup,Counted the number of non-header rows parsed from the table.,[0],"[""Data rows detected: 0""]"
validation,1015,1015.png,1015_2,What is the main topic or content discussed in this section?,"During the conference call with Division members on November 6th, Dr. Orloff requested that TPNA break the study medication blind on the two patients that were reported to the IND...",comprehension,Summarized the main content from the text region.,[4],"[""During the conference call with Division members on November 6th, Dr. Orloff requested that TPNA break the study medication blind on the two patients that were reported to the IND on September 27.The""]"
validation,1018,1018.png,1018_0,What are the column headers in the table?,"David Orloff,M.D. Division ofMetabolic & Endocrine Drug Products (HFD-510) Office ofDrug EvaluationII Center for Drug Evaluation & Research DocumentControl Room14B-19 Food and Drug Administration, 5600",lookup,The header row contains the table's column names.,[0],"[""David Orloff,M.D. Division ofMetabolic & Endocrine Drug Products (HFD-510) Office ofDrug EvaluationII Center for Drug Evaluation & Research DocumentControl Room14B-19 Food and Drug Administration | 5600""]"
validation,1018,1018.png,1018_1,How many data rows are in the table (excluding the header)?,0,lookup,Counted the number of non-header rows parsed from the table.,[0],"[""Data rows detected: 0""]"
validation,1018,1018.png,1018_2,What is the main topic or content discussed in this section?,"During the conference call with Division members on November 6th, Dr. Orloff requested that TPNA break the study medication blind on the two patients that were reported to the IND...",comprehension,Summarized the main content from the text region.,[4],"[""During the conference call with Division members on November 6th, Dr. Orloff requested that TPNA break the study medication blind on the two patients that were reported to the IND on September 27.The""]"
validation,1020,1020.png,1020_0,What are the column headers in the table?,"David Orloff,M.D. Division ofMetabolic & Endocrine Drug Products (HFD-510) Office ofDrug EvaluationII Center for Drug Evaluation & Research DocumentControl Room14B-19 Food and Drug Administration, 5600",lookup,The header row contains the table's column names.,[0],"[""David Orloff,M.D. Division ofMetabolic & Endocrine Drug Products (HFD-510) Office ofDrug EvaluationII Center for Drug Evaluation & Research DocumentControl Room14B-19 Food and Drug Administration | 5600""]"
validation,1020,1020.png,1020_1,How many data rows are in the table (excluding the header)?,0,lookup,Counted the number of non-header rows parsed from the table.,[0],"[""Data rows detected: 0""]"
validation,1020,1020.png,1020_2,What is the main topic or content discussed in this section?,"During the conference call with Division members on November 6th, Dr. Orloff requested that TPNA break the study medication blind on the two patients that were reported to the IND...",comprehension,Summarized the main content from the text region.,[4],"[""During the conference call with Division members on November 6th, Dr. Orloff requested that TPNA break the study medication blind on the two patients that were reported to the IND on September 27.The""]"
validation,1022,1022.png,1022_0,What are the column headers in the table?,"David Orloff,M.D. Division ofMetabolic & Endocrine Drug Products (HFD-510) Office ofDrug EvaluationII Center for Drug Evaluation & Research DocumentControl Room14B-19 Food and Drug Administration, 5600",lookup,The header row contains the table's column names.,[0],"[""David Orloff,M.D. Division ofMetabolic & Endocrine Drug Products (HFD-510) Office ofDrug EvaluationII Center for Drug Evaluation & Research DocumentControl Room14B-19 Food and Drug Administration | 5600""]"
validation,1022,1022.png,1022_1,How many data rows are in the table (excluding the header)?,0,lookup,Counted the number of non-header rows parsed from the table.,[0],"[""Data rows detected: 0""]"
validation,1022,1022.png,1022_2,What is the main topic or content discussed in this section?,"During the conference call with Division members on November 6th, Dr. Orloff requested that TPNA break the study medication blind on the two patients that were reported to the IND...",comprehension,Summarized the main content from the text region.,[4],"[""During the conference call with Division members on November 6th, Dr. Orloff requested that TPNA break the study medication blind on the two patients that were reported to the IND on September 27.The""]"
validation,10265,10265.png,10265_0,What are the column headers in the table?,"R J REYNOLDS TOBACCO CO. 001 MAILED THIS DATE ON 7/15/97 R. J. REYNOLDS TOBACCO CO. JIM BRYANT (503)786-4545/FAX, (503)786-4930",lookup,The header row contains the table's column names.,[0],"[""R J REYNOLDS TOBACCO CO. 001 MAILED THIS DATE ON 7/15/97 R. J. REYNOLDS TOBACCO CO. JIM BRYANT (503)786-4545/FAX | (503)786-4930""]"
validation,10265,10265.png,10265_1,How many data rows are in the table (excluding the header)?,0,lookup,Counted the number of non-header rows parsed from the table.,[0],"[""Data rows detected: 0""]"
validation,10265,10265.png,10265_2,What does the figure show?,R J REYNOLDS TOBACCO CO. 001 MAILED THIS DATE ON 7/15/97 R. J. REYNOLDS TOBACCO CO. JIM BRYANT (503)786-4545/FAX (503)786-4930,lookup,Answered using the figure's extracted description text.,[1],"[""R J REYNOLDS TOBACCO CO. 001 MAILED THIS DATE ON 7/15/97 R. J. REYNOLDS TOBACCO CO. JIM BRYANT (503)786-4545/FAX (503)786-4930""]"
validation,10268,10268.png,10268_0,What are the column headers in the table?,"R J REYNOLDS TOBACCO CO. 001 MAILED THIS DATE ON 7/15/97 R. J. REYNOLDS TOBACCO CO. JIM BRYANT (503)786-4545/FAX, (503)786-4930",lookup,The header row contains the table's column names.,[0],"[""R J REYNOLDS TOBACCO CO. 001 MAILED THIS DATE ON 7/15/97 R. J. REYNOLDS TOBACCO CO. JIM BRYANT (503)786-4545/FAX | (503)786-4930""]"
validation,10268,10268.png,10268_1,How many data rows are in the table (excluding the header)?,0,lookup,Counted the number of non-header rows parsed from the table.,[0],"[""Data rows detected: 0""]"
validation,10268,10268.png,10268_2,What does the figure show?,R J REYNOLDS TOBACCO CO. 001 MAILED THIS DATE ON 7/15/97 R. J. REYNOLDS TOBACCO CO. JIM BRYANT (503)786-4545/FAX (503)786-4930,lookup,Answered using the figure's extracted description text.,[1],"[""R J REYNOLDS TOBACCO CO. 001 MAILED THIS DATE ON 7/15/97 R. J. REYNOLDS TOBACCO CO. JIM BRYANT (503)786-4545/FAX (503)786-4930""]"
validation,10269,10269.png,10269_0,What are the column headers in the table?,"R J REYNOLDS TOBACCO CO. 001 MAILED THIS DATE ON 7/15/97 R. J. REYNOLDS TOBACCO CO. JIM BRYANT (503)786-4545/FAX, (503)786-4930",lookup,The header row contains the table's column names.,[0],"[""R J REYNOLDS TOBACCO CO. 001 MAILED THIS DATE ON 7/15/97 R. J. REYNOLDS TOBACCO CO. JIM BRYANT (503)786-4545/FAX | (503)786-4930""]"
validation,10269,10269.png,10269_1,How many data rows are in the table (excluding the header)?,0,lookup,Counted the number of non-header rows parsed from the table.,[0],"[""Data rows detected: 0""]"
validation,10269,10269.png,10269_2,What does the figure show?,R J REYNOLDS TOBACCO CO. 001 MAILED THIS DATE ON 7/15/97 R. J. REYNOLDS TOBACCO CO. JIM BRYANT (503)786-4545/FAX (503)786-4930,lookup,Answered using the figure's extracted description text.,[1],"[""R J REYNOLDS TOBACCO CO. 001 MAILED THIS DATE ON 7/15/97 R. J. REYNOLDS TOBACCO CO. JIM BRYANT (503)786-4545/FAX (503)786-4930""]"
validation,10292,10292.png,10292_0,What does the figure show?,十 Depart for Greensboro Airport per flight schedules Rental Cars,lookup,Answered using the figure's extracted description text.,[4],"[""十 Depart for Greensboro Airport per flight schedules Rental Cars""]"
validation,10293,10293.png,10293_0,What does the figure show?,十 Depart for Greensboro Airport per flight schedules Rental Cars,lookup,Answered using the figure's extracted description text.,[4],"[""十 Depart for Greensboro Airport per flight schedules Rental Cars""]"
validation,10295,10295.png,10295_0,What does the figure show?,十 Depart for Greensboro Airport per flight schedules Rental Cars,lookup,Answered using the figure's extracted description text.,[4],"[""十 Depart for Greensboro Airport per flight schedules Rental Cars""]"
validation,10303,10303.png,10303_0,What are the column headers in the table?,"R J REYNOLDS TOBACCO CO. 001 MAILED THIS DATE ON 7/15/97 R. J. REYNOLDS TOBACCO CO. JIM BRYANT (503)786-4545/FAX, (503)786-4930",lookup,The header row contains the table's column names.,[0],"[""R J REYNOLDS TOBACCO CO. 001 MAILED THIS DATE ON 7/15/97 R. J. REYNOLDS TOBACCO CO. JIM BRYANT (503)786-4545/FAX | (503)786-4930""]"
validation,10303,10303.png,10303_1,How many data rows are in the table (excluding the header)?,0,lookup,Counted the number of non-header rows parsed from the table.,[0],"[""Data rows detected: 0""]"
validation,10303,10303.png,10303_2,What does the figure show?,R J REYNOLDS TOBACCO CO. 001 MAILED THIS DATE ON 7/15/97 R. J. REYNOLDS TOBACCO CO. JIM BRYANT (503)786-4545/FAX (503)786-4930,lookup,Answered using the figure's extracted description text.,[1],"[""R J REYNOLDS TOBACCO CO. 001 MAILED THIS DATE ON 7/15/97 R. J. REYNOLDS TOBACCO CO. JIM BRYANT (503)786-4545/FAX (503)786-4930""]"
validation,11316,11316.png,11316_0,What does the figure show?,8 2,lookup,Answered using the figure's extracted description text.,[0],"[""8 2""]"
validation,11317,11317.png,11317_0,What does the figure show?,8 2,lookup,Answered using the figure's extracted description text.,[0],"[""8 2""]"
validation,11318,11318.png,11318_0,What does the figure show?,8 2,lookup,Answered using the figure's extracted description text.,[0],"[""8 2""]"
validation,11319,11319.png,11319_0,What does the figure show?,8 2,lookup,Answered using the figure's extracted description text.,[0],"[""8 2""]"
validation,11320,11320.png,11320_0,What does the figure show?,8 2,lookup,Answered using the figure's extracted description text.,[0],"[""8 2""]"
validation,11333,11333.png,11333_0,What are the column headers in the table?,"""OUR BUSINESS HELPS YOUR BUSINESS"" DELIVERYRECEIPT Lamanfor Letters, INC AREA CODE 303, 744-6153",lookup,The header row contains the table's column names.,[0],"[""\""OUR BUSINESS HELPS YOUR BUSINESS\"" DELIVERYRECEIPT Lamanfor Letters, INC AREA CODE 303 | 744-6153""]"
validation,11333,11333.png,11333_1,How many data rows are in the table (excluding the header)?,0,lookup,Counted the number of non-header rows parsed from the table.,[0],"[""Data rows detected: 0""]"
validation,11333,11333.png,11333_2,What does the figure show?,37 Sourcehttps//www.industrydocuments.ucsf.edu/docs/mtnh0227,lookup,Answered using the figure's extracted description text.,[3],"[""37 Sourcehttps//www.industrydocuments.ucsf.edu/docs/mtnh0227""]"
validation,11336,11336.png,11336_0,What are the column headers in the table?,"""OUR BUSINESS HELPS YOUR BUSINESS"" DELIVERYRECEIPT Lamanfor Letters, INC AREA CODE 303, 744-6153",lookup,The header row contains the table's column names.,[0],"[""\""OUR BUSINESS HELPS YOUR BUSINESS\"" DELIVERYRECEIPT Lamanfor Letters, INC AREA CODE 303 | 744-6153""]"
validation,11336,11336.png,11336_1,How many data rows are in the table (excluding the header)?,0,lookup,Counted the number of non-header rows parsed from the table.,[0],"[""Data rows detected: 0""]"
validation,11336,11336.png,11336_2,What does the figure show?,37 Sourcehttps//www.industrydocuments.ucsf.edu/docs/mtnh0227,lookup,Answered using the figure's extracted description text.,[3],"[""37 Sourcehttps//www.industrydocuments.ucsf.edu/docs/mtnh0227""]"
validation,1162,1162.png,1162_0,What does the figure show?,Vehicle Placebo 3.0 10.0 30.0 100.0 60 60 60 60 60 60 41/60 38/60 36/60 30/60 34/60 40/60 63.3 60.0 50.0 56.7 66.7 68.3,lookup,Answered using the figure's extracted description text.,[0],"[""Vehicle Placebo 3.0 10.0 30.0 100.0 60 60 60 60 60 60 41/60 38/60 36/60 30/60 34/60 40/60 63.3 60.0 50.0 56.7 66.7 68.3""]"
validation,1162,1162.png,1162_1,What are the column headers in the table?,"Vehicle Placebo 3.0 10.0 30.0 100.0 60 60 60 60 60 60 41/60 38/60 36/60 30/60 34/60 40/60 63.3 60.0 50.0 56.7 66.7, 68.3",lookup,The header row contains the table's column names.,[1],"[""Vehicle Placebo 3.0 10.0 30.0 100.0 60 60 60 60 60 60 41/60 38/60 36/60 30/60 34/60 40/60 63.3 60.0 50.0 56.7 66.7 | 68.3""]"
validation,1162,1162.png,1162_2,How many data rows are in the table (excluding the header)?,0,lookup,Counted the number of non-header rows parsed from the table.,[1],"[""Data rows detected: 0""]"
validation,1163,1163.png,1163_0,What does the figure show?,Vehicle Placebo 3.0 10.0 30.0 100.0 60 60 60 60 60 60 41/60 38/60 36/60 30/60 34/60 40/60 63.3 60.0 50.0 56.7 66.7 68.3,lookup,Answered using the figure's extracted description text.,[0],"[""Vehicle Placebo 3.0 10.0 30.0 100.0 60 60 60 60 60 60 41/60 38/60 36/60 30/60 34/60 40/60 63.3 60.0 50.0 56.7 66.7 68.3""]"
validation,1163,1163.png,1163_1,What are the column headers in the table?,"Vehicle Placebo 3.0 10.0 30.0 100.0 60 60 60 60 60 60 41/60 38/60 36/60 30/60 34/60 40/60 63.3 60.0 50.0 56.7 66.7, 68.3",lookup,The header row contains the table's column names.,[1],"[""Vehicle Placebo 3.0 10.0 30.0 100.0 60 60 60 60 60 60 41/60 38/60 36/60 30/60 34/60 40/60 63.3 60.0 50.0 56.7 66.7 | 68.3""]"
validation,1163,1163.png,1163_2,How many data rows are in the table (excluding the header)?,0,lookup,Counted the number of non-header rows parsed from the table.,[1],"[""Data rows detected: 0""]"
validation,1164,1164.png,1164_0,What does the figure show?,Vehicle Placebo 3.0 10.0 30.0 100.0 60 60 60 60 60 60 41/60 38/60 36/60 30/60 34/60 40/60 63.3 60.0 50.0 56.7 66.7 68.3,lookup,Answered using the figure's extracted description text.,[0],"[""Vehicle Placebo 3.0 10.0 30.0 100.0 60 60 60 60 60 60 41/60 38/60 36/60 30/60 34/60 40/60 63.3 60.0 50.0 56.7 66.7 68.3""]"
validation,1164,1164.png,1164_1,What are the column headers in the table?,"Vehicle Placebo 3.0 10.0 30.0 100.0 60 60 60 60 60 60 41/60 38/60 36/60 30/60 34/60 40/60 63.3 60.0 50.0 56.7 66.7, 68.3",lookup,The header row contains the table's column names.,[1],"[""Vehicle Placebo 3.0 10.0 30.0 100.0 60 60 60 60 60 60 41/60 38/60 36/60 30/60 34/60 40/60 63.3 60.0 50.0 56.7 66.7 | 68.3""]"
validation,1164,1164.png,1164_2,How many data rows are in the table (excluding the header)?,0,lookup,Counted the number of non-header rows parsed from the table.,[1],"[""Data rows detected: 0""]"
validation,1165,1165.png,1165_0,What does the figure show?,Vehicle Placebo 3.0 10.0 30.0 100.0 60 60 60 60 60 60 41/60 38/60 36/60 30/60 34/60 40/60 63.3 60.0 50.0 56.7 66.7 68.3,lookup,Answered using the figure's extracted description text.,[0],"[""Vehicle Placebo 3.0 10.0 30.0 100.0 60 60 60 60 60 60 41/60 38/60 36/60 30/60 34/60 40/60 63.3 60.0 50.0 56.7 66.7 68.3""]"
validation,1165,1165.png,1165_1,What are the column headers in the table?,"Vehicle Placebo 3.0 10.0 30.0 100.0 60 60 60 60 60 60 41/60 38/60 36/60 30/60 34/60 40/60 63.3 60.0 50.0 56.7 66.7, 68.3",lookup,The header row contains the table's column names.,[1],"[""Vehicle Placebo 3.0 10.0 30.0 100.0 60 60 60 60 60 60 41/60 38/60 36/60 30/60 34/60 40/60 63.3 60.0 50.0 56.7 66.7 | 68.3""]"
validation,1165,1165.png,1165_2,How many data rows are in the table (excluding the header)?,0,lookup,Counted the number of non-header rows parsed from the table.,[1],"[""Data rows detected: 0""]"
validation,1166,1166.png,1166_0,What does the figure show?,Vehicle Placebo 3.0 10.0 30.0 100.0 60 60 60 60 60 60 41/60 38/60 36/60 30/60 34/60 40/60 63.3 60.0 50.0 56.7 66.7 68.3,lookup,Answered using the figure's extracted description text.,[0],"[""Vehicle Placebo 3.0 10.0 30.0 100.0 60 60 60 60 60 60 41/60 38/60 36/60 30/60 34/60 40/60 63.3 60.0 50.0 56.7 66.7 68.3""]"
validation,1166,1166.png,1166_1,What are the column headers in the table?,"Vehicle Placebo 3.0 10.0 30.0 100.0 60 60 60 60 60 60 41/60 38/60 36/60 30/60 34/60 40/60 63.3 60.0 50.0 56.7 66.7, 68.3",lookup,The header row contains the table's column names.,[1],"[""Vehicle Placebo 3.0 10.0 30.0 100.0 60 60 60 60 60 60 41/60 38/60 36/60 30/60 34/60 40/60 63.3 60.0 50.0 56.7 66.7 | 68.3""]"
validation,1166,1166.png,1166_2,How many data rows are in the table (excluding the header)?,0,lookup,Counted the number of non-header rows parsed from the table.,[1],"[""Data rows detected: 0""]"
validation,1167,1167.png,1167_0,What does the figure show?,10.0 30.0 100.0 Vehicle Placebo 3.0 60 60 60 60 60 60 36/60 27/60 35/60 28/60 33/60 43/60 60.0 45.0 58.3 46.7 55.0 71.7,lookup,Answered using the figure's extracted description text.,[0],"[""10.0 30.0 100.0 Vehicle Placebo 3.0 60 60 60 60 60 60 36/60 27/60 35/60 28/60 33/60 43/60 60.0 45.0 58.3 46.7 55.0 71.7""]"
validation,1167,1167.png,1167_1,What are the column headers in the table?,"10.0 30.0 100.0 Vehicle Placebo 3.0 60 60 60 60 60 60 36/60 27/60 35/60 28/60 33/60 43/60 60.0 45.0 58.3 46.7 55.0, 71.7",lookup,The header row contains the table's column names.,[1],"[""10.0 30.0 100.0 Vehicle Placebo 3.0 60 60 60 60 60 60 36/60 27/60 35/60 28/60 33/60 43/60 60.0 45.0 58.3 46.7 55.0 | 71.7""]"
validation,1167,1167.png,1167_2,How many data rows are in the table (excluding the header)?,0,lookup,Counted the number of non-header rows parsed from the table.,[1],"[""Data rows detected: 0""]"
validation,1168,1168.png,1168_0,What does the figure show?,10.0 30.0 100.0 Vehicle Placebo 3.0 60 60 60 60 60 60 36/60 27/60 35/60 28/60 33/60 43/60 60.0 45.0 58.3 46.7 55.0 71.7,lookup,Answered using the figure's extracted description text.,[0],"[""10.0 30.0 100.0 Vehicle Placebo 3.0 60 60 60 60 60 60 36/60 27/60 35/60 28/60 33/60 43/60 60.0 45.0 58.3 46.7 55.0 71.7""]"
validation,1168,1168.png,1168_1,What are the column headers in the table?,"10.0 30.0 100.0 Vehicle Placebo 3.0 60 60 60 60 60 60 36/60 27/60 35/60 28/60 33/60 43/60 60.0 45.0 58.3 46.7 55.0, 71.7",lookup,The header row contains the table's column names.,[1],"[""10.0 30.0 100.0 Vehicle Placebo 3.0 60 60 60 60 60 60 36/60 27/60 35/60 28/60 33/60 43/60 60.0 45.0 58.3 46.7 55.0 | 71.7""]"
validation,1168,1168.png,1168_2,How many data rows are in the table (excluding the header)?,0,lookup,Counted the number of non-header rows parsed from the table.,[1],"[""Data rows detected: 0""]"
validation,1169,1169.png,1169_0,What does the figure show?,10.0 30.0 100.0 Vehicle Placebo 3.0 60 60 60 60 60 60 36/60 27/60 35/60 28/60 33/60 43/60 60.0 45.0 58.3 46.7 55.0 71.7,lookup,Answered using the figure's extracted description text.,[0],"[""10.0 30.0 100.0 Vehicle Placebo 3.0 60 60 60 60 60 60 36/60 27/60 35/60 28/60 33/60 43/60 60.0 45.0 58.3 46.7 55.0 71.7""]"
validation,1169,1169.png,1169_1,What are the column headers in the table?,"10.0 30.0 100.0 Vehicle Placebo 3.0 60 60 60 60 60 60 36/60 27/60 35/60 28/60 33/60 43/60 60.0 45.0 58.3 46.7 55.0, 71.7",lookup,The header row contains the table's column names.,[1],"[""10.0 30.0 100.0 Vehicle Placebo 3.0 60 60 60 60 60 60 36/60 27/60 35/60 28/60 33/60 43/60 60.0 45.0 58.3 46.7 55.0 | 71.7""]"
validation,1169,1169.png,1169_2,How many data rows are in the table (excluding the header)?,0,lookup,Counted the number of non-header rows parsed from the table.,[1],"[""Data rows detected: 0""]"
validation,1170,1170.png,1170_0,What does the figure show?,10.0 30.0 100.0 Vehicle Placebo 3.0 60 60 60 60 60 60 36/60 27/60 35/60 28/60 33/60 43/60 60.0 45.0 58.3 46.7 55.0 71.7,lookup,Answered using the figure's extracted description text.,[0],"[""10.0 30.0 100.0 Vehicle Placebo 3.0 60 60 60 60 60 60 36/60 27/60 35/60 28/60 33/60 43/60 60.0 45.0 58.3 46.7 55.0 71.7""]"
validation,1170,1170.png,1170_1,What are the column headers in the table?,"10.0 30.0 100.0 Vehicle Placebo 3.0 60 60 60 60 60 60 36/60 27/60 35/60 28/60 33/60 43/60 60.0 45.0 58.3 46.7 55.0, 71.7",lookup,The header row contains the table's column names.,[1],"[""10.0 30.0 100.0 Vehicle Placebo 3.0 60 60 60 60 60 60 36/60 27/60 35/60 28/60 33/60 43/60 60.0 45.0 58.3 46.7 55.0 | 71.7""]"
validation,1170,1170.png,1170_2,How many data rows are in the table (excluding the header)?,0,lookup,Counted the number of non-header rows parsed from the table.,[1],"[""Data rows detected: 0""]"
validation,1171,1171.png,1171_0,What does the figure show?,10.0 30.0 100.0 Vehicle Placebo 3.0 60 60 60 60 60 60 36/60 27/60 35/60 28/60 33/60 43/60 60.0 45.0 58.3 46.7 55.0 71.7,lookup,Answered using the figure's extracted description text.,[0],"[""10.0 30.0 100.0 Vehicle Placebo 3.0 60 60 60 60 60 60 36/60 27/60 35/60 28/60 33/60 43/60 60.0 45.0 58.3 46.7 55.0 71.7""]"
validation,1171,1171.png,1171_1,What are the column headers in the table?,"10.0 30.0 100.0 Vehicle Placebo 3.0 60 60 60 60 60 60 36/60 27/60 35/60 28/60 33/60 43/60 60.0 45.0 58.3 46.7 55.0, 71.7",lookup,The header row contains the table's column names.,[1],"[""10.0 30.0 100.0 Vehicle Placebo 3.0 60 60 60 60 60 60 36/60 27/60 35/60 28/60 33/60 43/60 60.0 45.0 58.3 46.7 55.0 | 71.7""]"
validation,1171,1171.png,1171_2,How many data rows are in the table (excluding the header)?,0,lookup,Counted the number of non-header rows parsed from the table.,[1],"[""Data rows detected: 0""]"
validation,1182,1182.png,1182_0,What does the figure show?,Example: 559,lookup,Answered using the figure's extracted description text.,[4],"[""Example: 559""]"
validation,1182,1182.png,1182_1,What is the main topic or content discussed in this section?,"WRAP-UP Epidemiologic studies to be conducted starting at the preclinical development stage This can be done depending on how successful you expect the drug to be. For example, to assess...",comprehension,Summarized the main content from the text region.,[0],"[""WRAP-UP Epidemiologic studies to be conducted starting at the preclinical development stage This can be done depending on how successful you expect the drug to be. For example, to assess class effect.""]"
validation,1183,1183.png,1183_0,What does the figure show?,Example: 559,lookup,Answered using the figure's extracted description text.,[4],"[""Example: 559""]"
validation,1183,1183.png,1183_1,What is the main topic or content discussed in this section?,"WRAP-UP Epidemiologic studies to be conducted starting at the preclinical development stage This can be done depending on how successful you expect the drug to be. For example, to assess...",comprehension,Summarized the main content from the text region.,[0],"[""WRAP-UP Epidemiologic studies to be conducted starting at the preclinical development stage This can be done depending on how successful you expect the drug to be. For example, to assess class effect.""]"
validation,1184,1184.png,1184_0,What does the figure show?,Example: 559,lookup,Answered using the figure's extracted description text.,[4],"[""Example: 559""]"
validation,1184,1184.png,1184_1,What is the main topic or content discussed in this section?,"WRAP-UP Epidemiologic studies to be conducted starting at the preclinical development stage This can be done depending on how successful you expect the drug to be. For example, to assess...",comprehension,Summarized the main content from the text region.,[0],"[""WRAP-UP Epidemiologic studies to be conducted starting at the preclinical development stage This can be done depending on how successful you expect the drug to be. For example, to assess class effect.""]"
validation,1185,1185.png,1185_0,What does the figure show?,Example: 559,lookup,Answered using the figure's extracted description text.,[4],"[""Example: 559""]"
validation,1185,1185.png,1185_1,What is the main topic or content discussed in this section?,"WRAP-UP Epidemiologic studies to be conducted starting at the preclinical development stage This can be done depending on how successful you expect the drug to be. For example, to assess...",comprehension,Summarized the main content from the text region.,[0],"[""WRAP-UP Epidemiologic studies to be conducted starting at the preclinical development stage This can be done depending on how successful you expect the drug to be. For example, to assess class effect.""]"
validation,1191,1191.png,1191_0,What is the main topic or content discussed in this section?,"Agency on July 31, _20o2. _The purpose of this this-conferenee call was so that Dr. El- Hage could expand upon the nonclinical data related to dual PPAR agonist that was...",comprehension,Summarized the main content from the text region.,[2],"[""Agency on July 31, _20o2. _The purpose of this this-conferenee call was so that Dr. El- Hage could expand upon the nonclinical data related to dual PPAR agonist that was discussed shared-with TPNA ond""]"
validation,1192,1192.png,1192_0,What is the main topic or content discussed in this section?,"Agency on July 31, _20o2. _The purpose of this this-conferenee call was so that Dr. El- Hage could expand upon the nonclinical data related to dual PPAR agonist that was...",comprehension,Summarized the main content from the text region.,[2],"[""Agency on July 31, _20o2. _The purpose of this this-conferenee call was so that Dr. El- Hage could expand upon the nonclinical data related to dual PPAR agonist that was discussed shared-with TPNA ond""]"
validation,1193,1193.png,1193_0,What is the main topic or content discussed in this section?,"Agency on July 31, _20o2. _The purpose of this this-conferenee call was so that Dr. El- Hage could expand upon the nonclinical data related to dual PPAR agonist that was...",comprehension,Summarized the main content from the text region.,[2],"[""Agency on July 31, _20o2. _The purpose of this this-conferenee call was so that Dr. El- Hage could expand upon the nonclinical data related to dual PPAR agonist that was discussed shared-with TPNA ond""]"
validation,1194,1194.png,1194_0,What is the main topic or content discussed in this section?,"Agency on July 31, _20o2. _The purpose of this this-conferenee call was so that Dr. El- Hage could expand upon the nonclinical data related to dual PPAR agonist that was...",comprehension,Summarized the main content from the text region.,[2],"[""Agency on July 31, _20o2. _The purpose of this this-conferenee call was so that Dr. El- Hage could expand upon the nonclinical data related to dual PPAR agonist that was discussed shared-with TPNA ond""]"
validation,12545,12545.png,12545_0,What does the figure show?,LDate 102897 Number of pages including covor aheer,lookup,Answered using the figure's extracted description text.,[0],"[""LDate 102897 Number of pages including covor aheer""]"
validation,12545,12545.png,12545_1,What are the column headers in the table?,"Brad Rhoedes R. J. Reynolde Tobaooo Co. Restaroh & Dovefopment P.O.B0x 1487 Wnston-$a/em,N.C., 27102",lookup,The header row contains the table's column names.,[1],"[""Brad Rhoedes R. J. Reynolde Tobaooo Co. Restaroh & Dovefopment P.O.B0x 1487 Wnston-$a/em,N.C. | 27102""]"
validation,12545,12545.png,12545_2,How many data rows are in the table (excluding the header)?,0,lookup,Counted the number of non-header rows parsed from the table.,[1],"[""Data rows detected: 0""]"
validation,12545,12545.png,12545_3,What is the main topic or content discussed in this section?,"A roqueatod.I havo inoludod tho mbatraot for Ma-1ooo. in rotoronoo to your quoatlone.th aoronym HepA (p. 2) ahould te definod aa ""hlgh oftalanoy partloulato alr. Howevor, evAp (p. 11) i...",comprehension,Summarized the main content from the text region.,[3],"[""A roqueatod.I havo inoludod tho mbatraot for Ma-1ooo. in rotoronoo to your quoatlone.th aoronym HepA (p. 2) ahould te definod aa \""hlgh oftalanoy partloulato alr. Howevor, evAp (p. 11) i not cronym nd""]"
validation,12547,12547.png,12547_0,What does the figure show?,LDate 102897 Number of pages including covor aheer,lookup,Answered using the figure's extracted description text.,[0],"[""LDate 102897 Number of pages including covor aheer""]"
validation,12547,12547.png,12547_1,What are the column headers in the table?,"Brad Rhoedes R. J. Reynolde Tobaooo Co. Restaroh & Dovefopment P.O.B0x 1487 Wnston-$a/em,N.C., 27102",lookup,The header row contains the table's column names.,[1],"[""Brad Rhoedes R. J. Reynolde Tobaooo Co. Restaroh & Dovefopment P.O.B0x 1487 Wnston-$a/em,N.C. | 27102""]"
validation,12547,12547.png,12547_2,How many data rows are in the table (excluding the header)?,0,lookup,Counted the number of non-header rows parsed from the table.,[1],"[""Data rows detected: 0""]"
validation,12547,12547.png,12547_3,What is the main topic or content discussed in this section?,"A roqueatod.I havo inoludod tho mbatraot for Ma-1ooo. in rotoronoo to your quoatlone.th aoronym HepA (p. 2) ahould te definod aa ""hlgh oftalanoy partloulato alr. Howevor, evAp (p. 11) i...",comprehension,Summarized the main content from the text region.,[3],"[""A roqueatod.I havo inoludod tho mbatraot for Ma-1ooo. in rotoronoo to your quoatlone.th aoronym HepA (p. 2) ahould te definod aa \""hlgh oftalanoy partloulato alr. Howevor, evAp (p. 11) i not cronym nd""]"
validation,12548,12548.png,12548_0,What does the figure show?,LDate 102897 Number of pages including covor aheer,lookup,Answered using the figure's extracted description text.,[0],"[""LDate 102897 Number of pages including covor aheer""]"
validation,12548,12548.png,12548_1,What are the column headers in the table?,"Brad Rhoedes R. J. Reynolde Tobaooo Co. Restaroh & Dovefopment P.O.B0x 1487 Wnston-$a/em,N.C., 27102",lookup,The header row contains the table's column names.,[1],"[""Brad Rhoedes R. J. Reynolde Tobaooo Co. Restaroh & Dovefopment P.O.B0x 1487 Wnston-$a/em,N.C. | 27102""]"
validation,12548,12548.png,12548_2,How many data rows are in the table (excluding the header)?,0,lookup,Counted the number of non-header rows parsed from the table.,[1],"[""Data rows detected: 0""]"
validation,12548,12548.png,12548_3,What is the main topic or content discussed in this section?,"A roqueatod.I havo inoludod tho mbatraot for Ma-1ooo. in rotoronoo to your quoatlone.th aoronym HepA (p. 2) ahould te definod aa ""hlgh oftalanoy partloulato alr. Howevor, evAp (p. 11) i...",comprehension,Summarized the main content from the text region.,[3],"[""A roqueatod.I havo inoludod tho mbatraot for Ma-1ooo. in rotoronoo to your quoatlone.th aoronym HepA (p. 2) ahould te definod aa \""hlgh oftalanoy partloulato alr. Howevor, evAp (p. 11) i not cronym nd""]"
validation,12550,12550.png,12550_0,What does the figure show?,LDate 102897 Number of pages including covor aheer,lookup,Answered using the figure's extracted description text.,[0],"[""LDate 102897 Number of pages including covor aheer""]"
validation,12550,12550.png,12550_1,What are the column headers in the table?,"Brad Rhoedes R. J. Reynolde Tobaooo Co. Restaroh & Dovefopment P.O.B0x 1487 Wnston-$a/em,N.C., 27102",lookup,The header row contains the table's column names.,[1],"[""Brad Rhoedes R. J. Reynolde Tobaooo Co. Restaroh & Dovefopment P.O.B0x 1487 Wnston-$a/em,N.C. | 27102""]"
validation,12550,12550.png,12550_2,How many data rows are in the table (excluding the header)?,0,lookup,Counted the number of non-header rows parsed from the table.,[1],"[""Data rows detected: 0""]"
validation,12550,12550.png,12550_3,What is the main topic or content discussed in this section?,"A roqueatod.I havo inoludod tho mbatraot for Ma-1ooo. in rotoronoo to your quoatlone.th aoronym HepA (p. 2) ahould te definod aa ""hlgh oftalanoy partloulato alr. Howevor, evAp (p. 11) i...",comprehension,Summarized the main content from the text region.,[3],"[""A roqueatod.I havo inoludod tho mbatraot for Ma-1ooo. in rotoronoo to your quoatlone.th aoronym HepA (p. 2) ahould te definod aa \""hlgh oftalanoy partloulato alr. Howevor, evAp (p. 11) i not cronym nd""]"
validation,12577,12577.png,12577_0,What are the column headers in the table?,"o5o Reynolde Blvd. TSEPARTMENYAMB aolontino & Aagulatory Arplre TECEPFORENOMUER (330)741-0840 ME8BAOE F.J. Raynoiae sont thim louor to the irian Dapmrtrent ot Heaith pnd Chhdron on boarbar 22., 1ooa.",lookup,The header row contains the table's column names.,[2],"[""o5o Reynolde Blvd. TSEPARTMENYAMB aolontino & Aagulatory Arplre TECEPFORENOMUER (330)741-0840 ME8BAOE F.J. Raynoiae sont thim louor to the irian Dapmrtrent ot Heaith pnd Chhdron on boarbar 22. | 1ooa.""]"
validation,12577,12577.png,12577_1,How many data rows are in the table (excluding the header)?,0,lookup,Counted the number of non-header rows parsed from the table.,[2],"[""Data rows detected: 0""]"
validation,12577,12577.png,12577_2,What does the figure show?,NG DERTMENTNOMER,lookup,Answered using the figure's extracted description text.,[3],"[""NG DERTMENTNOMER""]"
validation,13613,13613.png,13613_0,What does the figure show?,"Textual [See below] Textual [See below] R e s e rv e s Surplus1,410.811,373.33 Your Dividend: Directors are not able to dividend recommend any for the year due to the substantial capital undertaken in",lookup,Answered using the figure's extracted description text.,[1],"[""Textual [See below] Textual [See below] R e s e rv e s Surplus1,410.811,373.33 Your Dividend: Directors are not able to dividend recommend any for the year due to the substantial capital undertaken in""]"
validation,13613,13613.png,13613_1,What is the https?,//www.industrydocuments.ucsf.edu/docs/hmvj0223,lookup,Extracted value for 'https' from form field.,[4],"[""https: //www.industrydocuments.ucsf.edu/docs/hmvj0223""]"
validation,15003,15003.png,15003_0,What are the column headers in the table?,"WYETH-AYERST Wyeth: Dave Downey Rick Winneker Jasmine Baleva Jim Gurr Phil Vinall David Dubinski 20h February, 2002",lookup,The header row contains the table's column names.,[0],"[""WYETH-AYERST Wyeth: Dave Downey Rick Winneker Jasmine Baleva Jim Gurr Phil Vinall David Dubinski 20h February | 2002""]"
validation,15003,15003.png,15003_1,How many data rows are in the table (excluding the header)?,0,lookup,Counted the number of non-header rows parsed from the table.,[0],"[""Data rows detected: 0""]"
validation,15003,15003.png,15003_2,What does the figure show?,Hemostasis/metabolic impact,lookup,Answered using the figure's extracted description text.,[3],"[""Hemostasis/metabolic impact""]"
validation,15007,15007.png,15007_0,What are the column headers in the table?,"WYETH-AYERST Wyeth: Dave Downey Rick Winneker Jasmine Baleva Jim Gurr Phil Vinall David Dubinski 20h February, 2002",lookup,The header row contains the table's column names.,[0],"[""WYETH-AYERST Wyeth: Dave Downey Rick Winneker Jasmine Baleva Jim Gurr Phil Vinall David Dubinski 20h February | 2002""]"
validation,15007,15007.png,15007_1,How many data rows are in the table (excluding the header)?,0,lookup,Counted the number of non-header rows parsed from the table.,[0],"[""Data rows detected: 0""]"
validation,15007,15007.png,15007_2,What does the figure show?,Hemostasis/metabolic impact,lookup,Answered using the figure's extracted description text.,[3],"[""Hemostasis/metabolic impact""]"
validation,15008,15008.png,15008_0,What are the column headers in the table?,"WYETH-AYERST Wyeth: Dave Downey Rick Winneker Jasmine Baleva Jim Gurr Phil Vinall David Dubinski 20h February, 2002",lookup,The header row contains the table's column names.,[0],"[""WYETH-AYERST Wyeth: Dave Downey Rick Winneker Jasmine Baleva Jim Gurr Phil Vinall David Dubinski 20h February | 2002""]"
validation,15008,15008.png,15008_1,How many data rows are in the table (excluding the header)?,0,lookup,Counted the number of non-header rows parsed from the table.,[0],"[""Data rows detected: 0""]"
validation,15008,15008.png,15008_2,What does the figure show?,Hemostasis/metabolic impact,lookup,Answered using the figure's extracted description text.,[3],"[""Hemostasis/metabolic impact""]"
validation,15013,15013.png,15013_0,What are the column headers in the table?,"WYETH-AYERST Wyeth: Dave Downey Rick Winneker Jasmine Baleva Jim Gurr Phil Vinall David Dubinski 20h February, 2002",lookup,The header row contains the table's column names.,[0],"[""WYETH-AYERST Wyeth: Dave Downey Rick Winneker Jasmine Baleva Jim Gurr Phil Vinall David Dubinski 20h February | 2002""]"
validation,15013,15013.png,15013_1,How many data rows are in the table (excluding the header)?,0,lookup,Counted the number of non-header rows parsed from the table.,[0],"[""Data rows detected: 0""]"
validation,15013,15013.png,15013_2,What does the figure show?,Hemostasis/metabolic impact,lookup,Answered using the figure's extracted description text.,[3],"[""Hemostasis/metabolic impact""]"
validation,15026,15026.png,15026_0,What are the column headers in the table?,"Submit First draft submitted for initial review August 9 March 2003 Comments received from Daniele December 7 Revised draft submitted January 13 Comments received from Richie February, 28",lookup,The header row contains the table's column names.,[1],"[""Submit First draft submitted for initial review August 9 March 2003 Comments received from Daniele December 7 Revised draft submitted January 13 Comments received from Richie February | 28""]"
validation,15026,15026.png,15026_1,How many data rows are in the table (excluding the header)?,0,lookup,Counted the number of non-header rows parsed from the table.,[1],"[""Data rows detected: 0""]"
validation,15026,15026.png,15026_2,What is the main topic or content discussed in this section?,Paper PS(2) A comparative 2-year study of the effects of sequential regimens of 1 mg estradiol and trimegestone with a regimen containing estradiol and norethisterone upon the patterns of endometrial,comprehension,Summarized the main content from the text region.,[2],"[""Paper PS(2) A comparative 2-year study of the effects of sequential regimens of 1 mg estradiol and trimegestone with a regimen containing estradiol and norethisterone upon the patterns of endometrial""]"
validation,15036,15036.png,15036_0,What are the column headers in the table?,"Submit First draft submitted for initial review August 9 March 2003 Comments received from Daniele December 7 Revised draft submitted January 13 Comments received from Richie February, 28",lookup,The header row contains the table's column names.,[1],"[""Submit First draft submitted for initial review August 9 March 2003 Comments received from Daniele December 7 Revised draft submitted January 13 Comments received from Richie February | 28""]"
validation,15036,15036.png,15036_1,How many data rows are in the table (excluding the header)?,0,lookup,Counted the number of non-header rows parsed from the table.,[1],"[""Data rows detected: 0""]"
validation,15036,15036.png,15036_2,What is the main topic or content discussed in this section?,Paper PS(2) A comparative 2-year study of the effects of sequential regimens of 1 mg estradiol and trimegestone with a regimen containing estradiol and norethisterone upon the patterns of endometrial,comprehension,Summarized the main content from the text region.,[2],"[""Paper PS(2) A comparative 2-year study of the effects of sequential regimens of 1 mg estradiol and trimegestone with a regimen containing estradiol and norethisterone upon the patterns of endometrial""]"
validation,15039,15039.png,15039_0,What is the main topic or content discussed in this section?,"(3-28-03) These results to be rolled into the lead paper and thus this is not being pursued as a separate paper (5-7-03) Because of promotional needs, this paper will be...",comprehension,Summarized the main content from the text region.,[2],"[""(3-28-03) These results to be rolled into the lead paper and thus this is not being pursued as a separate paper (5-7-03) Because of promotional needs, this paper will be resurrected, as the lead paper""]"
validation,15041,15041.png,15041_0,What is the main topic or content discussed in this section?,"(3-28-03) These results to be rolled into the lead paper and thus this is not being pursued as a separate paper (5-7-03) Because of promotional needs, this paper will be...",comprehension,Summarized the main content from the text region.,[2],"[""(3-28-03) These results to be rolled into the lead paper and thus this is not being pursued as a separate paper (5-7-03) Because of promotional needs, this paper will be resurrected, as the lead paper""]"
validation,15057,15057.png,15057_0,What is the main topic or content discussed in this section?,"ITC's products and services have a national presence and many products are exported to a number of countries. The Company has 26 subsidiaries, including 10 subsidiaries outside India. The subsidiary...",comprehension,Summarized the main content from the text region.,[0],"[""ITC's products and services have a national presence and many products are exported to a number of countries. The Company has 26 subsidiaries, including 10 subsidiaries outside India. The subsidiary c""]"
validation,15060,15060.png,15060_0,What is the main topic or content discussed in this section?,"ITC's products and services have a national presence and many products are exported to a number of countries. The Company has 26 subsidiaries, including 10 subsidiaries outside India. The subsidiary...",comprehension,Summarized the main content from the text region.,[0],"[""ITC's products and services have a national presence and many products are exported to a number of countries. The Company has 26 subsidiaries, including 10 subsidiaries outside India. The subsidiary c""]"
validation,15094,15094.png,15094_0,What is the main topic or content discussed in this section?,"ITC's products and services have a national presence and many products are exported to a number of countries. The Company has 26 subsidiaries, including 10 subsidiaries outside India. The subsidiary...",comprehension,Summarized the main content from the text region.,[0],"[""ITC's products and services have a national presence and many products are exported to a number of countries. The Company has 26 subsidiaries, including 10 subsidiaries outside India. The subsidiary c""]"
validation,15117,15117.png,15117_0,What does the figure show?,100 Inspiring Years Report of the Directors,lookup,Answered using the figure's extracted description text.,[0],"[""100 Inspiring Years Report of the Directors""]"
validation,15117,15117.png,15117_1,What are the column headers in the table?,"4500 4000 3500 3000 2500 2000 1500 1000 500 109 0, 2002-032003-042004-052005-062006-072007-082008-092009-102010-11",lookup,The header row contains the table's column names.,[5],"[""4500 4000 3500 3000 2500 2000 1500 1000 500 109 0 | 2002-032003-042004-052005-062006-072007-082008-092009-102010-11""]"
validation,15117,15117.png,15117_2,How many data rows are in the table (excluding the header)?,0,lookup,Counted the number of non-header rows parsed from the table.,[5],"[""Data rows detected: 0""]"
validation,15117,15117.png,15117_3,What is the main topic or content discussed in this section?,"Within a relatively short span of time, your Company has established several strong consumer brands in the Indian FMCG market. Segment Results reflect the gestation costs of these businesses largely...",comprehension,Summarized the main content from the text region.,[6],"[""Within a relatively short span of time, your Company has established several strong consumer brands in the Indian FMCG market. Segment Results reflect the gestation costs of these businesses largely c""]"
validation,15133,15133.png,15133_0,What are the column headers in the table?,"ITC was ranked the worid's stb largest sustainable value creator among consumer goods companies according to a Report by Boston Consuiting Group, (2010)",lookup,The header row contains the table's column names.,[1],"[""ITC was ranked the worid's stb largest sustainable value creator among consumer goods companies according to a Report by Boston Consuiting Group | (2010)""]"
validation,15133,15133.png,15133_1,How many data rows are in the table (excluding the header)?,0,lookup,Counted the number of non-header rows parsed from the table.,[1],"[""Data rows detected: 0""]"
validation,15139,15139.png,15139_0,What does the figure show?,(Rs. in Crores) 2008,lookup,Answered using the figure's extracted description text.,[0],"[""(Rs. in Crores) 2008""]"
validation,15141,15141.png,15141_0,What does the figure show?,(Rs. in Crores) 2008,lookup,Answered using the figure's extracted description text.,[0],"[""(Rs. in Crores) 2008""]"
validation,15147,15147.png,15147_0,What does the figure show?,100 Inspiring Years Report on Corporate Governance,lookup,Answered using the figure's extracted description text.,[0],"[""100 Inspiring Years Report on Corporate Governance""]"
validation,15147,15147.png,15147_1,What is the main topic or content discussed in this section?,(g) Reviewing the findings of any internal investigations by the internal auditors and the executive management's response on matters where there is suspected fraud or irregularity or failure of inter,comprehension,Summarized the main content from the text region.,[11],"[""(g) Reviewing the findings of any internal investigations by the internal auditors and the executive management's response on matters where there is suspected fraud or irregularity or failure of inter""]"
validation,15148,15148.png,15148_0,What does the figure show?,100 Inspiring Years Report on Corporate Governance,lookup,Answered using the figure's extracted description text.,[0],"[""100 Inspiring Years Report on Corporate Governance""]"
validation,15148,15148.png,15148_1,What is the main topic or content discussed in this section?,(g) Reviewing the findings of any internal investigations by the internal auditors and the executive management's response on matters where there is suspected fraud or irregularity or failure of inter,comprehension,Summarized the main content from the text region.,[11],"[""(g) Reviewing the findings of any internal investigations by the internal auditors and the executive management's response on matters where there is suspected fraud or irregularity or failure of inter""]"
validation,15152,15152.png,15152_0,What does the figure show?,100 Inspiring Years Report on Corporate Governance,lookup,Answered using the figure's extracted description text.,[0],"[""100 Inspiring Years Report on Corporate Governance""]"
validation,15152,15152.png,15152_1,What is the main topic or content discussed in this section?,(g) Reviewing the findings of any internal investigations by the internal auditors and the executive management's response on matters where there is suspected fraud or irregularity or failure of inter,comprehension,Summarized the main content from the text region.,[11],"[""(g) Reviewing the findings of any internal investigations by the internal auditors and the executive management's response on matters where there is suspected fraud or irregularity or failure of inter""]"
validation,15155,15155.png,15155_0,What does the figure show?,100 Inspiring Years Report on Corporate Governance,lookup,Answered using the figure's extracted description text.,[0],"[""100 Inspiring Years Report on Corporate Governance""]"
validation,15155,15155.png,15155_1,What is the main topic or content discussed in this section?,(g) Reviewing the findings of any internal investigations by the internal auditors and the executive management's response on matters where there is suspected fraud or irregularity or failure of inter,comprehension,Summarized the main content from the text region.,[11],"[""(g) Reviewing the findings of any internal investigations by the internal auditors and the executive management's response on matters where there is suspected fraud or irregularity or failure of inter""]"
validation,15161,15161.png,15161_0,What are the column headers in the table?,"Volume Volume in 000 s in 000 s (Rs.) (Rs.) (Rs.) (Rs.) (Nos.) (US$) (Nos.) 220.80 199.20 5.32 84760 2008 APRIL 220.60 199.20 1,7188 232.40 232.40 10.33.25 1,81,77 5.54 MAY 201.55 201.65 225.00, 224.50",lookup,The header row contains the table's column names.,[0],"[""Volume Volume in 000 s in 000 s (Rs.) (Rs.) (Rs.) (Rs.) (Nos.) (US$) (Nos.) 220.80 199.20 5.32 84760 2008 APRIL 220.60 199.20 1,7188 232.40 232.40 10.33.25 1,81,77 5.54 MAY 201.55 201.65 225.00 | 224.50""]"
validation,15161,15161.png,15161_1,How many data rows are in the table (excluding the header)?,0,lookup,Counted the number of non-header rows parsed from the table.,[0],"[""Data rows detected: 0""]"
validation,15161,15161.png,15161_2,What does the figure show?,"Volume Volume in 000 s in 000 s (Rs.) (Rs.) (Rs.) (Rs.) (Nos.) (US$) (Nos.) 220.80 199.20 5.32 84760 2008 APRIL 220.60 199.20 1,7188 232.40 232.40 10.33.25 1,81,77 5.54 MAY 201.55 201.65 225.00 224.50",lookup,Answered using the figure's extracted description text.,[1],"[""Volume Volume in 000 s in 000 s (Rs.) (Rs.) (Rs.) (Rs.) (Nos.) (US$) (Nos.) 220.80 199.20 5.32 84760 2008 APRIL 220.60 199.20 1,7188 232.40 232.40 10.33.25 1,81,77 5.54 MAY 201.55 201.65 225.00 224.50""]"
validation,15161,15161.png,15161_3,What is the main topic or content discussed in this section?,"Note– Indicates monthly closing positions. During the financial year ended 31st March, 2009, the Company's Shares have outperformed the market; while the S&P CNX Nifty has fallen by 36%, the...",comprehension,Summarized the main content from the text region.,[8],"[""Note– Indicates monthly closing positions. During the financial year ended 31st March, 2009, the Company's Shares have outperformed the market; while the S&P CNX Nifty has fallen by 36%, the decline i""]"
validation,15164,15164.png,15164_0,What are the column headers in the table?,"Volume Volume in 000 s in 000 s (Rs.) (Rs.) (Rs.) (Rs.) (Nos.) (US$) (Nos.) 220.80 199.20 5.32 84760 2008 APRIL 220.60 199.20 1,7188 232.40 232.40 10.33.25 1,81,77 5.54 MAY 201.55 201.65 225.00, 224.50",lookup,The header row contains the table's column names.,[0],"[""Volume Volume in 000 s in 000 s (Rs.) (Rs.) (Rs.) (Rs.) (Nos.) (US$) (Nos.) 220.80 199.20 5.32 84760 2008 APRIL 220.60 199.20 1,7188 232.40 232.40 10.33.25 1,81,77 5.54 MAY 201.55 201.65 225.00 | 224.50""]"
validation,15164,15164.png,15164_1,How many data rows are in the table (excluding the header)?,0,lookup,Counted the number of non-header rows parsed from the table.,[0],"[""Data rows detected: 0""]"
validation,15164,15164.png,15164_2,What does the figure show?,"Volume Volume in 000 s in 000 s (Rs.) (Rs.) (Rs.) (Rs.) (Nos.) (US$) (Nos.) 220.80 199.20 5.32 84760 2008 APRIL 220.60 199.20 1,7188 232.40 232.40 10.33.25 1,81,77 5.54 MAY 201.55 201.65 225.00 224.50",lookup,Answered using the figure's extracted description text.,[1],"[""Volume Volume in 000 s in 000 s (Rs.) (Rs.) (Rs.) (Rs.) (Nos.) (US$) (Nos.) 220.80 199.20 5.32 84760 2008 APRIL 220.60 199.20 1,7188 232.40 232.40 10.33.25 1,81,77 5.54 MAY 201.55 201.65 225.00 224.50""]"
validation,15164,15164.png,15164_3,What is the main topic or content discussed in this section?,"Note– Indicates monthly closing positions. During the financial year ended 31st March, 2009, the Company's Shares have outperformed the market; while the S&P CNX Nifty has fallen by 36%, the...",comprehension,Summarized the main content from the text region.,[8],"[""Note– Indicates monthly closing positions. During the financial year ended 31st March, 2009, the Company's Shares have outperformed the market; while the S&P CNX Nifty has fallen by 36%, the decline i""]"
validation,15170,15170.png,15170_0,What are the column headers in the table?,"Volume Volume in 000 s in 000 s (Rs.) (Rs.) (Rs.) (Rs.) (Nos.) (US$) (Nos.) 220.80 199.20 5.32 84760 2008 APRIL 220.60 199.20 1,7188 232.40 232.40 10.33.25 1,81,77 5.54 MAY 201.55 201.65 225.00, 224.50",lookup,The header row contains the table's column names.,[0],"[""Volume Volume in 000 s in 000 s (Rs.) (Rs.) (Rs.) (Rs.) (Nos.) (US$) (Nos.) 220.80 199.20 5.32 84760 2008 APRIL 220.60 199.20 1,7188 232.40 232.40 10.33.25 1,81,77 5.54 MAY 201.55 201.65 225.00 | 224.50""]"
validation,15170,15170.png,15170_1,How many data rows are in the table (excluding the header)?,0,lookup,Counted the number of non-header rows parsed from the table.,[0],"[""Data rows detected: 0""]"
validation,15170,15170.png,15170_2,What does the figure show?,"Volume Volume in 000 s in 000 s (Rs.) (Rs.) (Rs.) (Rs.) (Nos.) (US$) (Nos.) 220.80 199.20 5.32 84760 2008 APRIL 220.60 199.20 1,7188 232.40 232.40 10.33.25 1,81,77 5.54 MAY 201.55 201.65 225.00 224.50",lookup,Answered using the figure's extracted description text.,[1],"[""Volume Volume in 000 s in 000 s (Rs.) (Rs.) (Rs.) (Rs.) (Nos.) (US$) (Nos.) 220.80 199.20 5.32 84760 2008 APRIL 220.60 199.20 1,7188 232.40 232.40 10.33.25 1,81,77 5.54 MAY 201.55 201.65 225.00 224.50""]"
validation,15170,15170.png,15170_3,What is the main topic or content discussed in this section?,"Note– Indicates monthly closing positions. During the financial year ended 31st March, 2009, the Company's Shares have outperformed the market; while the S&P CNX Nifty has fallen by 36%, the...",comprehension,Summarized the main content from the text region.,[8],"[""Note– Indicates monthly closing positions. During the financial year ended 31st March, 2009, the Company's Shares have outperformed the market; while the S&P CNX Nifty has fallen by 36%, the decline i""]"
validation,15189,15189.png,15189_0,What are the column headers in the table?,"The domesticcigareteindustrywitessedoneoftheshrpestdeinesintle volumeinthelastyear when it lost more than12%of its size asresofsp hikein the rate of excise duty,as much, as15%acrossallsegments.Inaddiin",lookup,The header row contains the table's column names.,[2],"[""The domesticcigareteindustrywitessedoneoftheshrpestdeinesintle volumeinthelastyear when it lost more than12%of its size asresofsp hikein the rate of excise duty,as much | as15%acrossallsegments.Inaddiin""]"
validation,15189,15189.png,15189_1,How many data rows are in the table (excluding the header)?,0,lookup,Counted the number of non-header rows parsed from the table.,[2],"[""Data rows detected: 0""]"
validation,15230,15230.png,15230_0,What does the figure show?,"(29,04,77,652) NIL (29,04,77,652)",lookup,Answered using the figure's extracted description text.,[0],"[""(29,04,77,652) NIL (29,04,77,652)""]"
validation,15230,15230.png,15230_1,What are the column headers in the table?,"13,89,969 1,04,496 50029 30542, 52118",lookup,The header row contains the table's column names.,[3],"[""13,89,969 1,04,496 50029 30542 | 52118""]"
validation,15230,15230.png,15230_2,How many data rows are in the table (excluding the header)?,0,lookup,Counted the number of non-header rows parsed from the table.,[3],"[""Data rows detected: 0""]"
validation,15233,15233.png,15233_0,What does the figure show?,"(29,04,77,652) NIL (29,04,77,652)",lookup,Answered using the figure's extracted description text.,[0],"[""(29,04,77,652) NIL (29,04,77,652)""]"
validation,15233,15233.png,15233_1,What are the column headers in the table?,"13,89,969 1,04,496 50029 30542, 52118",lookup,The header row contains the table's column names.,[3],"[""13,89,969 1,04,496 50029 30542 | 52118""]"
validation,15233,15233.png,15233_2,How many data rows are in the table (excluding the header)?,0,lookup,Counted the number of non-header rows parsed from the table.,[3],"[""Data rows detected: 0""]"
validation,15234,15234.png,15234_0,What does the figure show?,"(29,04,77,652) NIL (29,04,77,652)",lookup,Answered using the figure's extracted description text.,[0],"[""(29,04,77,652) NIL (29,04,77,652)""]"
validation,15234,15234.png,15234_1,What are the column headers in the table?,"13,89,969 1,04,496 50029 30542, 52118",lookup,The header row contains the table's column names.,[3],"[""13,89,969 1,04,496 50029 30542 | 52118""]"
validation,15234,15234.png,15234_2,How many data rows are in the table (excluding the header)?,0,lookup,Counted the number of non-header rows parsed from the table.,[3],"[""Data rows detected: 0""]"
validation,15277,15277.png,15277_0,What does the figure show?,100 Inspiring Years Shareholder Information,lookup,Answered using the figure's extracted description text.,[0],"[""100 Inspiring Years Shareholder Information""]"
validation,15277,15277.png,15277_1,What are the column headers in the table?,"Low Volume High Low Volume High in 000's in 000's (7) (7) (7) (7) (7) (Nos.) (Nos.) () 136.90 130.05 105461 136.30 130.30 10475 132.30 132.20 143.85 122.50 168456 142.95 126.93 21543 137.05 131.75, 153",lookup,The header row contains the table's column names.,[4],"[""Low Volume High Low Volume High in 000's in 000's (7) (7) (7) (7) (7) (Nos.) (Nos.) () 136.90 130.05 105461 136.30 130.30 10475 132.30 132.20 143.85 122.50 168456 142.95 126.93 21543 137.05 131.75 | 153""]"
validation,15277,15277.png,15277_2,How many data rows are in the table (excluding the header)?,0,lookup,Counted the number of non-header rows parsed from the table.,[4],"[""Data rows detected: 0""]"
validation,15281,15281.png,15281_0,What does the figure show?,100 Inspiring Years Shareholder Information,lookup,Answered using the figure's extracted description text.,[0],"[""100 Inspiring Years Shareholder Information""]"
validation,15281,15281.png,15281_1,What are the column headers in the table?,"Low Volume High Low Volume High in 000's in 000's (7) (7) (7) (7) (7) (Nos.) (Nos.) () 136.90 130.05 105461 136.30 130.30 10475 132.30 132.20 143.85 122.50 168456 142.95 126.93 21543 137.05 131.75, 153",lookup,The header row contains the table's column names.,[4],"[""Low Volume High Low Volume High in 000's in 000's (7) (7) (7) (7) (7) (Nos.) (Nos.) () 136.90 130.05 105461 136.30 130.30 10475 132.30 132.20 143.85 122.50 168456 142.95 126.93 21543 137.05 131.75 | 153""]"
validation,15281,15281.png,15281_2,How many data rows are in the table (excluding the header)?,0,lookup,Counted the number of non-header rows parsed from the table.,[4],"[""Data rows detected: 0""]"
validation,15282,15282.png,15282_0,What does the figure show?,100 Inspiring Years Shareholder Information,lookup,Answered using the figure's extracted description text.,[0],"[""100 Inspiring Years Shareholder Information""]"
validation,15282,15282.png,15282_1,What are the column headers in the table?,"Low Volume High Low Volume High in 000's in 000's (7) (7) (7) (7) (7) (Nos.) (Nos.) () 136.90 130.05 105461 136.30 130.30 10475 132.30 132.20 143.85 122.50 168456 142.95 126.93 21543 137.05 131.75, 153",lookup,The header row contains the table's column names.,[4],"[""Low Volume High Low Volume High in 000's in 000's (7) (7) (7) (7) (7) (Nos.) (Nos.) () 136.90 130.05 105461 136.30 130.30 10475 132.30 132.20 143.85 122.50 168456 142.95 126.93 21543 137.05 131.75 | 153""]"
validation,15282,15282.png,15282_2,How many data rows are in the table (excluding the header)?,0,lookup,Counted the number of non-header rows parsed from the table.,[4],"[""Data rows detected: 0""]"
validation,15321,15321.png,15321_0,What are the column headers in the table?,"y enriched when its institutions build domestic brands create much larger value vitality in the global Indian market place. Y C Deveshwar, Speech at the ITC AGM,, 2012",lookup,The header row contains the table's column names.,[1],"[""y enriched when its institutions build domestic brands create much larger value vitality in the global Indian market place. Y C Deveshwar, Speech at the ITC AGM, | 2012""]"
validation,15321,15321.png,15321_1,How many data rows are in the table (excluding the header)?,0,lookup,Counted the number of non-header rows parsed from the table.,[1],"[""Data rows detected: 0""]"
validation,15323,15323.png,15323_0,What are the column headers in the table?,"y enriched when its institutions build domestic brands create much larger value vitality in the global Indian market place. Y C Deveshwar, Speech at the ITC AGM,, 2012",lookup,The header row contains the table's column names.,[1],"[""y enriched when its institutions build domestic brands create much larger value vitality in the global Indian market place. Y C Deveshwar, Speech at the ITC AGM, | 2012""]"
validation,15323,15323.png,15323_1,How many data rows are in the table (excluding the header)?,0,lookup,Counted the number of non-header rows parsed from the table.,[1],"[""Data rows detected: 0""]"
validation,15325,15325.png,15325_0,What does the figure show?,PLAYERS ESSENZA DIWILLS ENGAGE,lookup,Answered using the figure's extracted description text.,[1],"[""PLAYERS ESSENZA DIWILLS ENGAGE""]"
validation,15329,15329.png,15329_0,What does the figure show?,PLAYERS ESSENZA DIWILLS ENGAGE,lookup,Answered using the figure's extracted description text.,[1],"[""PLAYERS ESSENZA DIWILLS ENGAGE""]"
validation,15330,15330.png,15330_0,What does the figure show?,PLAYERS ESSENZA DIWILLS ENGAGE,lookup,Answered using the figure's extracted description text.,[1],"[""PLAYERS ESSENZA DIWILLS ENGAGE""]"
validation,15334,15334.png,15334_0,What does the figure show?,PLAYERS ESSENZA DIWILLS ENGAGE,lookup,Answered using the figure's extracted description text.,[1],"[""PLAYERS ESSENZA DIWILLS ENGAGE""]"
validation,15350,15350.png,15350_0,What are the column headers in the table?,"Paper PC(3) Metabolic and hemostatic profile of postmenopausal women receiving a continuous combined regimen of either 1 mg estradiol and trimegestone or estradiol and norethisterone acetate over a, 1",lookup,The header row contains the table's column names.,[1],"[""Paper PC(3) Metabolic and hemostatic profile of postmenopausal women receiving a continuous combined regimen of either 1 mg estradiol and trimegestone or estradiol and norethisterone acetate over a | 1""]"
validation,15350,15350.png,15350_1,How many data rows are in the table (excluding the header)?,0,lookup,Counted the number of non-header rows parsed from the table.,[1],"[""Data rows detected: 0""]"
validation,15351,15351.png,15351_0,What are the column headers in the table?,"Paper PC(3) Metabolic and hemostatic profile of postmenopausal women receiving a continuous combined regimen of either 1 mg estradiol and trimegestone or estradiol and norethisterone acetate over a, 1",lookup,The header row contains the table's column names.,[1],"[""Paper PC(3) Metabolic and hemostatic profile of postmenopausal women receiving a continuous combined regimen of either 1 mg estradiol and trimegestone or estradiol and norethisterone acetate over a | 1""]"
validation,15351,15351.png,15351_1,How many data rows are in the table (excluding the header)?,0,lookup,Counted the number of non-header rows parsed from the table.,[1],"[""Data rows detected: 0""]"
validation,15352,15352.png,15352_0,What are the column headers in the table?,"Paper PC(3) Metabolic and hemostatic profile of postmenopausal women receiving a continuous combined regimen of either 1 mg estradiol and trimegestone or estradiol and norethisterone acetate over a, 1",lookup,The header row contains the table's column names.,[1],"[""Paper PC(3) Metabolic and hemostatic profile of postmenopausal women receiving a continuous combined regimen of either 1 mg estradiol and trimegestone or estradiol and norethisterone acetate over a | 1""]"
validation,15352,15352.png,15352_1,How many data rows are in the table (excluding the header)?,0,lookup,Counted the number of non-header rows parsed from the table.,[1],"[""Data rows detected: 0""]"
validation,15382,15382.png,15382_0,What does the figure show?,Medical Science Liaisons for dissemination to the general clinical audience or managed care groups.,lookup,Answered using the figure's extracted description text.,[1],"[""Medical Science Liaisons for dissemination to the general clinical audience or managed care groups.""]"
validation,15383,15383.png,15383_0,What does the figure show?,Medical Science Liaisons for dissemination to the general clinical audience or managed care groups.,lookup,Answered using the figure's extracted description text.,[1],"[""Medical Science Liaisons for dissemination to the general clinical audience or managed care groups.""]"
validation,15384,15384.png,15384_0,What does the figure show?,Medical Science Liaisons for dissemination to the general clinical audience or managed care groups.,lookup,Answered using the figure's extracted description text.,[1],"[""Medical Science Liaisons for dissemination to the general clinical audience or managed care groups.""]"
validation,15385,15385.png,15385_0,What does the figure show?,Medical Science Liaisons for dissemination to the general clinical audience or managed care groups.,lookup,Answered using the figure's extracted description text.,[1],"[""Medical Science Liaisons for dissemination to the general clinical audience or managed care groups.""]"
validation,15386,15386.png,15386_0,What does the figure show?,Medical Science Liaisons for dissemination to the general clinical audience or managed care groups.,lookup,Answered using the figure's extracted description text.,[1],"[""Medical Science Liaisons for dissemination to the general clinical audience or managed care groups.""]"
validation,15747,15747.png,15747_0,What does the figure show?,"POSTERS Fourteen posters will be presented at the World Congress of the Menopause in Yokohama, October 1999 six preclinical from HMR and eight from F. Al-Azzawi and colleagues. All abstracts have now",lookup,Answered using the figure's extracted description text.,[0],"[""POSTERS Fourteen posters will be presented at the World Congress of the Menopause in Yokohama, October 1999 six preclinical from HMR and eight from F. Al-Azzawi and colleagues. All abstracts have now ""]"
validation,15747,15747.png,15747_1,What are the column headers in the table?,"Initial draft sent to HMR to review 21.10.98. Abstract sent to Peter Miller 08.04.99 for submission to Yokohama. Abstract submitted by Peter Miller, 15.04.99.",lookup,The header row contains the table's column names.,[3],"[""Initial draft sent to HMR to review 21.10.98. Abstract sent to Peter Miller 08.04.99 for submission to Yokohama. Abstract submitted by Peter Miller | 15.04.99.""]"
validation,15747,15747.png,15747_2,How many data rows are in the table (excluding the header)?,0,lookup,Counted the number of non-header rows parsed from the table.,[3],"[""Data rows detected: 0""]"
validation,15753,15753.png,15753_0,What does the figure show?,"POSTERS Fourteen posters will be presented at the World Congress of the Menopause in Yokohama, October 1999 six preclinical from HMR and eight from F. Al-Azzawi and colleagues. All abstracts have now",lookup,Answered using the figure's extracted description text.,[0],"[""POSTERS Fourteen posters will be presented at the World Congress of the Menopause in Yokohama, October 1999 six preclinical from HMR and eight from F. Al-Azzawi and colleagues. All abstracts have now ""]"
validation,15753,15753.png,15753_1,What are the column headers in the table?,"Initial draft sent to HMR to review 21.10.98. Abstract sent to Peter Miller 08.04.99 for submission to Yokohama. Abstract submitted by Peter Miller, 15.04.99.",lookup,The header row contains the table's column names.,[3],"[""Initial draft sent to HMR to review 21.10.98. Abstract sent to Peter Miller 08.04.99 for submission to Yokohama. Abstract submitted by Peter Miller | 15.04.99.""]"
validation,15753,15753.png,15753_2,How many data rows are in the table (excluding the header)?,0,lookup,Counted the number of non-header rows parsed from the table.,[3],"[""Data rows detected: 0""]"
validation,1623,1623.png,1623_0,What does the figure show?,1. Given Name (First Name) Michael,lookup,Answered using the figure's extracted description text.,[0],"[""1. Given Name (First Name) Michael""]"
validation,1625,1625.png,1625_0,What does the figure show?,1. Given Name (First Name) Michael,lookup,Answered using the figure's extracted description text.,[0],"[""1. Given Name (First Name) Michael""]"
validation,1627,1627.png,1627_0,What does the figure show?,1. Given Name (First Name) Michael,lookup,Answered using the figure's extracted description text.,[0],"[""1. Given Name (First Name) Michael""]"
validation,1628,1628.png,1628_0,What does the figure show?,1. Given Name (First Name) Michael,lookup,Answered using the figure's extracted description text.,[0],"[""1. Given Name (First Name) Michael""]"
validation,16337,16337.png,16337_0,What is the main topic or content discussed in this section?,"Leading global research firms, like Gartner and Forrester, have recognised ITC Infotech in more than 20 publications. A strong visibility in such research formats is an acknowledgement of ITC Infotech",comprehension,Summarized the main content from the text region.,[0],"[""Leading global research firms, like Gartner and Forrester, have recognised ITC Infotech in more than 20 publications. A strong visibility in such research formats is an acknowledgement of ITC Infotech""]"
validation,16339,16339.png,16339_0,What is the main topic or content discussed in this section?,"Leading global research firms, like Gartner and Forrester, have recognised ITC Infotech in more than 20 publications. A strong visibility in such research formats is an acknowledgement of ITC Infotech",comprehension,Summarized the main content from the text region.,[0],"[""Leading global research firms, like Gartner and Forrester, have recognised ITC Infotech in more than 20 publications. A strong visibility in such research formats is an acknowledgement of ITC Infotech""]"
validation,16341,16341.png,16341_0,What is the main topic or content discussed in this section?,"Leading global research firms, like Gartner and Forrester, have recognised ITC Infotech in more than 20 publications. A strong visibility in such research formats is an acknowledgement of ITC Infotech",comprehension,Summarized the main content from the text region.,[0],"[""Leading global research firms, like Gartner and Forrester, have recognised ITC Infotech in more than 20 publications. A strong visibility in such research formats is an acknowledgement of ITC Infotech""]"
validation,16344,16344.png,16344_0,What is the main topic or content discussed in this section?,"Leading global research firms, like Gartner and Forrester, have recognised ITC Infotech in more than 20 publications. A strong visibility in such research formats is an acknowledgement of ITC Infotech",comprehension,Summarized the main content from the text region.,[0],"[""Leading global research firms, like Gartner and Forrester, have recognised ITC Infotech in more than 20 publications. A strong visibility in such research formats is an acknowledgement of ITC Infotech""]"
validation,16346,16346.png,16346_0,What is the main topic or content discussed in this section?,"Leading global research firms, like Gartner and Forrester, have recognised ITC Infotech in more than 20 publications. A strong visibility in such research formats is an acknowledgement of ITC Infotech",comprehension,Summarized the main content from the text region.,[0],"[""Leading global research firms, like Gartner and Forrester, have recognised ITC Infotech in more than 20 publications. A strong visibility in such research formats is an acknowledgement of ITC Infotech""]"
validation,16444,16444.png,16444_0,What does the figure show?,The only meaningful measure of success is money,lookup,Answered using the figure's extracted description text.,[2],"[""The only meaningful measure of success is money""]"
validation,16447,16447.png,16447_0,What does the figure show?,The only meaningful measure of success is money,lookup,Answered using the figure's extracted description text.,[2],"[""The only meaningful measure of success is money""]"
validation,16455,16455.png,16455_0,What does the figure show?,The only meaningful measure of success is money,lookup,Answered using the figure's extracted description text.,[2],"[""The only meaningful measure of success is money""]"
validation,16456,16456.png,16456_0,What does the figure show?,The only meaningful measure of success is money,lookup,Answered using the figure's extracted description text.,[2],"[""The only meaningful measure of success is money""]"
validation,16463,16463.png,16463_0,What does the figure show?,The only meaningful measure of success is money,lookup,Answered using the figure's extracted description text.,[2],"[""The only meaningful measure of success is money""]"
validation,16468,16468.png,16468_0,What does the figure show?,The only meaningful measure of success is money,lookup,Answered using the figure's extracted description text.,[2],"[""The only meaningful measure of success is money""]"
validation,16529,16529.png,16529_0,What are the column headers in the table?,"Investigator/Author Study/Subject Ödmark Bleeding with CEE+MPA vs. 17β- estradiol+NETA Brain-aging and HRT data, (1)",lookup,The header row contains the table's column names.,[1],"[""Investigator/Author Study/Subject Ödmark Bleeding with CEE+MPA vs. 17β- estradiol+NETA Brain-aging and HRT data | (1)""]"
validation,16529,16529.png,16529_1,How many data rows are in the table (excluding the header)?,0,lookup,Counted the number of non-header rows parsed from the table.,[1],"[""Data rows detected: 0""]"
validation,16529,16529.png,16529_2,What does the figure show?,Psychoneuroendocrinology Murphy (5-6/01) JAMA (6/01),lookup,Answered using the figure's extracted description text.,[2],"[""Psychoneuroendocrinology Murphy (5-6/01) JAMA (6/01)""]"
validation,16529,16529.png,16529_3,What is the Women's HOPE study?,Endometrial histology Women's,lookup,Extracted value for 'Women's HOPE study' from form field.,[6],"[""Women's HOPE study: Endometrial histology Women's""]"
validation,16529,16529.png,16529_4,What is the HOPE study?,"Lipoproteins and carbohydrate metabolism The Impact of Lower HRT Doses on Menopause Management Hormones, breast cancer and criteria for ca",lookup,Extracted value for 'HOPE study' from form field.,[6],"[""HOPE study: Lipoproteins and carbohydrate metabolism The Impact of Lower HRT Doses on Menopause Management Hormones, breast cancer and criteria for ca""]"
validation,16533,16533.png,16533_0,What are the column headers in the table?,"Investigator/Author Study/Subject Ödmark Bleeding with CEE+MPA vs. 17β- estradiol+NETA Brain-aging and HRT data, (1)",lookup,The header row contains the table's column names.,[1],"[""Investigator/Author Study/Subject Ödmark Bleeding with CEE+MPA vs. 17β- estradiol+NETA Brain-aging and HRT data | (1)""]"
validation,16533,16533.png,16533_1,How many data rows are in the table (excluding the header)?,0,lookup,Counted the number of non-header rows parsed from the table.,[1],"[""Data rows detected: 0""]"
validation,16533,16533.png,16533_2,What does the figure show?,Psychoneuroendocrinology Murphy (5-6/01) JAMA (6/01),lookup,Answered using the figure's extracted description text.,[2],"[""Psychoneuroendocrinology Murphy (5-6/01) JAMA (6/01)""]"
validation,16533,16533.png,16533_3,What is the Women's HOPE study?,Endometrial histology Women's,lookup,Extracted value for 'Women's HOPE study' from form field.,[6],"[""Women's HOPE study: Endometrial histology Women's""]"
validation,16533,16533.png,16533_4,What is the HOPE study?,"Lipoproteins and carbohydrate metabolism The Impact of Lower HRT Doses on Menopause Management Hormones, breast cancer and criteria for ca",lookup,Extracted value for 'HOPE study' from form field.,[6],"[""HOPE study: Lipoproteins and carbohydrate metabolism The Impact of Lower HRT Doses on Menopause Management Hormones, breast cancer and criteria for ca""]"
validation,16539,16539.png,16539_0,What are the column headers in the table?,"Investigator/Author Study/Subject Ödmark Bleeding with CEE+MPA vs. 17β- estradiol+NETA Brain-aging and HRT data, (1)",lookup,The header row contains the table's column names.,[1],"[""Investigator/Author Study/Subject Ödmark Bleeding with CEE+MPA vs. 17β- estradiol+NETA Brain-aging and HRT data | (1)""]"
validation,16539,16539.png,16539_1,How many data rows are in the table (excluding the header)?,0,lookup,Counted the number of non-header rows parsed from the table.,[1],"[""Data rows detected: 0""]"
validation,16539,16539.png,16539_2,What does the figure show?,Psychoneuroendocrinology Murphy (5-6/01) JAMA (6/01),lookup,Answered using the figure's extracted description text.,[2],"[""Psychoneuroendocrinology Murphy (5-6/01) JAMA (6/01)""]"
validation,16539,16539.png,16539_3,What is the Women's HOPE study?,Endometrial histology Women's,lookup,Extracted value for 'Women's HOPE study' from form field.,[6],"[""Women's HOPE study: Endometrial histology Women's""]"
validation,16539,16539.png,16539_4,What is the HOPE study?,"Lipoproteins and carbohydrate metabolism The Impact of Lower HRT Doses on Menopause Management Hormones, breast cancer and criteria for ca",lookup,Extracted value for 'HOPE study' from form field.,[6],"[""HOPE study: Lipoproteins and carbohydrate metabolism The Impact of Lower HRT Doses on Menopause Management Hormones, breast cancer and criteria for ca""]"
validation,16553,16553.png,16553_0,What is the main topic or content discussed in this section?,"$3,500. One-third may be invoiced upon commencement of work; the second third may be invoiced upon acceptance of the manuscript by Design Write; one- sixth may be invoiced upon submission...",comprehension,Summarized the main content from the text region.,[1],"[""$3,500. One-third may be invoiced upon commencement of work; the second third may be invoiced upon acceptance of the manuscript by Design Write; one- sixth may be invoiced upon submission of the paper""]"
validation,16554,16554.png,16554_0,What is the main topic or content discussed in this section?,"$3,500. One-third may be invoiced upon commencement of work; the second third may be invoiced upon acceptance of the manuscript by Design Write; one- sixth may be invoiced upon submission...",comprehension,Summarized the main content from the text region.,[1],"[""$3,500. One-third may be invoiced upon commencement of work; the second third may be invoiced upon acceptance of the manuscript by Design Write; one- sixth may be invoiced upon submission of the paper""]"
validation,16555,16555.png,16555_0,What is the main topic or content discussed in this section?,"$3,500. One-third may be invoiced upon commencement of work; the second third may be invoiced upon acceptance of the manuscript by Design Write; one- sixth may be invoiced upon submission...",comprehension,Summarized the main content from the text region.,[1],"[""$3,500. One-third may be invoiced upon commencement of work; the second third may be invoiced upon acceptance of the manuscript by Design Write; one- sixth may be invoiced upon submission of the paper""]"
validation,16557,16557.png,16557_0,What is the main topic or content discussed in this section?,"$3,500. One-third may be invoiced upon commencement of work; the second third may be invoiced upon acceptance of the manuscript by Design Write; one- sixth may be invoiced upon submission...",comprehension,Summarized the main content from the text region.,[1],"[""$3,500. One-third may be invoiced upon commencement of work; the second third may be invoiced upon acceptance of the manuscript by Design Write; one- sixth may be invoiced upon submission of the paper""]"
validation,16568,16568.png,16568_0,What is the main topic or content discussed in this section?,"$3,500. One-third may be invoiced upon commencement of work; the second third may be invoiced upon acceptance of the manuscript by Design Write; one- sixth may be invoiced upon submission...",comprehension,Summarized the main content from the text region.,[1],"[""$3,500. One-third may be invoiced upon commencement of work; the second third may be invoiced upon acceptance of the manuscript by Design Write; one- sixth may be invoiced upon submission of the paper""]"
validation,16574,16574.png,16574_0,What is the main topic or content discussed in this section?,"$3,500. One-third may be invoiced upon commencement of work; the second third may be invoiced upon acceptance of the manuscript by Design Write; one- sixth may be invoiced upon submission...",comprehension,Summarized the main content from the text region.,[1],"[""$3,500. One-third may be invoiced upon commencement of work; the second third may be invoiced upon acceptance of the manuscript by Design Write; one- sixth may be invoiced upon submission of the paper""]"
validation,16606,16606.png,16606_0,What does the figure show?,Write 10- to 15-page manuscript (not including references) based on the approved outline.,lookup,Answered using the figure's extracted description text.,[2],"[""Write 10- to 15-page manuscript (not including references) based on the approved outline.""]"
validation,16606,16606.png,16606_1,What is the main topic or content discussed in this section?,Points to Include Generally points to be covered include the positioning of tibolone as a non-specific agent that does not have the potential benefits of HRT on lipids and has...,comprehension,Summarized the main content from the text region.,[3],"[""Points to Include Generally points to be covered include the positioning of tibolone as a non-specific agent that does not have the potential benefits of HRT on lipids and has potential negative effec""]"
validation,16609,16609.png,16609_0,What does the figure show?,Write 10- to 15-page manuscript (not including references) based on the approved outline.,lookup,Answered using the figure's extracted description text.,[2],"[""Write 10- to 15-page manuscript (not including references) based on the approved outline.""]"
validation,16609,16609.png,16609_1,What is the main topic or content discussed in this section?,Points to Include Generally points to be covered include the positioning of tibolone as a non-specific agent that does not have the potential benefits of HRT on lipids and has...,comprehension,Summarized the main content from the text region.,[3],"[""Points to Include Generally points to be covered include the positioning of tibolone as a non-specific agent that does not have the potential benefits of HRT on lipids and has potential negative effec""]"
validation,16611,16611.png,16611_0,What does the figure show?,Write 10- to 15-page manuscript (not including references) based on the approved outline.,lookup,Answered using the figure's extracted description text.,[2],"[""Write 10- to 15-page manuscript (not including references) based on the approved outline.""]"
validation,16611,16611.png,16611_1,What is the main topic or content discussed in this section?,Points to Include Generally points to be covered include the positioning of tibolone as a non-specific agent that does not have the potential benefits of HRT on lipids and has...,comprehension,Summarized the main content from the text region.,[3],"[""Points to Include Generally points to be covered include the positioning of tibolone as a non-specific agent that does not have the potential benefits of HRT on lipids and has potential negative effec""]"
validation,16789,16789.png,16789_0,What does the figure show?,1999 Change % Change 2000 16.1% Gross ASP per Tablet $0.7331 $0.6313 $0.1017 16.9% 0.6697 0.5728 0.0969 Net ASP per Tablet,lookup,Answered using the figure's extracted description text.,[4],"[""1999 Change % Change 2000 16.1% Gross ASP per Tablet $0.7331 $0.6313 $0.1017 16.9% 0.6697 0.5728 0.0969 Net ASP per Tablet""]"
validation,16789,16789.png,16789_1,What is the main topic or content discussed in this section?,Prempro and Premphase are to be priced at a premium to other brand name HRT and price increases should be aggressive to cover increasing costs and to maximize profit. A...,comprehension,Summarized the main content from the text region.,[0],"[""Prempro and Premphase are to be priced at a premium to other brand name HRT and price increases should be aggressive to cover increasing costs and to maximize profit. A managed care elasticity study c""]"
validation,16801,16801.png,16801_0,What does the figure show?,1999 Change % Change 2000 16.1% Gross ASP per Tablet $0.7331 $0.6313 $0.1017 16.9% 0.6697 0.5728 0.0969 Net ASP per Tablet,lookup,Answered using the figure's extracted description text.,[4],"[""1999 Change % Change 2000 16.1% Gross ASP per Tablet $0.7331 $0.6313 $0.1017 16.9% 0.6697 0.5728 0.0969 Net ASP per Tablet""]"
validation,16801,16801.png,16801_1,What is the main topic or content discussed in this section?,Prempro and Premphase are to be priced at a premium to other brand name HRT and price increases should be aggressive to cover increasing costs and to maximize profit. A...,comprehension,Summarized the main content from the text region.,[0],"[""Prempro and Premphase are to be priced at a premium to other brand name HRT and price increases should be aggressive to cover increasing costs and to maximize profit. A managed care elasticity study c""]"
validation,16826,16826.png,16826_0,What are the column headers in the table?,"PharmaVOiCE is the executive forum that allows business leaders to engage in a candid dialogue on the myriad challenges and trends impacting the life-sciences industry. PharmaVOlCE reaches more than, 1",lookup,The header row contains the table's column names.,[6],"[""PharmaVOiCE is the executive forum that allows business leaders to engage in a candid dialogue on the myriad challenges and trends impacting the life-sciences industry. PharmaVOlCE reaches more than | 1""]"
validation,16826,16826.png,16826_1,How many data rows are in the table (excluding the header)?,0,lookup,Counted the number of non-header rows parsed from the table.,[6],"[""Data rows detected: 0""]"
validation,16826,16826.png,16826_2,What is the main topic or content discussed in this section?,"August 8, 2003 and receive a $200 discoun. The FDA/government emplovee rate is $5o5 and there will be required ot the conference registration desk) Group Discounls are available. Please call...",comprehension,Summarized the main content from the text region.,[7],"[""August 8, 2003 and receive a $200 discoun. The FDA/government emplovee rate is $5o5 and there will be required ot the conference registration desk) Group Discounls are available. Please call Evan""]"
validation,16830,16830.png,16830_0,What are the column headers in the table?,"PharmaVOiCE is the executive forum that allows business leaders to engage in a candid dialogue on the myriad challenges and trends impacting the life-sciences industry. PharmaVOlCE reaches more than, 1",lookup,The header row contains the table's column names.,[6],"[""PharmaVOiCE is the executive forum that allows business leaders to engage in a candid dialogue on the myriad challenges and trends impacting the life-sciences industry. PharmaVOlCE reaches more than | 1""]"
validation,16830,16830.png,16830_1,How many data rows are in the table (excluding the header)?,0,lookup,Counted the number of non-header rows parsed from the table.,[6],"[""Data rows detected: 0""]"
validation,16830,16830.png,16830_2,What is the main topic or content discussed in this section?,"August 8, 2003 and receive a $200 discoun. The FDA/government emplovee rate is $5o5 and there will be required ot the conference registration desk) Group Discounls are available. Please call...",comprehension,Summarized the main content from the text region.,[7],"[""August 8, 2003 and receive a $200 discoun. The FDA/government emplovee rate is $5o5 and there will be required ot the conference registration desk) Group Discounls are available. Please call Evan""]"
validation,16831,16831.png,16831_0,What are the column headers in the table?,"PharmaVOiCE is the executive forum that allows business leaders to engage in a candid dialogue on the myriad challenges and trends impacting the life-sciences industry. PharmaVOlCE reaches more than, 1",lookup,The header row contains the table's column names.,[6],"[""PharmaVOiCE is the executive forum that allows business leaders to engage in a candid dialogue on the myriad challenges and trends impacting the life-sciences industry. PharmaVOlCE reaches more than | 1""]"
validation,16831,16831.png,16831_1,How many data rows are in the table (excluding the header)?,0,lookup,Counted the number of non-header rows parsed from the table.,[6],"[""Data rows detected: 0""]"
validation,16831,16831.png,16831_2,What is the main topic or content discussed in this section?,"August 8, 2003 and receive a $200 discoun. The FDA/government emplovee rate is $5o5 and there will be required ot the conference registration desk) Group Discounls are available. Please call...",comprehension,Summarized the main content from the text region.,[7],"[""August 8, 2003 and receive a $200 discoun. The FDA/government emplovee rate is $5o5 and there will be required ot the conference registration desk) Group Discounls are available. Please call Evan""]"
validation,16832,16832.png,16832_0,What are the column headers in the table?,"PharmaVOiCE is the executive forum that allows business leaders to engage in a candid dialogue on the myriad challenges and trends impacting the life-sciences industry. PharmaVOlCE reaches more than, 1",lookup,The header row contains the table's column names.,[6],"[""PharmaVOiCE is the executive forum that allows business leaders to engage in a candid dialogue on the myriad challenges and trends impacting the life-sciences industry. PharmaVOlCE reaches more than | 1""]"
validation,16832,16832.png,16832_1,How many data rows are in the table (excluding the header)?,0,lookup,Counted the number of non-header rows parsed from the table.,[6],"[""Data rows detected: 0""]"
validation,16832,16832.png,16832_2,What is the main topic or content discussed in this section?,"August 8, 2003 and receive a $200 discoun. The FDA/government emplovee rate is $5o5 and there will be required ot the conference registration desk) Group Discounls are available. Please call...",comprehension,Summarized the main content from the text region.,[7],"[""August 8, 2003 and receive a $200 discoun. The FDA/government emplovee rate is $5o5 and there will be required ot the conference registration desk) Group Discounls are available. Please call Evan""]"
validation,16835,16835.png,16835_0,What are the column headers in the table?,"PharmaVOiCE is the executive forum that allows business leaders to engage in a candid dialogue on the myriad challenges and trends impacting the life-sciences industry. PharmaVOlCE reaches more than, 1",lookup,The header row contains the table's column names.,[6],"[""PharmaVOiCE is the executive forum that allows business leaders to engage in a candid dialogue on the myriad challenges and trends impacting the life-sciences industry. PharmaVOlCE reaches more than | 1""]"
validation,16835,16835.png,16835_1,How many data rows are in the table (excluding the header)?,0,lookup,Counted the number of non-header rows parsed from the table.,[6],"[""Data rows detected: 0""]"
validation,16835,16835.png,16835_2,What is the main topic or content discussed in this section?,"August 8, 2003 and receive a $200 discoun. The FDA/government emplovee rate is $5o5 and there will be required ot the conference registration desk) Group Discounls are available. Please call...",comprehension,Summarized the main content from the text region.,[7],"[""August 8, 2003 and receive a $200 discoun. The FDA/government emplovee rate is $5o5 and there will be required ot the conference registration desk) Group Discounls are available. Please call Evan""]"
validation,16837,16837.png,16837_0,What are the column headers in the table?,"PharmaVOiCE is the executive forum that allows business leaders to engage in a candid dialogue on the myriad challenges and trends impacting the life-sciences industry. PharmaVOlCE reaches more than, 1",lookup,The header row contains the table's column names.,[6],"[""PharmaVOiCE is the executive forum that allows business leaders to engage in a candid dialogue on the myriad challenges and trends impacting the life-sciences industry. PharmaVOlCE reaches more than | 1""]"
validation,16837,16837.png,16837_1,How many data rows are in the table (excluding the header)?,0,lookup,Counted the number of non-header rows parsed from the table.,[6],"[""Data rows detected: 0""]"
validation,16837,16837.png,16837_2,What is the main topic or content discussed in this section?,"August 8, 2003 and receive a $200 discoun. The FDA/government emplovee rate is $5o5 and there will be required ot the conference registration desk) Group Discounls are available. Please call...",comprehension,Summarized the main content from the text region.,[7],"[""August 8, 2003 and receive a $200 discoun. The FDA/government emplovee rate is $5o5 and there will be required ot the conference registration desk) Group Discounls are available. Please call Evan""]"
validation,16839,16839.png,16839_0,What are the column headers in the table?,"PharmaVOiCE is the executive forum that allows business leaders to engage in a candid dialogue on the myriad challenges and trends impacting the life-sciences industry. PharmaVOlCE reaches more than, 1",lookup,The header row contains the table's column names.,[6],"[""PharmaVOiCE is the executive forum that allows business leaders to engage in a candid dialogue on the myriad challenges and trends impacting the life-sciences industry. PharmaVOlCE reaches more than | 1""]"
validation,16839,16839.png,16839_1,How many data rows are in the table (excluding the header)?,0,lookup,Counted the number of non-header rows parsed from the table.,[6],"[""Data rows detected: 0""]"
validation,16839,16839.png,16839_2,What is the main topic or content discussed in this section?,"August 8, 2003 and receive a $200 discoun. The FDA/government emplovee rate is $5o5 and there will be required ot the conference registration desk) Group Discounls are available. Please call...",comprehension,Summarized the main content from the text region.,[7],"[""August 8, 2003 and receive a $200 discoun. The FDA/government emplovee rate is $5o5 and there will be required ot the conference registration desk) Group Discounls are available. Please call Evan""]"
validation,1693,1693.png,1693_0,What is the main topic or content discussed in this section?,"HOT ISSUES: WIIN/WRDA (Matt) 1- 4, dioxane in drinking water and under TSCA (Matt/Sven) TSCA reform implementation (Sven) Lead in drinking water (Matt) WIFIA implementation (Matt) Waters of the U.S.,",comprehension,Summarized the main content from the text region.,[1],"[""HOT ISSUES: WIIN/WRDA (Matt) 1- 4, dioxane in drinking water and under TSCA (Matt/Sven) TSCA reform implementation (Sven) Lead in drinking water (Matt) WIFIA implementation (Matt) Waters of the U.S.,""]"
validation,1695,1695.png,1695_0,What is the main topic or content discussed in this section?,"HOT ISSUES: WIIN/WRDA (Matt) 1- 4, dioxane in drinking water and under TSCA (Matt/Sven) TSCA reform implementation (Sven) Lead in drinking water (Matt) WIFIA implementation (Matt) Waters of the U.S.,",comprehension,Summarized the main content from the text region.,[1],"[""HOT ISSUES: WIIN/WRDA (Matt) 1- 4, dioxane in drinking water and under TSCA (Matt/Sven) TSCA reform implementation (Sven) Lead in drinking water (Matt) WIFIA implementation (Matt) Waters of the U.S.,""]"
validation,1696,1696.png,1696_0,What is the main topic or content discussed in this section?,"HOT ISSUES: WIIN/WRDA (Matt) 1- 4, dioxane in drinking water and under TSCA (Matt/Sven) TSCA reform implementation (Sven) Lead in drinking water (Matt) WIFIA implementation (Matt) Waters of the U.S.,",comprehension,Summarized the main content from the text region.,[1],"[""HOT ISSUES: WIIN/WRDA (Matt) 1- 4, dioxane in drinking water and under TSCA (Matt/Sven) TSCA reform implementation (Sven) Lead in drinking water (Matt) WIFIA implementation (Matt) Waters of the U.S.,""]"
validation,16981,16981.png,16981_0,What does the figure show?,This conference is designed for senior level management within the Pharmaceufical and Biotechnology Industries with 8 Continuing Medical responsibilities in: Clinical Publications Education(CME） Marke,lookup,Answered using the figure's extracted description text.,[9],"[""This conference is designed for senior level management within the Pharmaceufical and Biotechnology Industries with 8 Continuing Medical responsibilities in: Clinical Publications Education(CME） Marke""]"
validation,16981,16981.png,16981_1,What is the main topic or content discussed in this section?,"Dear Colleague: throughout the life cycle of a product. In past years, the Pharmaceutical and Biotechnology industries have paid minimal aftention to this essential process and this can no longer...",comprehension,Summarized the main content from the text region.,[1],"[""Dear Colleague: throughout the life cycle of a product. In past years, the Pharmaceutical and Biotechnology industries have paid minimal aftention to this essential process and this can no longer be t""]"
validation,16990,16990.png,16990_0,What does the figure show?,This conference is designed for senior level management within the Pharmaceufical and Biotechnology Industries with 8 Continuing Medical responsibilities in: Clinical Publications Education(CME） Marke,lookup,Answered using the figure's extracted description text.,[9],"[""This conference is designed for senior level management within the Pharmaceufical and Biotechnology Industries with 8 Continuing Medical responsibilities in: Clinical Publications Education(CME） Marke""]"
validation,16990,16990.png,16990_1,What is the main topic or content discussed in this section?,"Dear Colleague: throughout the life cycle of a product. In past years, the Pharmaceutical and Biotechnology industries have paid minimal aftention to this essential process and this can no longer...",comprehension,Summarized the main content from the text region.,[1],"[""Dear Colleague: throughout the life cycle of a product. In past years, the Pharmaceutical and Biotechnology industries have paid minimal aftention to this essential process and this can no longer be t""]"
validation,17001,17001.png,17001_0,What is the main topic or content discussed in this section?,"When revisions to the manuscript are required, they will need to be made extremely rapidly, perhaps within 24 hours. DesignWrite will make every effort to alert the writer as to...",comprehension,Summarized the main content from the text region.,[8],"[""When revisions to the manuscript are required, they will need to be made extremely rapidly, perhaps within 24 hours. DesignWrite will make every effort to alert the writer as to when comments/requests""]"
validation,17002,17002.png,17002_0,What is the main topic or content discussed in this section?,"When revisions to the manuscript are required, they will need to be made extremely rapidly, perhaps within 24 hours. DesignWrite will make every effort to alert the writer as to...",comprehension,Summarized the main content from the text region.,[8],"[""When revisions to the manuscript are required, they will need to be made extremely rapidly, perhaps within 24 hours. DesignWrite will make every effort to alert the writer as to when comments/requests""]"
validation,17003,17003.png,17003_0,What is the main topic or content discussed in this section?,"When revisions to the manuscript are required, they will need to be made extremely rapidly, perhaps within 24 hours. DesignWrite will make every effort to alert the writer as to...",comprehension,Summarized the main content from the text region.,[8],"[""When revisions to the manuscript are required, they will need to be made extremely rapidly, perhaps within 24 hours. DesignWrite will make every effort to alert the writer as to when comments/requests""]"
validation,17004,17004.png,17004_0,What is the main topic or content discussed in this section?,"When revisions to the manuscript are required, they will need to be made extremely rapidly, perhaps within 24 hours. DesignWrite will make every effort to alert the writer as to...",comprehension,Summarized the main content from the text region.,[8],"[""When revisions to the manuscript are required, they will need to be made extremely rapidly, perhaps within 24 hours. DesignWrite will make every effort to alert the writer as to when comments/requests""]"
validation,17005,17005.png,17005_0,What is the main topic or content discussed in this section?,"When revisions to the manuscript are required, they will need to be made extremely rapidly, perhaps within 24 hours. DesignWrite will make every effort to alert the writer as to...",comprehension,Summarized the main content from the text region.,[8],"[""When revisions to the manuscript are required, they will need to be made extremely rapidly, perhaps within 24 hours. DesignWrite will make every effort to alert the writer as to when comments/requests""]"
validation,17007,17007.png,17007_0,What is the main topic or content discussed in this section?,"When revisions to the manuscript are required, they will need to be made extremely rapidly, perhaps within 24 hours. DesignWrite will make every effort to alert the writer as to...",comprehension,Summarized the main content from the text region.,[8],"[""When revisions to the manuscript are required, they will need to be made extremely rapidly, perhaps within 24 hours. DesignWrite will make every effort to alert the writer as to when comments/requests""]"
validation,17132,17132.png,17132_0,What does the figure show?,Design 科 C 0 R P 口 R A T E D,lookup,Answered using the figure's extracted description text.,[0],"[""Design 科 C 0 R P 口 R A T E D""]"
validation,17132,17132.png,17132_1,What is the main topic or content discussed in this section?,Attached are the reviewers' comments and the letter from Alastair MacLennan regarding the low-dose review paper submitted to Climacteric. We will address the reviewers' concerns and send you a revised,comprehension,Summarized the main content from the text region.,[2],"[""Attached are the reviewers' comments and the letter from Alastair MacLennan regarding the low-dose review paper submitted to Climacteric. We will address the reviewers' concerns and send you a revised""]"
validation,17133,17133.png,17133_0,What does the figure show?,Design 科 C 0 R P 口 R A T E D,lookup,Answered using the figure's extracted description text.,[0],"[""Design 科 C 0 R P 口 R A T E D""]"
validation,17133,17133.png,17133_1,What is the main topic or content discussed in this section?,Attached are the reviewers' comments and the letter from Alastair MacLennan regarding the low-dose review paper submitted to Climacteric. We will address the reviewers' concerns and send you a revised,comprehension,Summarized the main content from the text region.,[2],"[""Attached are the reviewers' comments and the letter from Alastair MacLennan regarding the low-dose review paper submitted to Climacteric. We will address the reviewers' concerns and send you a revised""]"
validation,17134,17134.png,17134_0,What does the figure show?,Design 科 C 0 R P 口 R A T E D,lookup,Answered using the figure's extracted description text.,[0],"[""Design 科 C 0 R P 口 R A T E D""]"
validation,17134,17134.png,17134_1,What is the main topic or content discussed in this section?,Attached are the reviewers' comments and the letter from Alastair MacLennan regarding the low-dose review paper submitted to Climacteric. We will address the reviewers' concerns and send you a revised,comprehension,Summarized the main content from the text region.,[2],"[""Attached are the reviewers' comments and the letter from Alastair MacLennan regarding the low-dose review paper submitted to Climacteric. We will address the reviewers' concerns and send you a revised""]"
validation,17135,17135.png,17135_0,What does the figure show?,Design 科 C 0 R P 口 R A T E D,lookup,Answered using the figure's extracted description text.,[0],"[""Design 科 C 0 R P 口 R A T E D""]"
validation,17135,17135.png,17135_1,What is the main topic or content discussed in this section?,Attached are the reviewers' comments and the letter from Alastair MacLennan regarding the low-dose review paper submitted to Climacteric. We will address the reviewers' concerns and send you a revised,comprehension,Summarized the main content from the text region.,[2],"[""Attached are the reviewers' comments and the letter from Alastair MacLennan regarding the low-dose review paper submitted to Climacteric. We will address the reviewers' concerns and send you a revised""]"
validation,17139,17139.png,17139_0,What does the figure show?,Design 科 C 0 R P 口 R A T E D,lookup,Answered using the figure's extracted description text.,[0],"[""Design 科 C 0 R P 口 R A T E D""]"
validation,17139,17139.png,17139_1,What is the main topic or content discussed in this section?,Attached are the reviewers' comments and the letter from Alastair MacLennan regarding the low-dose review paper submitted to Climacteric. We will address the reviewers' concerns and send you a revised,comprehension,Summarized the main content from the text region.,[2],"[""Attached are the reviewers' comments and the letter from Alastair MacLennan regarding the low-dose review paper submitted to Climacteric. We will address the reviewers' concerns and send you a revised""]"
validation,17140,17140.png,17140_0,What does the figure show?,Design 科 C 0 R P 口 R A T E D,lookup,Answered using the figure's extracted description text.,[0],"[""Design 科 C 0 R P 口 R A T E D""]"
validation,17140,17140.png,17140_1,What is the main topic or content discussed in this section?,Attached are the reviewers' comments and the letter from Alastair MacLennan regarding the low-dose review paper submitted to Climacteric. We will address the reviewers' concerns and send you a revised,comprehension,Summarized the main content from the text region.,[2],"[""Attached are the reviewers' comments and the letter from Alastair MacLennan regarding the low-dose review paper submitted to Climacteric. We will address the reviewers' concerns and send you a revised""]"
validation,17141,17141.png,17141_0,What does the figure show?,DesignWrite 0 T A E D N c 口,lookup,Answered using the figure's extracted description text.,[1],"[""DesignWrite 0 T A E D N c 口""]"
validation,17141,17141.png,17141_1,What is the main topic or content discussed in this section?,"Alice, Attached is an overview of the expert forum on breast health and HRT, and the faculty list. I tried to capture ideas that have atready been discussed as I...",comprehension,Summarized the main content from the text region.,[2],"[""Alice, Attached is an overview of the expert forum on breast health and HRT, and the faculty list. I tried to capture ideas that have atready been discussed as I suggested questions to cover in each t""]"
validation,17143,17143.png,17143_0,What does the figure show?,DesignWrite 0 T A E D N c 口,lookup,Answered using the figure's extracted description text.,[1],"[""DesignWrite 0 T A E D N c 口""]"
validation,17143,17143.png,17143_1,What is the main topic or content discussed in this section?,"Alice, Attached is an overview of the expert forum on breast health and HRT, and the faculty list. I tried to capture ideas that have atready been discussed as I...",comprehension,Summarized the main content from the text region.,[2],"[""Alice, Attached is an overview of the expert forum on breast health and HRT, and the faculty list. I tried to capture ideas that have atready been discussed as I suggested questions to cover in each t""]"
validation,17144,17144.png,17144_0,What does the figure show?,DesignWrite 0 T A E D N c 口,lookup,Answered using the figure's extracted description text.,[1],"[""DesignWrite 0 T A E D N c 口""]"
validation,17144,17144.png,17144_1,What is the main topic or content discussed in this section?,"Alice, Attached is an overview of the expert forum on breast health and HRT, and the faculty list. I tried to capture ideas that have atready been discussed as I...",comprehension,Summarized the main content from the text region.,[2],"[""Alice, Attached is an overview of the expert forum on breast health and HRT, and the faculty list. I tried to capture ideas that have atready been discussed as I suggested questions to cover in each t""]"
validation,17147,17147.png,17147_0,What does the figure show?,DesignWrite 0 T A E D N c 口,lookup,Answered using the figure's extracted description text.,[1],"[""DesignWrite 0 T A E D N c 口""]"
validation,17147,17147.png,17147_1,What is the main topic or content discussed in this section?,"Alice, Attached is an overview of the expert forum on breast health and HRT, and the faculty list. I tried to capture ideas that have atready been discussed as I...",comprehension,Summarized the main content from the text region.,[2],"[""Alice, Attached is an overview of the expert forum on breast health and HRT, and the faculty list. I tried to capture ideas that have atready been discussed as I suggested questions to cover in each t""]"
validation,17149,17149.png,17149_0,What does the figure show?,DesignWrite 0 T A E D N c 口,lookup,Answered using the figure's extracted description text.,[1],"[""DesignWrite 0 T A E D N c 口""]"
validation,17149,17149.png,17149_1,What is the main topic or content discussed in this section?,"Alice, Attached is an overview of the expert forum on breast health and HRT, and the faculty list. I tried to capture ideas that have atready been discussed as I...",comprehension,Summarized the main content from the text region.,[2],"[""Alice, Attached is an overview of the expert forum on breast health and HRT, and the faculty list. I tried to capture ideas that have atready been discussed as I suggested questions to cover in each t""]"
validation,17150,17150.png,17150_0,What does the figure show?,DesignWrite 0 T A E D N c 口,lookup,Answered using the figure's extracted description text.,[1],"[""DesignWrite 0 T A E D N c 口""]"
validation,17150,17150.png,17150_1,What is the main topic or content discussed in this section?,"Alice, Attached is an overview of the expert forum on breast health and HRT, and the faculty list. I tried to capture ideas that have atready been discussed as I...",comprehension,Summarized the main content from the text region.,[2],"[""Alice, Attached is an overview of the expert forum on breast health and HRT, and the faculty list. I tried to capture ideas that have atready been discussed as I suggested questions to cover in each t""]"
validation,1748,1748.png,1748_0,What is the main topic or content discussed in this section?,Century tools and begin the planning needed for OCSPP to integrate these into the prioritization process when they are ready to be used for these purposes. EPA should also consider...,comprehension,Summarized the main content from the text region.,[4],"[""Century tools and begin the planning needed for OCSPP to integrate these into the prioritization process when they are ready to be used for these purposes. EPA should also consider the risk assessmen""]"
validation,1749,1749.png,1749_0,What is the main topic or content discussed in this section?,Century tools and begin the planning needed for OCSPP to integrate these into the prioritization process when they are ready to be used for these purposes. EPA should also consider...,comprehension,Summarized the main content from the text region.,[4],"[""Century tools and begin the planning needed for OCSPP to integrate these into the prioritization process when they are ready to be used for these purposes. EPA should also consider the risk assessmen""]"
validation,1750,1750.png,1750_0,What is the main topic or content discussed in this section?,Century tools and begin the planning needed for OCSPP to integrate these into the prioritization process when they are ready to be used for these purposes. EPA should also consider...,comprehension,Summarized the main content from the text region.,[4],"[""Century tools and begin the planning needed for OCSPP to integrate these into the prioritization process when they are ready to be used for these purposes. EPA should also consider the risk assessmen""]"
validation,1795,1795.png,1795_0,What does the figure show?,the committee discusses the charge in a public venue and also ensures that the charge is not unduly narrow.,lookup,Answered using the figure's extracted description text.,[1],"[""the committee discusses the charge in a public venue and also ensures that the charge is not unduly narrow.""]"
validation,1795,1795.png,1795_1,What is the main topic or content discussed in this section?,"Once EPA receives a manufacturer request for a risk evaluation and deems it to be valid, EPA proposes a comment period of no less than 30 calendar days. ACC is...",comprehension,Summarized the main content from the text region.,[2],"[""Once EPA receives a manufacturer request for a risk evaluation and deems it to be valid, EPA proposes a comment period of no less than 30 calendar days. ACC is concerned that this open- ended comment""]"
validation,1820,1820.png,1820_0,What is the main topic or content discussed in this section?,15 U.S. Chamberof Co mmere Pre ss Sta te me nt. U.S. Chamber: OMB Risk Asse ssme nt Bulle tin Must Be Jud ic ia lly Re vie wa ble....,comprehension,Summarized the main content from the text region.,[0],"[""15 U.S. Chamberof Co mmere Pre ss Sta te me nt. U.S. Chamber: OMB Risk Asse ssme nt Bulle tin Must Be Jud ic ia lly Re vie wa ble. May 18, 2006.""]"
validation,1821,1821.png,1821_0,What is the main topic or content discussed in this section?,15 U.S. Chamberof Co mmere Pre ss Sta te me nt. U.S. Chamber: OMB Risk Asse ssme nt Bulle tin Must Be Jud ic ia lly Re vie wa ble....,comprehension,Summarized the main content from the text region.,[0],"[""15 U.S. Chamberof Co mmere Pre ss Sta te me nt. U.S. Chamber: OMB Risk Asse ssme nt Bulle tin Must Be Jud ic ia lly Re vie wa ble. May 18, 2006.""]"
validation,1824,1824.png,1824_0,What is the main topic or content discussed in this section?,15 U.S. Chamberof Co mmere Pre ss Sta te me nt. U.S. Chamber: OMB Risk Asse ssme nt Bulle tin Must Be Jud ic ia lly Re vie wa ble....,comprehension,Summarized the main content from the text region.,[0],"[""15 U.S. Chamberof Co mmere Pre ss Sta te me nt. U.S. Chamber: OMB Risk Asse ssme nt Bulle tin Must Be Jud ic ia lly Re vie wa ble. May 18, 2006.""]"
validation,1825,1825.png,1825_0,What is the main topic or content discussed in this section?,15 U.S. Chamberof Co mmere Pre ss Sta te me nt. U.S. Chamber: OMB Risk Asse ssme nt Bulle tin Must Be Jud ic ia lly Re vie wa ble....,comprehension,Summarized the main content from the text region.,[0],"[""15 U.S. Chamberof Co mmere Pre ss Sta te me nt. U.S. Chamber: OMB Risk Asse ssme nt Bulle tin Must Be Jud ic ia lly Re vie wa ble. May 18, 2006.""]"
validation,1829,1829.png,1829_0,What is the main topic or content discussed in this section?,15 U.S. Chamberof Co mmere Pre ss Sta te me nt. U.S. Chamber: OMB Risk Asse ssme nt Bulle tin Must Be Jud ic ia lly Re vie wa ble....,comprehension,Summarized the main content from the text region.,[0],"[""15 U.S. Chamberof Co mmere Pre ss Sta te me nt. U.S. Chamber: OMB Risk Asse ssme nt Bulle tin Must Be Jud ic ia lly Re vie wa ble. May 18, 2006.""]"
validation,1832,1832.png,1832_0,What is the main topic or content discussed in this section?,15 U.S. Chamberof Co mmere Pre ss Sta te me nt. U.S. Chamber: OMB Risk Asse ssme nt Bulle tin Must Be Jud ic ia lly Re vie wa ble....,comprehension,Summarized the main content from the text region.,[0],"[""15 U.S. Chamberof Co mmere Pre ss Sta te me nt. U.S. Chamber: OMB Risk Asse ssme nt Bulle tin Must Be Jud ic ia lly Re vie wa ble. May 18, 2006.""]"
validation,1834,1834.png,1834_0,What is the main topic or content discussed in this section?,15 U.S. Chamberof Co mmere Pre ss Sta te me nt. U.S. Chamber: OMB Risk Asse ssme nt Bulle tin Must Be Jud ic ia lly Re vie wa ble....,comprehension,Summarized the main content from the text region.,[0],"[""15 U.S. Chamberof Co mmere Pre ss Sta te me nt. U.S. Chamber: OMB Risk Asse ssme nt Bulle tin Must Be Jud ic ia lly Re vie wa ble. May 18, 2006.""]"
validation,1841,1841.png,1841_0,What is the main topic or content discussed in this section?,15 U.S. Chamberof Co mmere Pre ss Sta te me nt. U.S. Chamber: OMB Risk Asse ssme nt Bulle tin Must Be Jud ic ia lly Re vie wa ble....,comprehension,Summarized the main content from the text region.,[0],"[""15 U.S. Chamberof Co mmere Pre ss Sta te me nt. U.S. Chamber: OMB Risk Asse ssme nt Bulle tin Must Be Jud ic ia lly Re vie wa ble. May 18, 2006.""]"
validation,1843,1843.png,1843_0,What is the main topic or content discussed in this section?,15 U.S. Chamberof Co mmere Pre ss Sta te me nt. U.S. Chamber: OMB Risk Asse ssme nt Bulle tin Must Be Jud ic ia lly Re vie wa ble....,comprehension,Summarized the main content from the text region.,[0],"[""15 U.S. Chamberof Co mmere Pre ss Sta te me nt. U.S. Chamber: OMB Risk Asse ssme nt Bulle tin Must Be Jud ic ia lly Re vie wa ble. May 18, 2006.""]"
validation,18603,18603.png,18603_0,What is the DATE PREPARED?,11 FEb.86,lookup,Extracted value for 'DATE PREPARED' from form field.,[0],"[""DATE PREPARED: 11 FEb.86""]"
validation,18603,18603.png,18603_1,What is the ORIGINATOR?,E.G.FaRRiEr,lookup,Extracted value for 'ORIGINATOR' from form field.,[0],"[""ORIGINATOR: E.G.FaRRiEr""]"
validation,18603,18603.png,18603_2,What does the figure show?,EXPENDITURE TIMING: CAPITAL,lookup,Answered using the figure's extracted description text.,[3],"[""EXPENDITURE TIMING: CAPITAL""]"
validation,18603,18603.png,18603_3,What are the column headers in the table?,"REVIEWED BY: Dept. Initials Date Completed NPT R&D MDS RAL SLJ Qa 284 MDS, □□0□",lookup,The header row contains the table's column names.,[9],"[""REVIEWED BY: Dept. Initials Date Completed NPT R&D MDS RAL SLJ Qa 284 MDS | □□0□""]"
validation,18603,18603.png,18603_4,How many data rows are in the table (excluding the header)?,0,lookup,Counted the number of non-header rows parsed from the table.,[9],"[""Data rows detected: 0""]"
validation,18608,18608.png,18608_0,What is the DATE PREPARED?,11 FEb.86,lookup,Extracted value for 'DATE PREPARED' from form field.,[0],"[""DATE PREPARED: 11 FEb.86""]"
validation,18608,18608.png,18608_1,What is the ORIGINATOR?,E.G.FaRRiEr,lookup,Extracted value for 'ORIGINATOR' from form field.,[0],"[""ORIGINATOR: E.G.FaRRiEr""]"
validation,18608,18608.png,18608_2,What does the figure show?,EXPENDITURE TIMING: CAPITAL,lookup,Answered using the figure's extracted description text.,[3],"[""EXPENDITURE TIMING: CAPITAL""]"
validation,18608,18608.png,18608_3,What are the column headers in the table?,"REVIEWED BY: Dept. Initials Date Completed NPT R&D MDS RAL SLJ Qa 284 MDS, □□0□",lookup,The header row contains the table's column names.,[9],"[""REVIEWED BY: Dept. Initials Date Completed NPT R&D MDS RAL SLJ Qa 284 MDS | □□0□""]"
validation,18608,18608.png,18608_4,How many data rows are in the table (excluding the header)?,0,lookup,Counted the number of non-header rows parsed from the table.,[9],"[""Data rows detected: 0""]"
validation,18610,18610.png,18610_0,What is the DATE PREPARED?,11 FEb.86,lookup,Extracted value for 'DATE PREPARED' from form field.,[0],"[""DATE PREPARED: 11 FEb.86""]"
validation,18610,18610.png,18610_1,What is the ORIGINATOR?,E.G.FaRRiEr,lookup,Extracted value for 'ORIGINATOR' from form field.,[0],"[""ORIGINATOR: E.G.FaRRiEr""]"
validation,18610,18610.png,18610_2,What does the figure show?,EXPENDITURE TIMING: CAPITAL,lookup,Answered using the figure's extracted description text.,[3],"[""EXPENDITURE TIMING: CAPITAL""]"
validation,18610,18610.png,18610_3,What are the column headers in the table?,"REVIEWED BY: Dept. Initials Date Completed NPT R&D MDS RAL SLJ Qa 284 MDS, □□0□",lookup,The header row contains the table's column names.,[9],"[""REVIEWED BY: Dept. Initials Date Completed NPT R&D MDS RAL SLJ Qa 284 MDS | □□0□""]"
validation,18610,18610.png,18610_4,How many data rows are in the table (excluding the header)?,0,lookup,Counted the number of non-header rows parsed from the table.,[9],"[""Data rows detected: 0""]"
validation,18611,18611.png,18611_0,What are the column headers in the table?,"Date: PD-59548 CSF.721 Run Nos., 1883-1897",lookup,The header row contains the table's column names.,[0],"[""Date: PD-59548 CSF.721 Run Nos. | 1883-1897""]"
validation,18611,18611.png,18611_1,How many data rows are in the table (excluding the header)?,0,lookup,Counted the number of non-header rows parsed from the table.,[0],"[""Data rows detected: 0""]"
validation,18612,18612.png,18612_0,What are the column headers in the table?,"Date: PD-59548 CSF.721 Run Nos., 1883-1897",lookup,The header row contains the table's column names.,[0],"[""Date: PD-59548 CSF.721 Run Nos. | 1883-1897""]"
validation,18612,18612.png,18612_1,How many data rows are in the table (excluding the header)?,0,lookup,Counted the number of non-header rows parsed from the table.,[0],"[""Data rows detected: 0""]"
validation,18617,18617.png,18617_0,What are the column headers in the table?,"Date: PD-59548 CSF.721 Run Nos., 1883-1897",lookup,The header row contains the table's column names.,[0],"[""Date: PD-59548 CSF.721 Run Nos. | 1883-1897""]"
validation,18617,18617.png,18617_1,How many data rows are in the table (excluding the header)?,0,lookup,Counted the number of non-header rows parsed from the table.,[0],"[""Data rows detected: 0""]"
validation,18619,18619.png,18619_0,What are the column headers in the table?,"Date: PD-59548 CSF.721 Run Nos., 1883-1897",lookup,The header row contains the table's column names.,[0],"[""Date: PD-59548 CSF.721 Run Nos. | 1883-1897""]"
validation,18619,18619.png,18619_1,How many data rows are in the table (excluding the header)?,0,lookup,Counted the number of non-header rows parsed from the table.,[0],"[""Data rows detected: 0""]"
validation,18621,18621.png,18621_0,What are the column headers in the table?,"Date: PD-59548 CSF.721 Run Nos., 1883-1897",lookup,The header row contains the table's column names.,[0],"[""Date: PD-59548 CSF.721 Run Nos. | 1883-1897""]"
validation,18621,18621.png,18621_1,How many data rows are in the table (excluding the header)?,0,lookup,Counted the number of non-header rows parsed from the table.,[0],"[""Data rows detected: 0""]"
validation,18625,18625.png,18625_0,What is the DATE PREPARED?,11 FEb.86,lookup,Extracted value for 'DATE PREPARED' from form field.,[0],"[""DATE PREPARED: 11 FEb.86""]"
validation,18625,18625.png,18625_1,What is the ORIGINATOR?,E.G.FaRRiEr,lookup,Extracted value for 'ORIGINATOR' from form field.,[0],"[""ORIGINATOR: E.G.FaRRiEr""]"
validation,18625,18625.png,18625_2,What does the figure show?,EXPENDITURE TIMING: CAPITAL,lookup,Answered using the figure's extracted description text.,[3],"[""EXPENDITURE TIMING: CAPITAL""]"
validation,18625,18625.png,18625_3,What are the column headers in the table?,"REVIEWED BY: Dept. Initials Date Completed NPT R&D MDS RAL SLJ Qa 284 MDS, □□0□",lookup,The header row contains the table's column names.,[9],"[""REVIEWED BY: Dept. Initials Date Completed NPT R&D MDS RAL SLJ Qa 284 MDS | □□0□""]"
validation,18625,18625.png,18625_4,How many data rows are in the table (excluding the header)?,0,lookup,Counted the number of non-header rows parsed from the table.,[9],"[""Data rows detected: 0""]"
validation,18749,18749.png,18749_0,What does the figure show?,SUBJECT Glass Fiber Material for Project SPA,lookup,Answered using the figure's extracted description text.,[0],"[""SUBJECT Glass Fiber Material for Project SPA""]"
validation,18749,18749.png,18749_1,What is the DATE ROUTED?,_10/13/87,lookup,Extracted value for 'DATE ROUTED' from form field.,[1],"[""DATE ROUTED: _10/13/87""]"
validation,18749,18749.png,18749_2,What is the ORIGINATOR?,D. C. STraKa,lookup,Extracted value for 'ORIGINATOR' from form field.,[1],"[""ORIGINATOR: D. C. STraKa""]"
validation,18749,18749.png,18749_3,What is the START DATE?,10/87,lookup,Extracted value for 'START DATE' from form field.,[1],"[""START DATE: 10/87""]"
validation,18749,18749.png,18749_4,What is the AR NO?,B-67 DEPT.,lookup,Extracted value for 'AR NO' from form field.,[2],"[""AR NO: B-67 DEPT.""]"
validation,18749,18749.png,18749_5,What is the REF.NO?,780,lookup,Extracted value for 'REF.NO' from form field.,[2],"[""REF.NO: 780""]"
validation,18749,18749.png,18749_6,What are the column headers in the table?,"Expense 132M 41 $, 173M",lookup,The header row contains the table's column names.,[6],"[""Expense 132M 41 $ | 173M""]"
validation,18749,18749.png,18749_7,How many data rows are in the table (excluding the header)?,0,lookup,Counted the number of non-header rows parsed from the table.,[6],"[""Data rows detected: 0""]"
validation,18753,18753.png,18753_0,What does the figure show?,SUBJECT Glass Fiber Material for Project SPA,lookup,Answered using the figure's extracted description text.,[0],"[""SUBJECT Glass Fiber Material for Project SPA""]"
validation,18753,18753.png,18753_1,What is the DATE ROUTED?,_10/13/87,lookup,Extracted value for 'DATE ROUTED' from form field.,[1],"[""DATE ROUTED: _10/13/87""]"
validation,18753,18753.png,18753_2,What is the ORIGINATOR?,D. C. STraKa,lookup,Extracted value for 'ORIGINATOR' from form field.,[1],"[""ORIGINATOR: D. C. STraKa""]"
validation,18753,18753.png,18753_3,What is the START DATE?,10/87,lookup,Extracted value for 'START DATE' from form field.,[1],"[""START DATE: 10/87""]"
validation,18753,18753.png,18753_4,What is the AR NO?,B-67 DEPT.,lookup,Extracted value for 'AR NO' from form field.,[2],"[""AR NO: B-67 DEPT.""]"
validation,18753,18753.png,18753_5,What is the REF.NO?,780,lookup,Extracted value for 'REF.NO' from form field.,[2],"[""REF.NO: 780""]"
validation,18753,18753.png,18753_6,What are the column headers in the table?,"Expense 132M 41 $, 173M",lookup,The header row contains the table's column names.,[6],"[""Expense 132M 41 $ | 173M""]"
validation,18753,18753.png,18753_7,How many data rows are in the table (excluding the header)?,0,lookup,Counted the number of non-header rows parsed from the table.,[6],"[""Data rows detected: 0""]"
validation,18762,18762.png,18762_0,What does the figure show?,SUBJECT Glass Fiber Material for Project SPA,lookup,Answered using the figure's extracted description text.,[0],"[""SUBJECT Glass Fiber Material for Project SPA""]"
validation,18762,18762.png,18762_1,What is the DATE ROUTED?,_10/13/87,lookup,Extracted value for 'DATE ROUTED' from form field.,[1],"[""DATE ROUTED: _10/13/87""]"
validation,18762,18762.png,18762_2,What is the ORIGINATOR?,D. C. STraKa,lookup,Extracted value for 'ORIGINATOR' from form field.,[1],"[""ORIGINATOR: D. C. STraKa""]"
validation,18762,18762.png,18762_3,What is the START DATE?,10/87,lookup,Extracted value for 'START DATE' from form field.,[1],"[""START DATE: 10/87""]"
validation,18762,18762.png,18762_4,What is the AR NO?,B-67 DEPT.,lookup,Extracted value for 'AR NO' from form field.,[2],"[""AR NO: B-67 DEPT.""]"
validation,18762,18762.png,18762_5,What is the REF.NO?,780,lookup,Extracted value for 'REF.NO' from form field.,[2],"[""REF.NO: 780""]"
validation,18762,18762.png,18762_6,What are the column headers in the table?,"Expense 132M 41 $, 173M",lookup,The header row contains the table's column names.,[6],"[""Expense 132M 41 $ | 173M""]"
validation,18762,18762.png,18762_7,How many data rows are in the table (excluding the header)?,0,lookup,Counted the number of non-header rows parsed from the table.,[6],"[""Data rows detected: 0""]"
validation,18764,18764.png,18764_0,What does the figure show?,SUBJECT Glass Fiber Material for Project SPA,lookup,Answered using the figure's extracted description text.,[0],"[""SUBJECT Glass Fiber Material for Project SPA""]"
validation,18764,18764.png,18764_1,What is the DATE ROUTED?,_10/13/87,lookup,Extracted value for 'DATE ROUTED' from form field.,[1],"[""DATE ROUTED: _10/13/87""]"
validation,18764,18764.png,18764_2,What is the ORIGINATOR?,D. C. STraKa,lookup,Extracted value for 'ORIGINATOR' from form field.,[1],"[""ORIGINATOR: D. C. STraKa""]"
validation,18764,18764.png,18764_3,What is the START DATE?,10/87,lookup,Extracted value for 'START DATE' from form field.,[1],"[""START DATE: 10/87""]"
validation,18764,18764.png,18764_4,What is the AR NO?,B-67 DEPT.,lookup,Extracted value for 'AR NO' from form field.,[2],"[""AR NO: B-67 DEPT.""]"
validation,18764,18764.png,18764_5,What is the REF.NO?,780,lookup,Extracted value for 'REF.NO' from form field.,[2],"[""REF.NO: 780""]"
validation,18764,18764.png,18764_6,What are the column headers in the table?,"Expense 132M 41 $, 173M",lookup,The header row contains the table's column names.,[6],"[""Expense 132M 41 $ | 173M""]"
validation,18764,18764.png,18764_7,How many data rows are in the table (excluding the header)?,0,lookup,Counted the number of non-header rows parsed from the table.,[6],"[""Data rows detected: 0""]"
validation,18768,18768.png,18768_0,What does the figure show?,SUBJECT Glass Fiber Material for Project SPA,lookup,Answered using the figure's extracted description text.,[0],"[""SUBJECT Glass Fiber Material for Project SPA""]"
validation,18768,18768.png,18768_1,What is the DATE ROUTED?,_10/13/87,lookup,Extracted value for 'DATE ROUTED' from form field.,[1],"[""DATE ROUTED: _10/13/87""]"
validation,18768,18768.png,18768_2,What is the ORIGINATOR?,D. C. STraKa,lookup,Extracted value for 'ORIGINATOR' from form field.,[1],"[""ORIGINATOR: D. C. STraKa""]"
validation,18768,18768.png,18768_3,What is the START DATE?,10/87,lookup,Extracted value for 'START DATE' from form field.,[1],"[""START DATE: 10/87""]"
validation,18768,18768.png,18768_4,What is the AR NO?,B-67 DEPT.,lookup,Extracted value for 'AR NO' from form field.,[2],"[""AR NO: B-67 DEPT.""]"
validation,18768,18768.png,18768_5,What is the REF.NO?,780,lookup,Extracted value for 'REF.NO' from form field.,[2],"[""REF.NO: 780""]"
validation,18768,18768.png,18768_6,What are the column headers in the table?,"Expense 132M 41 $, 173M",lookup,The header row contains the table's column names.,[6],"[""Expense 132M 41 $ | 173M""]"
validation,18768,18768.png,18768_7,How many data rows are in the table (excluding the header)?,0,lookup,Counted the number of non-header rows parsed from the table.,[6],"[""Data rows detected: 0""]"
validation,18776,18776.png,18776_0,What does the figure show?,SUBJECT Glass Fiber Material for Project SPA,lookup,Answered using the figure's extracted description text.,[0],"[""SUBJECT Glass Fiber Material for Project SPA""]"
validation,18776,18776.png,18776_1,What is the DATE ROUTED?,_10/13/87,lookup,Extracted value for 'DATE ROUTED' from form field.,[1],"[""DATE ROUTED: _10/13/87""]"
validation,18776,18776.png,18776_2,What is the ORIGINATOR?,D. C. STraKa,lookup,Extracted value for 'ORIGINATOR' from form field.,[1],"[""ORIGINATOR: D. C. STraKa""]"
validation,18776,18776.png,18776_3,What is the START DATE?,10/87,lookup,Extracted value for 'START DATE' from form field.,[1],"[""START DATE: 10/87""]"
validation,18776,18776.png,18776_4,What is the AR NO?,B-67 DEPT.,lookup,Extracted value for 'AR NO' from form field.,[2],"[""AR NO: B-67 DEPT.""]"
validation,18776,18776.png,18776_5,What is the REF.NO?,780,lookup,Extracted value for 'REF.NO' from form field.,[2],"[""REF.NO: 780""]"
validation,18776,18776.png,18776_6,What are the column headers in the table?,"Expense 132M 41 $, 173M",lookup,The header row contains the table's column names.,[6],"[""Expense 132M 41 $ | 173M""]"
validation,18776,18776.png,18776_7,How many data rows are in the table (excluding the header)?,0,lookup,Counted the number of non-header rows parsed from the table.,[6],"[""Data rows detected: 0""]"
validation,18778,18778.png,18778_0,What does the figure show?,SUBJECT Glass Fiber Material for Project SPA,lookup,Answered using the figure's extracted description text.,[0],"[""SUBJECT Glass Fiber Material for Project SPA""]"
validation,18778,18778.png,18778_1,What is the DATE ROUTED?,_10/13/87,lookup,Extracted value for 'DATE ROUTED' from form field.,[1],"[""DATE ROUTED: _10/13/87""]"
validation,18778,18778.png,18778_2,What is the ORIGINATOR?,D. C. STraKa,lookup,Extracted value for 'ORIGINATOR' from form field.,[1],"[""ORIGINATOR: D. C. STraKa""]"
validation,18778,18778.png,18778_3,What is the START DATE?,10/87,lookup,Extracted value for 'START DATE' from form field.,[1],"[""START DATE: 10/87""]"
validation,18778,18778.png,18778_4,What is the AR NO?,B-67 DEPT.,lookup,Extracted value for 'AR NO' from form field.,[2],"[""AR NO: B-67 DEPT.""]"
validation,18778,18778.png,18778_5,What is the REF.NO?,780,lookup,Extracted value for 'REF.NO' from form field.,[2],"[""REF.NO: 780""]"
validation,18778,18778.png,18778_6,What are the column headers in the table?,"Expense 132M 41 $, 173M",lookup,The header row contains the table's column names.,[6],"[""Expense 132M 41 $ | 173M""]"
validation,18778,18778.png,18778_7,How many data rows are in the table (excluding the header)?,0,lookup,Counted the number of non-header rows parsed from the table.,[6],"[""Data rows detected: 0""]"
validation,18779,18779.png,18779_0,What does the figure show?,SUBJECT Glass Fiber Material for Project SPA,lookup,Answered using the figure's extracted description text.,[0],"[""SUBJECT Glass Fiber Material for Project SPA""]"
validation,18779,18779.png,18779_1,What is the DATE ROUTED?,_10/13/87,lookup,Extracted value for 'DATE ROUTED' from form field.,[1],"[""DATE ROUTED: _10/13/87""]"
validation,18779,18779.png,18779_2,What is the ORIGINATOR?,D. C. STraKa,lookup,Extracted value for 'ORIGINATOR' from form field.,[1],"[""ORIGINATOR: D. C. STraKa""]"
validation,18779,18779.png,18779_3,What is the START DATE?,10/87,lookup,Extracted value for 'START DATE' from form field.,[1],"[""START DATE: 10/87""]"
validation,18779,18779.png,18779_4,What is the AR NO?,B-67 DEPT.,lookup,Extracted value for 'AR NO' from form field.,[2],"[""AR NO: B-67 DEPT.""]"
validation,18779,18779.png,18779_5,What is the REF.NO?,780,lookup,Extracted value for 'REF.NO' from form field.,[2],"[""REF.NO: 780""]"
validation,18779,18779.png,18779_6,What are the column headers in the table?,"Expense 132M 41 $, 173M",lookup,The header row contains the table's column names.,[6],"[""Expense 132M 41 $ | 173M""]"
validation,18779,18779.png,18779_7,How many data rows are in the table (excluding the header)?,0,lookup,Counted the number of non-header rows parsed from the table.,[6],"[""Data rows detected: 0""]"
validation,18781,18781.png,18781_0,What does the figure show?,SUBJECT Glass Fiber Material for Project SPA,lookup,Answered using the figure's extracted description text.,[0],"[""SUBJECT Glass Fiber Material for Project SPA""]"
validation,18781,18781.png,18781_1,What is the DATE ROUTED?,_10/13/87,lookup,Extracted value for 'DATE ROUTED' from form field.,[1],"[""DATE ROUTED: _10/13/87""]"
validation,18781,18781.png,18781_2,What is the ORIGINATOR?,D. C. STraKa,lookup,Extracted value for 'ORIGINATOR' from form field.,[1],"[""ORIGINATOR: D. C. STraKa""]"
validation,18781,18781.png,18781_3,What is the START DATE?,10/87,lookup,Extracted value for 'START DATE' from form field.,[1],"[""START DATE: 10/87""]"
validation,18781,18781.png,18781_4,What is the AR NO?,B-67 DEPT.,lookup,Extracted value for 'AR NO' from form field.,[2],"[""AR NO: B-67 DEPT.""]"
validation,18781,18781.png,18781_5,What is the REF.NO?,780,lookup,Extracted value for 'REF.NO' from form field.,[2],"[""REF.NO: 780""]"
validation,18781,18781.png,18781_6,What are the column headers in the table?,"Expense 132M 41 $, 173M",lookup,The header row contains the table's column names.,[6],"[""Expense 132M 41 $ | 173M""]"
validation,18781,18781.png,18781_7,How many data rows are in the table (excluding the header)?,0,lookup,Counted the number of non-header rows parsed from the table.,[6],"[""Data rows detected: 0""]"
validation,18804,18804.png,18804_0,What are the column headers in the table?,"STEP 1ST 1ST 1ST 2ND, 2ND",lookup,The header row contains the table's column names.,[0],"[""STEP 1ST 1ST 1ST 2ND | 2ND""]"
validation,18804,18804.png,18804_1,How many data rows are in the table (excluding the header)?,0,lookup,Counted the number of non-header rows parsed from the table.,[0],"[""Data rows detected: 0""]"
validation,18808,18808.png,18808_0,What are the column headers in the table?,"STEP 1ST 1ST 1ST 2ND, 2ND",lookup,The header row contains the table's column names.,[0],"[""STEP 1ST 1ST 1ST 2ND | 2ND""]"
validation,18808,18808.png,18808_1,How many data rows are in the table (excluding the header)?,0,lookup,Counted the number of non-header rows parsed from the table.,[0],"[""Data rows detected: 0""]"
validation,18811,18811.png,18811_0,What are the column headers in the table?,"STEP 1ST 1ST 1ST 2ND, 2ND",lookup,The header row contains the table's column names.,[0],"[""STEP 1ST 1ST 1ST 2ND | 2ND""]"
validation,18811,18811.png,18811_1,How many data rows are in the table (excluding the header)?,0,lookup,Counted the number of non-header rows parsed from the table.,[0],"[""Data rows detected: 0""]"
validation,18813,18813.png,18813_0,What are the column headers in the table?,"STEP 1ST 1ST 1ST 2ND, 2ND",lookup,The header row contains the table's column names.,[0],"[""STEP 1ST 1ST 1ST 2ND | 2ND""]"
validation,18813,18813.png,18813_1,How many data rows are in the table (excluding the header)?,0,lookup,Counted the number of non-header rows parsed from the table.,[0],"[""Data rows detected: 0""]"
validation,18836,18836.png,18836_0,What is the main topic or content discussed in this section?,Description of Problem Initial menthol product delivery specifications were developed based on data from one run in April 1988. Since that time several modifications to the product have been made....,comprehension,Summarized the main content from the text region.,[3],"[""Description of Problem Initial menthol product delivery specifications were developed based on data from one run in April 1988. Since that time several modifications to the product have been made. Spe""]"
validation,18838,18838.png,18838_0,What is the main topic or content discussed in this section?,Description of Problem Initial menthol product delivery specifications were developed based on data from one run in April 1988. Since that time several modifications to the product have been made....,comprehension,Summarized the main content from the text region.,[3],"[""Description of Problem Initial menthol product delivery specifications were developed based on data from one run in April 1988. Since that time several modifications to the product have been made. Spe""]"
validation,18841,18841.png,18841_0,What is the main topic or content discussed in this section?,Description of Problem Initial menthol product delivery specifications were developed based on data from one run in April 1988. Since that time several modifications to the product have been made....,comprehension,Summarized the main content from the text region.,[3],"[""Description of Problem Initial menthol product delivery specifications were developed based on data from one run in April 1988. Since that time several modifications to the product have been made. Spe""]"
validation,18842,18842.png,18842_0,What is the main topic or content discussed in this section?,Description of Problem Initial menthol product delivery specifications were developed based on data from one run in April 1988. Since that time several modifications to the product have been made....,comprehension,Summarized the main content from the text region.,[3],"[""Description of Problem Initial menthol product delivery specifications were developed based on data from one run in April 1988. Since that time several modifications to the product have been made. Spe""]"
validation,1889,1889.png,1889_0,What is the main topic or content discussed in this section?,"The purpose of this approach is to identify substances as priority to receive more detailed evaluation and assessment which, when conducted, could possibly lead to risk management measures. Apply a...",comprehension,Summarized the main content from the text region.,[1],"[""The purpose of this approach is to identify substances as priority to receive more detailed evaluation and assessment which, when conducted, could possibly lead to risk management measures. Apply a sc""]"
validation,1890,1890.png,1890_0,What is the main topic or content discussed in this section?,"The purpose of this approach is to identify substances as priority to receive more detailed evaluation and assessment which, when conducted, could possibly lead to risk management measures. Apply a...",comprehension,Summarized the main content from the text region.,[1],"[""The purpose of this approach is to identify substances as priority to receive more detailed evaluation and assessment which, when conducted, could possibly lead to risk management measures. Apply a sc""]"
validation,1893,1893.png,1893_0,What does the figure show?,"Under the Amended Toxic Substances (Tier 2; SAN 5947; RIN 2070-AK20) Michael Shapiro Acting Assistant Administrator, Office of Water",lookup,Answered using the figure's extracted description text.,[1],"[""Under the Amended Toxic Substances (Tier 2; SAN 5947; RIN 2070-AK20) Michael Shapiro Acting Assistant Administrator, Office of Water""]"
validation,1893,1893.png,1893_1,What is the main topic or content discussed in this section?,"The OW understands that changes have been made to the final prioritization rule (in a separate ""conditions of use""of a chemical, as determined by the Administrator, rather than for a...",comprehension,Summarized the main content from the text region.,[4],"[""The OW understands that changes have been made to the final prioritization rule (in a separate \""conditions of use\""of a chemical, as determined by the Administrator, rather than for a chemical Risk Eva""]"
validation,1894,1894.png,1894_0,What does the figure show?,"Under the Amended Toxic Substances (Tier 2; SAN 5947; RIN 2070-AK20) Michael Shapiro Acting Assistant Administrator, Office of Water",lookup,Answered using the figure's extracted description text.,[1],"[""Under the Amended Toxic Substances (Tier 2; SAN 5947; RIN 2070-AK20) Michael Shapiro Acting Assistant Administrator, Office of Water""]"
validation,1894,1894.png,1894_1,What is the main topic or content discussed in this section?,"The OW understands that changes have been made to the final prioritization rule (in a separate ""conditions of use""of a chemical, as determined by the Administrator, rather than for a...",comprehension,Summarized the main content from the text region.,[4],"[""The OW understands that changes have been made to the final prioritization rule (in a separate \""conditions of use\""of a chemical, as determined by the Administrator, rather than for a chemical Risk Eva""]"
validation,18950,18950.png,18950_0,What are the column headers in the table?,"SPEC HOLDER DATE Ret Bar 815188 PRODUCT REVIEW COMMITTEE MDTfKAN RA Qd, t0U",lookup,The header row contains the table's column names.,[2],"[""SPEC HOLDER DATE Ret Bar 815188 PRODUCT REVIEW COMMITTEE MDTfKAN RA Qd | t0U""]"
validation,18950,18950.png,18950_1,How many data rows are in the table (excluding the header)?,0,lookup,Counted the number of non-header rows parsed from the table.,[2],"[""Data rows detected: 0""]"
validation,18956,18956.png,18956_0,What are the column headers in the table?,"SPEC HOLDER DATE Ret Bar 815188 PRODUCT REVIEW COMMITTEE MDTfKAN RA Qd, t0U",lookup,The header row contains the table's column names.,[2],"[""SPEC HOLDER DATE Ret Bar 815188 PRODUCT REVIEW COMMITTEE MDTfKAN RA Qd | t0U""]"
validation,18956,18956.png,18956_1,How many data rows are in the table (excluding the header)?,0,lookup,Counted the number of non-header rows parsed from the table.,[2],"[""Data rows detected: 0""]"
validation,18961,18961.png,18961_0,What are the column headers in the table?,"SPEC HOLDER DATE Ret Bar 815188 PRODUCT REVIEW COMMITTEE MDTfKAN RA Qd, t0U",lookup,The header row contains the table's column names.,[2],"[""SPEC HOLDER DATE Ret Bar 815188 PRODUCT REVIEW COMMITTEE MDTfKAN RA Qd | t0U""]"
validation,18961,18961.png,18961_1,How many data rows are in the table (excluding the header)?,0,lookup,Counted the number of non-header rows parsed from the table.,[2],"[""Data rows detected: 0""]"
validation,18964,18964.png,18964_0,What are the column headers in the table?,"SPEC HOLDER DATE Ret Bar 815188 PRODUCT REVIEW COMMITTEE MDTfKAN RA Qd, t0U",lookup,The header row contains the table's column names.,[2],"[""SPEC HOLDER DATE Ret Bar 815188 PRODUCT REVIEW COMMITTEE MDTfKAN RA Qd | t0U""]"
validation,18964,18964.png,18964_1,How many data rows are in the table (excluding the header)?,0,lookup,Counted the number of non-header rows parsed from the table.,[2],"[""Data rows detected: 0""]"
validation,18968,18968.png,18968_0,What are the column headers in the table?,"SPEC HOLDER DATE Ret Bar 815188 PRODUCT REVIEW COMMITTEE MDTfKAN RA Qd, t0U",lookup,The header row contains the table's column names.,[2],"[""SPEC HOLDER DATE Ret Bar 815188 PRODUCT REVIEW COMMITTEE MDTfKAN RA Qd | t0U""]"
validation,18968,18968.png,18968_1,How many data rows are in the table (excluding the header)?,0,lookup,Counted the number of non-header rows parsed from the table.,[2],"[""Data rows detected: 0""]"
validation,18975,18975.png,18975_0,What are the column headers in the table?,"R MICROBIOLOGICAL ASSOCIaTeS INC. CORPORATE OFFICES Life Sciences Center 9900 Blackwell Road·Rockville·Maryland 20850 (301) 738-1000·Telex 908793·Fax (301), 738-1036",lookup,The header row contains the table's column names.,[0],"[""R MICROBIOLOGICAL ASSOCIaTeS INC. CORPORATE OFFICES Life Sciences Center 9900 Blackwell Road·Rockville·Maryland 20850 (301) 738-1000·Telex 908793·Fax (301) | 738-1036""]"
validation,18975,18975.png,18975_1,How many data rows are in the table (excluding the header)?,0,lookup,Counted the number of non-header rows parsed from the table.,[0],"[""Data rows detected: 0""]"
validation,18975,18975.png,18975_2,What is the SPECIMEN?,10 rat sera,lookup,Extracted value for 'SPECIMEN' from form field.,[1],"[""SPECIMEN: 10 rat sera""]"
validation,18975,18975.png,18975_3,What is the RECEIVED?,"January 2, 1989",lookup,Extracted value for 'RECEIVED' from form field.,[1],"[""RECEIVED: January 2, 1989""]"
validation,18975,18975.png,18975_4,What does the figure show?,.01 .02 0 .01 .02. ..01 .02 ..0 .02 ..01 0 .02 .01 0 `.01 0 .01 0： 0 .02 0 0 0 0 .02 0 ： 0 .01 0 0 0 0 .01 0 0 .01 .01 .01 0,lookup,Answered using the figure's extracted description text.,[3],"["".01 .02 0 .01 .02. ..01 .02 ..0 .02 ..01 0 .02 .01 0 `.01 0 .01 0： 0 .02 0 0 0 0 .02 0 ： 0 .01 0 0 0 0 .01 0 0 .01 .01 .01 0""]"
validation,18978,18978.png,18978_0,What are the column headers in the table?,"R MICROBIOLOGICAL ASSOCIaTeS INC. CORPORATE OFFICES Life Sciences Center 9900 Blackwell Road·Rockville·Maryland 20850 (301) 738-1000·Telex 908793·Fax (301), 738-1036",lookup,The header row contains the table's column names.,[0],"[""R MICROBIOLOGICAL ASSOCIaTeS INC. CORPORATE OFFICES Life Sciences Center 9900 Blackwell Road·Rockville·Maryland 20850 (301) 738-1000·Telex 908793·Fax (301) | 738-1036""]"
validation,18978,18978.png,18978_1,How many data rows are in the table (excluding the header)?,0,lookup,Counted the number of non-header rows parsed from the table.,[0],"[""Data rows detected: 0""]"
validation,18978,18978.png,18978_2,What is the SPECIMEN?,10 rat sera,lookup,Extracted value for 'SPECIMEN' from form field.,[1],"[""SPECIMEN: 10 rat sera""]"
validation,18978,18978.png,18978_3,What is the RECEIVED?,"January 2, 1989",lookup,Extracted value for 'RECEIVED' from form field.,[1],"[""RECEIVED: January 2, 1989""]"
validation,18978,18978.png,18978_4,What does the figure show?,.01 .02 0 .01 .02. ..01 .02 ..0 .02 ..01 0 .02 .01 0 `.01 0 .01 0： 0 .02 0 0 0 0 .02 0 ： 0 .01 0 0 0 0 .01 0 0 .01 .01 .01 0,lookup,Answered using the figure's extracted description text.,[3],"["".01 .02 0 .01 .02. ..01 .02 ..0 .02 ..01 0 .02 .01 0 `.01 0 .01 0： 0 .02 0 0 0 0 .02 0 ： 0 .01 0 0 0 0 .01 0 0 .01 .01 .01 0""]"
validation,18982,18982.png,18982_0,What are the column headers in the table?,"R MICROBIOLOGICAL ASSOCIaTeS INC. CORPORATE OFFICES Life Sciences Center 9900 Blackwell Road·Rockville·Maryland 20850 (301) 738-1000·Telex 908793·Fax (301), 738-1036",lookup,The header row contains the table's column names.,[0],"[""R MICROBIOLOGICAL ASSOCIaTeS INC. CORPORATE OFFICES Life Sciences Center 9900 Blackwell Road·Rockville·Maryland 20850 (301) 738-1000·Telex 908793·Fax (301) | 738-1036""]"
validation,18982,18982.png,18982_1,How many data rows are in the table (excluding the header)?,0,lookup,Counted the number of non-header rows parsed from the table.,[0],"[""Data rows detected: 0""]"
validation,18982,18982.png,18982_2,What is the SPECIMEN?,10 rat sera,lookup,Extracted value for 'SPECIMEN' from form field.,[1],"[""SPECIMEN: 10 rat sera""]"
validation,18982,18982.png,18982_3,What is the RECEIVED?,"January 2, 1989",lookup,Extracted value for 'RECEIVED' from form field.,[1],"[""RECEIVED: January 2, 1989""]"
validation,18982,18982.png,18982_4,What does the figure show?,.01 .02 0 .01 .02. ..01 .02 ..0 .02 ..01 0 .02 .01 0 `.01 0 .01 0： 0 .02 0 0 0 0 .02 0 ： 0 .01 0 0 0 0 .01 0 0 .01 .01 .01 0,lookup,Answered using the figure's extracted description text.,[3],"["".01 .02 0 .01 .02. ..01 .02 ..0 .02 ..01 0 .02 .01 0 `.01 0 .01 0： 0 .02 0 0 0 0 .02 0 ： 0 .01 0 0 0 0 .01 0 0 .01 .01 .01 0""]"
validation,18992,18992.png,18992_0,What are the column headers in the table?,"R MICROBIOLOGICAL ASSOCIaTeS INC. CORPORATE OFFICES Life Sciences Center 9900 Blackwell Road·Rockville·Maryland 20850 (301) 738-1000·Telex 908793·Fax (301), 738-1036",lookup,The header row contains the table's column names.,[0],"[""R MICROBIOLOGICAL ASSOCIaTeS INC. CORPORATE OFFICES Life Sciences Center 9900 Blackwell Road·Rockville·Maryland 20850 (301) 738-1000·Telex 908793·Fax (301) | 738-1036""]"
validation,18992,18992.png,18992_1,How many data rows are in the table (excluding the header)?,0,lookup,Counted the number of non-header rows parsed from the table.,[0],"[""Data rows detected: 0""]"
validation,18992,18992.png,18992_2,What is the SPECIMEN?,10 rat sera,lookup,Extracted value for 'SPECIMEN' from form field.,[1],"[""SPECIMEN: 10 rat sera""]"
validation,18992,18992.png,18992_3,What is the RECEIVED?,"January 2, 1989",lookup,Extracted value for 'RECEIVED' from form field.,[1],"[""RECEIVED: January 2, 1989""]"
validation,18992,18992.png,18992_4,What does the figure show?,.01 .02 0 .01 .02. ..01 .02 ..0 .02 ..01 0 .02 .01 0 `.01 0 .01 0： 0 .02 0 0 0 0 .02 0 ： 0 .01 0 0 0 0 .01 0 0 .01 .01 .01 0,lookup,Answered using the figure's extracted description text.,[3],"["".01 .02 0 .01 .02. ..01 .02 ..0 .02 ..01 0 .02 .01 0 `.01 0 .01 0： 0 .02 0 0 0 0 .02 0 ： 0 .01 0 0 0 0 .01 0 0 .01 .01 .01 0""]"
validation,18999,18999.png,18999_0,What are the column headers in the table?,"R MICROBIOLOGICAL ASSOCIaTeS INC. CORPORATE OFFICES Life Sciences Center 9900 Blackwell Road·Rockville·Maryland 20850 (301) 738-1000·Telex 908793·Fax (301), 738-1036",lookup,The header row contains the table's column names.,[0],"[""R MICROBIOLOGICAL ASSOCIaTeS INC. CORPORATE OFFICES Life Sciences Center 9900 Blackwell Road·Rockville·Maryland 20850 (301) 738-1000·Telex 908793·Fax (301) | 738-1036""]"
validation,18999,18999.png,18999_1,How many data rows are in the table (excluding the header)?,0,lookup,Counted the number of non-header rows parsed from the table.,[0],"[""Data rows detected: 0""]"
validation,18999,18999.png,18999_2,What is the SPECIMEN?,10 rat sera,lookup,Extracted value for 'SPECIMEN' from form field.,[1],"[""SPECIMEN: 10 rat sera""]"
validation,18999,18999.png,18999_3,What is the RECEIVED?,"January 2, 1989",lookup,Extracted value for 'RECEIVED' from form field.,[1],"[""RECEIVED: January 2, 1989""]"
validation,18999,18999.png,18999_4,What does the figure show?,.01 .02 0 .01 .02. ..01 .02 ..0 .02 ..01 0 .02 .01 0 `.01 0 .01 0： 0 .02 0 0 0 0 .02 0 ： 0 .01 0 0 0 0 .01 0 0 .01 .01 .01 0,lookup,Answered using the figure's extracted description text.,[3],"["".01 .02 0 .01 .02. ..01 .02 ..0 .02 ..01 0 .02 .01 0 `.01 0 .01 0： 0 .02 0 0 0 0 .02 0 ： 0 .01 0 0 0 0 .01 0 0 .01 .01 .01 0""]"
validation,19005,19005.png,19005_0,What are the column headers in the table?,"R MICROBIOLOGICAL ASSOCIaTeS INC. CORPORATE OFFICES Life Sciences Center 9900 Blackwell Road·Rockville·Maryland 20850 (301) 738-1000·Telex 908793·Fax (301), 738-1036",lookup,The header row contains the table's column names.,[0],"[""R MICROBIOLOGICAL ASSOCIaTeS INC. CORPORATE OFFICES Life Sciences Center 9900 Blackwell Road·Rockville·Maryland 20850 (301) 738-1000·Telex 908793·Fax (301) | 738-1036""]"
validation,19005,19005.png,19005_1,How many data rows are in the table (excluding the header)?,0,lookup,Counted the number of non-header rows parsed from the table.,[0],"[""Data rows detected: 0""]"
validation,19005,19005.png,19005_2,What is the SPECIMEN?,10 rat sera,lookup,Extracted value for 'SPECIMEN' from form field.,[1],"[""SPECIMEN: 10 rat sera""]"
validation,19005,19005.png,19005_3,What is the RECEIVED?,"January 2, 1989",lookup,Extracted value for 'RECEIVED' from form field.,[1],"[""RECEIVED: January 2, 1989""]"
validation,19005,19005.png,19005_4,What does the figure show?,.01 .02 0 .01 .02. ..01 .02 ..0 .02 ..01 0 .02 .01 0 `.01 0 .01 0： 0 .02 0 0 0 0 .02 0 ： 0 .01 0 0 0 0 .01 0 0 .01 .01 .01 0,lookup,Answered using the figure's extracted description text.,[3],"["".01 .02 0 .01 .02. ..01 .02 ..0 .02 ..01 0 .02 .01 0 `.01 0 .01 0： 0 .02 0 0 0 0 .02 0 ： 0 .01 0 0 0 0 .01 0 0 .01 .01 .01 0""]"
validation,1901,1901.png,1901_0,What is the main topic or content discussed in this section?,"Dr. Dourson is an outstanding scientist whose career in toxicology spans nearly forty years, the early half of which with the EPA itself in critical positions of science, policy and...",comprehension,Summarized the main content from the text region.,[2],"[""Dr. Dourson is an outstanding scientist whose career in toxicology spans nearly forty years, the early half of which with the EPA itself in critical positions of science, policy and administration. Dr""]"
validation,19010,19010.png,19010_0,What are the column headers in the table?,"R MICROBIOLOGICAL ASSOCIaTeS INC. CORPORATE OFFICES Life Sciences Center 9900 Blackwell Road·Rockville·Maryland 20850 (301) 738-1000·Telex 908793·Fax (301), 738-1036",lookup,The header row contains the table's column names.,[0],"[""R MICROBIOLOGICAL ASSOCIaTeS INC. CORPORATE OFFICES Life Sciences Center 9900 Blackwell Road·Rockville·Maryland 20850 (301) 738-1000·Telex 908793·Fax (301) | 738-1036""]"
validation,19010,19010.png,19010_1,How many data rows are in the table (excluding the header)?,0,lookup,Counted the number of non-header rows parsed from the table.,[0],"[""Data rows detected: 0""]"
validation,19010,19010.png,19010_2,What is the SPECIMEN?,10 rat sera,lookup,Extracted value for 'SPECIMEN' from form field.,[1],"[""SPECIMEN: 10 rat sera""]"
validation,19010,19010.png,19010_3,What is the RECEIVED?,"January 2, 1989",lookup,Extracted value for 'RECEIVED' from form field.,[1],"[""RECEIVED: January 2, 1989""]"
validation,19010,19010.png,19010_4,What does the figure show?,.01 .02 0 .01 .02. ..01 .02 ..0 .02 ..01 0 .02 .01 0 `.01 0 .01 0： 0 .02 0 0 0 0 .02 0 ： 0 .01 0 0 0 0 .01 0 0 .01 .01 .01 0,lookup,Answered using the figure's extracted description text.,[3],"["".01 .02 0 .01 .02. ..01 .02 ..0 .02 ..01 0 .02 .01 0 `.01 0 .01 0： 0 .02 0 0 0 0 .02 0 ： 0 .01 0 0 0 0 .01 0 0 .01 .01 .01 0""]"
validation,19064,19064.png,19064_0,What is the main topic or content discussed in this section?,Please read the enclosed Instruction and Information Sheet for Lobbyists before filling out this form. Terms marked with an asterisk are defined in the Information Sheet. Registered lobbyists must fil,comprehension,Summarized the main content from the text region.,[1],"[""Please read the enclosed Instruction and Information Sheet for Lobbyists before filling out this form. Terms marked with an asterisk are defined in the Information Sheet. Registered lobbyists must fil""]"
validation,19069,19069.png,19069_0,What is the main topic or content discussed in this section?,Please read the enclosed Instruction and Information Sheet for Lobbyists before filling out this form. Terms marked with an asterisk are defined in the Information Sheet. Registered lobbyists must fil,comprehension,Summarized the main content from the text region.,[1],"[""Please read the enclosed Instruction and Information Sheet for Lobbyists before filling out this form. Terms marked with an asterisk are defined in the Information Sheet. Registered lobbyists must fil""]"
validation,19071,19071.png,19071_0,What is the main topic or content discussed in this section?,Please read the enclosed Instruction and Information Sheet for Lobbyists before filling out this form. Terms marked with an asterisk are defined in the Information Sheet. Registered lobbyists must fil,comprehension,Summarized the main content from the text region.,[1],"[""Please read the enclosed Instruction and Information Sheet for Lobbyists before filling out this form. Terms marked with an asterisk are defined in the Information Sheet. Registered lobbyists must fil""]"
validation,19076,19076.png,19076_0,What is the main topic or content discussed in this section?,Please read the enclosed Instruction and Information Sheet for Lobbyists before filling out this form. Terms marked with an asterisk are defined in the Information Sheet. Registered lobbyists must fil,comprehension,Summarized the main content from the text region.,[1],"[""Please read the enclosed Instruction and Information Sheet for Lobbyists before filling out this form. Terms marked with an asterisk are defined in the Information Sheet. Registered lobbyists must fil""]"
validation,19089,19089.png,19089_0,What is the OTHER PERTINENT INFORMATION?,"Your signatures on this form indicate that to the best of your knowledge, the information contained in the document to be published/presented is not proprietary and that t",lookup,Extracted value for 'OTHER PERTINENT INFORMATION' from form field.,[4],"[""OTHER PERTINENT INFORMATION: Your signatures on this form indicate that to the best of your knowledge, the information contained in the document to be published/presented is not proprietary and that t""]"
validation,19089,19089.png,19089_1,What is the Date?,6-6-95,lookup,Extracted value for 'Date' from form field.,[5],"[""Date: 6-6-95""]"
validation,19089,19089.png,19089_2,What are the column headers in the table?,"Date: 6-6-95 Date: -6-95 Date: CMA15 Date: 6//95 Date:, 6-6.95",lookup,The header row contains the table's column names.,[6],"[""Date: 6-6-95 Date: -6-95 Date: CMA15 Date: 6//95 Date: | 6-6.95""]"
validation,19089,19089.png,19089_3,How many data rows are in the table (excluding the header)?,0,lookup,Counted the number of non-header rows parsed from the table.,[6],"[""Data rows detected: 0""]"
validation,19093,19093.png,19093_0,What is the OTHER PERTINENT INFORMATION?,"Your signatures on this form indicate that to the best of your knowledge, the information contained in the document to be published/presented is not proprietary and that t",lookup,Extracted value for 'OTHER PERTINENT INFORMATION' from form field.,[4],"[""OTHER PERTINENT INFORMATION: Your signatures on this form indicate that to the best of your knowledge, the information contained in the document to be published/presented is not proprietary and that t""]"
validation,19093,19093.png,19093_1,What is the Date?,6-6-95,lookup,Extracted value for 'Date' from form field.,[5],"[""Date: 6-6-95""]"
validation,19093,19093.png,19093_2,What are the column headers in the table?,"Date: 6-6-95 Date: -6-95 Date: CMA15 Date: 6//95 Date:, 6-6.95",lookup,The header row contains the table's column names.,[6],"[""Date: 6-6-95 Date: -6-95 Date: CMA15 Date: 6//95 Date: | 6-6.95""]"
validation,19093,19093.png,19093_3,How many data rows are in the table (excluding the header)?,0,lookup,Counted the number of non-header rows parsed from the table.,[6],"[""Data rows detected: 0""]"
validation,19100,19100.png,19100_0,What is the OTHER PERTINENT INFORMATION?,"Your signatures on this form indicate that to the best of your knowledge, the information contained in the document to be published/presented is not proprietary and that t",lookup,Extracted value for 'OTHER PERTINENT INFORMATION' from form field.,[4],"[""OTHER PERTINENT INFORMATION: Your signatures on this form indicate that to the best of your knowledge, the information contained in the document to be published/presented is not proprietary and that t""]"
validation,19100,19100.png,19100_1,What is the Date?,6-6-95,lookup,Extracted value for 'Date' from form field.,[5],"[""Date: 6-6-95""]"
validation,19100,19100.png,19100_2,What are the column headers in the table?,"Date: 6-6-95 Date: -6-95 Date: CMA15 Date: 6//95 Date:, 6-6.95",lookup,The header row contains the table's column names.,[6],"[""Date: 6-6-95 Date: -6-95 Date: CMA15 Date: 6//95 Date: | 6-6.95""]"
validation,19100,19100.png,19100_3,How many data rows are in the table (excluding the header)?,0,lookup,Counted the number of non-header rows parsed from the table.,[6],"[""Data rows detected: 0""]"
validation,19119,19119.png,19119_0,What is the OTHER PERTINENT INFORMATION?,"Your signatures on this form indicate that to the best of your knowledge, the information contained in the document to be published/presented is not proprietary and that t",lookup,Extracted value for 'OTHER PERTINENT INFORMATION' from form field.,[4],"[""OTHER PERTINENT INFORMATION: Your signatures on this form indicate that to the best of your knowledge, the information contained in the document to be published/presented is not proprietary and that t""]"
validation,19119,19119.png,19119_1,What is the Date?,6-6-95,lookup,Extracted value for 'Date' from form field.,[5],"[""Date: 6-6-95""]"
validation,19119,19119.png,19119_2,What are the column headers in the table?,"Date: 6-6-95 Date: -6-95 Date: CMA15 Date: 6//95 Date:, 6-6.95",lookup,The header row contains the table's column names.,[6],"[""Date: 6-6-95 Date: -6-95 Date: CMA15 Date: 6//95 Date: | 6-6.95""]"
validation,19119,19119.png,19119_3,How many data rows are in the table (excluding the header)?,0,lookup,Counted the number of non-header rows parsed from the table.,[6],"[""Data rows detected: 0""]"
validation,19132,19132.png,19132_0,What is the OTHER PERTINENT INFORMATION?,"Your signatures on this form indicate that to the best of your knowledge, the information contained in the document to be published/presented is not proprietary and that t",lookup,Extracted value for 'OTHER PERTINENT INFORMATION' from form field.,[4],"[""OTHER PERTINENT INFORMATION: Your signatures on this form indicate that to the best of your knowledge, the information contained in the document to be published/presented is not proprietary and that t""]"
validation,19132,19132.png,19132_1,What is the Date?,6-6-95,lookup,Extracted value for 'Date' from form field.,[5],"[""Date: 6-6-95""]"
validation,19132,19132.png,19132_2,What are the column headers in the table?,"Date: 6-6-95 Date: -6-95 Date: CMA15 Date: 6//95 Date:, 6-6.95",lookup,The header row contains the table's column names.,[6],"[""Date: 6-6-95 Date: -6-95 Date: CMA15 Date: 6//95 Date: | 6-6.95""]"
validation,19132,19132.png,19132_3,How many data rows are in the table (excluding the header)?,0,lookup,Counted the number of non-header rows parsed from the table.,[6],"[""Data rows detected: 0""]"
validation,19135,19135.png,19135_0,What is the OTHER PERTINENT INFORMATION?,"Your signatures on this form indicate that to the best of your knowledge, the information contained in the document to be published/presented is not proprietary and that t",lookup,Extracted value for 'OTHER PERTINENT INFORMATION' from form field.,[4],"[""OTHER PERTINENT INFORMATION: Your signatures on this form indicate that to the best of your knowledge, the information contained in the document to be published/presented is not proprietary and that t""]"
validation,19135,19135.png,19135_1,What is the Date?,6-6-95,lookup,Extracted value for 'Date' from form field.,[5],"[""Date: 6-6-95""]"
validation,19135,19135.png,19135_2,What are the column headers in the table?,"Date: 6-6-95 Date: -6-95 Date: CMA15 Date: 6//95 Date:, 6-6.95",lookup,The header row contains the table's column names.,[6],"[""Date: 6-6-95 Date: -6-95 Date: CMA15 Date: 6//95 Date: | 6-6.95""]"
validation,19135,19135.png,19135_3,How many data rows are in the table (excluding the header)?,0,lookup,Counted the number of non-header rows parsed from the table.,[6],"[""Data rows detected: 0""]"
validation,19143,19143.png,19143_0,What is the OTHER PERTINENT INFORMATION?,"Your signatures on this form indicate that to the best of your knowledge, the information contained in the document to be published/presented is not proprietary and that t",lookup,Extracted value for 'OTHER PERTINENT INFORMATION' from form field.,[4],"[""OTHER PERTINENT INFORMATION: Your signatures on this form indicate that to the best of your knowledge, the information contained in the document to be published/presented is not proprietary and that t""]"
validation,19143,19143.png,19143_1,What is the Date?,6-6-95,lookup,Extracted value for 'Date' from form field.,[5],"[""Date: 6-6-95""]"
validation,19143,19143.png,19143_2,What are the column headers in the table?,"Date: 6-6-95 Date: -6-95 Date: CMA15 Date: 6//95 Date:, 6-6.95",lookup,The header row contains the table's column names.,[6],"[""Date: 6-6-95 Date: -6-95 Date: CMA15 Date: 6//95 Date: | 6-6.95""]"
validation,19143,19143.png,19143_3,How many data rows are in the table (excluding the header)?,0,lookup,Counted the number of non-header rows parsed from the table.,[6],"[""Data rows detected: 0""]"
validation,19216,19216.png,19216_0,What is the Other?,Anything not covered under the previous three boxes,lookup,Extracted value for 'Other' from form field.,[7],"[""Other: Anything not covered under the previous three boxes""]"
validation,19216,19216.png,19216_1,What is the Pending?,The patent has been filed but not issued,lookup,Extracted value for 'Pending' from form field.,[7],"[""Pending: The patent has been filed but not issued""]"
validation,19216,19216.png,19216_2,What is the Issued?,The patent has been issued by the agency,lookup,Extracted value for 'Issued' from form field.,[7],"[""Issued: The patent has been issued by the agency""]"
validation,19216,19216.png,19216_3,What is the Licensed?,The patent has been licensed to,lookup,Extracted value for 'Licensed' from form field.,[7],"[""Licensed: The patent has been licensed to""]"
validation,19216,19216.png,19216_4,What is the main topic or content discussed in this section?,The purpose of this form is to provide readers of your manuscript with information about your other interests that couid infiuence how they receive and understand your work. The form...,comprehension,Summarized the main content from the text region.,[0],"[""The purpose of this form is to provide readers of your manuscript with information about your other interests that couid infiuence how they receive and understand your work. The form is designed to be""]"
validation,19218,19218.png,19218_0,What is the Other?,Anything not covered under the previous three boxes,lookup,Extracted value for 'Other' from form field.,[7],"[""Other: Anything not covered under the previous three boxes""]"
validation,19218,19218.png,19218_1,What is the Pending?,The patent has been filed but not issued,lookup,Extracted value for 'Pending' from form field.,[7],"[""Pending: The patent has been filed but not issued""]"
validation,19218,19218.png,19218_2,What is the Issued?,The patent has been issued by the agency,lookup,Extracted value for 'Issued' from form field.,[7],"[""Issued: The patent has been issued by the agency""]"
validation,19218,19218.png,19218_3,What is the Licensed?,The patent has been licensed to,lookup,Extracted value for 'Licensed' from form field.,[7],"[""Licensed: The patent has been licensed to""]"
validation,19218,19218.png,19218_4,What is the main topic or content discussed in this section?,The purpose of this form is to provide readers of your manuscript with information about your other interests that couid infiuence how they receive and understand your work. The form...,comprehension,Summarized the main content from the text region.,[0],"[""The purpose of this form is to provide readers of your manuscript with information about your other interests that couid infiuence how they receive and understand your work. The form is designed to be""]"
validation,19222,19222.png,19222_0,What is the Other?,Anything not covered under the previous three boxes,lookup,Extracted value for 'Other' from form field.,[7],"[""Other: Anything not covered under the previous three boxes""]"
validation,19222,19222.png,19222_1,What is the Pending?,The patent has been filed but not issued,lookup,Extracted value for 'Pending' from form field.,[7],"[""Pending: The patent has been filed but not issued""]"
validation,19222,19222.png,19222_2,What is the Issued?,The patent has been issued by the agency,lookup,Extracted value for 'Issued' from form field.,[7],"[""Issued: The patent has been issued by the agency""]"
validation,19222,19222.png,19222_3,What is the Licensed?,The patent has been licensed to,lookup,Extracted value for 'Licensed' from form field.,[7],"[""Licensed: The patent has been licensed to""]"
validation,19222,19222.png,19222_4,What is the main topic or content discussed in this section?,The purpose of this form is to provide readers of your manuscript with information about your other interests that couid infiuence how they receive and understand your work. The form...,comprehension,Summarized the main content from the text region.,[0],"[""The purpose of this form is to provide readers of your manuscript with information about your other interests that couid infiuence how they receive and understand your work. The form is designed to be""]"
validation,19224,19224.png,19224_0,What is the Other?,Anything not covered under the previous three boxes,lookup,Extracted value for 'Other' from form field.,[7],"[""Other: Anything not covered under the previous three boxes""]"
validation,19224,19224.png,19224_1,What is the Pending?,The patent has been filed but not issued,lookup,Extracted value for 'Pending' from form field.,[7],"[""Pending: The patent has been filed but not issued""]"
validation,19224,19224.png,19224_2,What is the Issued?,The patent has been issued by the agency,lookup,Extracted value for 'Issued' from form field.,[7],"[""Issued: The patent has been issued by the agency""]"
validation,19224,19224.png,19224_3,What is the Licensed?,The patent has been licensed to,lookup,Extracted value for 'Licensed' from form field.,[7],"[""Licensed: The patent has been licensed to""]"
validation,19224,19224.png,19224_4,What is the main topic or content discussed in this section?,The purpose of this form is to provide readers of your manuscript with information about your other interests that couid infiuence how they receive and understand your work. The form...,comprehension,Summarized the main content from the text region.,[0],"[""The purpose of this form is to provide readers of your manuscript with information about your other interests that couid infiuence how they receive and understand your work. The form is designed to be""]"
validation,19226,19226.png,19226_0,What is the Other?,Anything not covered under the previous three boxes,lookup,Extracted value for 'Other' from form field.,[7],"[""Other: Anything not covered under the previous three boxes""]"
validation,19226,19226.png,19226_1,What is the Pending?,The patent has been filed but not issued,lookup,Extracted value for 'Pending' from form field.,[7],"[""Pending: The patent has been filed but not issued""]"
validation,19226,19226.png,19226_2,What is the Issued?,The patent has been issued by the agency,lookup,Extracted value for 'Issued' from form field.,[7],"[""Issued: The patent has been issued by the agency""]"
validation,19226,19226.png,19226_3,What is the Licensed?,The patent has been licensed to,lookup,Extracted value for 'Licensed' from form field.,[7],"[""Licensed: The patent has been licensed to""]"
validation,19226,19226.png,19226_4,What is the main topic or content discussed in this section?,The purpose of this form is to provide readers of your manuscript with information about your other interests that couid infiuence how they receive and understand your work. The form...,comprehension,Summarized the main content from the text region.,[0],"[""The purpose of this form is to provide readers of your manuscript with information about your other interests that couid infiuence how they receive and understand your work. The form is designed to be""]"
validation,19228,19228.png,19228_0,What is the Other?,Anything not covered under the previous three boxes,lookup,Extracted value for 'Other' from form field.,[7],"[""Other: Anything not covered under the previous three boxes""]"
validation,19228,19228.png,19228_1,What is the Pending?,The patent has been filed but not issued,lookup,Extracted value for 'Pending' from form field.,[7],"[""Pending: The patent has been filed but not issued""]"
validation,19228,19228.png,19228_2,What is the Issued?,The patent has been issued by the agency,lookup,Extracted value for 'Issued' from form field.,[7],"[""Issued: The patent has been issued by the agency""]"
validation,19228,19228.png,19228_3,What is the Licensed?,The patent has been licensed to,lookup,Extracted value for 'Licensed' from form field.,[7],"[""Licensed: The patent has been licensed to""]"
validation,19228,19228.png,19228_4,What is the main topic or content discussed in this section?,The purpose of this form is to provide readers of your manuscript with information about your other interests that couid infiuence how they receive and understand your work. The form...,comprehension,Summarized the main content from the text region.,[0],"[""The purpose of this form is to provide readers of your manuscript with information about your other interests that couid infiuence how they receive and understand your work. The form is designed to be""]"
validation,19229,19229.png,19229_0,What is the Other?,Anything not covered under the previous three boxes,lookup,Extracted value for 'Other' from form field.,[7],"[""Other: Anything not covered under the previous three boxes""]"
validation,19229,19229.png,19229_1,What is the Pending?,The patent has been filed but not issued,lookup,Extracted value for 'Pending' from form field.,[7],"[""Pending: The patent has been filed but not issued""]"
validation,19229,19229.png,19229_2,What is the Issued?,The patent has been issued by the agency,lookup,Extracted value for 'Issued' from form field.,[7],"[""Issued: The patent has been issued by the agency""]"
validation,19229,19229.png,19229_3,What is the Licensed?,The patent has been licensed to,lookup,Extracted value for 'Licensed' from form field.,[7],"[""Licensed: The patent has been licensed to""]"
validation,19229,19229.png,19229_4,What is the main topic or content discussed in this section?,The purpose of this form is to provide readers of your manuscript with information about your other interests that couid infiuence how they receive and understand your work. The form...,comprehension,Summarized the main content from the text region.,[0],"[""The purpose of this form is to provide readers of your manuscript with information about your other interests that couid infiuence how they receive and understand your work. The form is designed to be""]"
validation,19241,19241.png,19241_0,What are the column headers in the table?,"CONTENTSOFAPPLICATION This applicationcontalns the following items: (Check all that apply 1.FOrmFDA1571[21CFR312.23(a)(1)] 2.Table ofContents[21CFR312.23（a)(2）] 3.Introductory, statement{21CFR312.23(a)",lookup,The header row contains the table's column names.,[1],"[""CONTENTSOFAPPLICATION This applicationcontalns the following items: (Check all that apply 1.FOrmFDA1571[21CFR312.23(a)(1)] 2.Table ofContents[21CFR312.23（a)(2）] 3.Introductory | statement{21CFR312.23(a)""]"
validation,19241,19241.png,19241_1,How many data rows are in the table (excluding the header)?,0,lookup,Counted the number of non-header rows parsed from the table.,[1],"[""Data rows detected: 0""]"
validation,19241,19241.png,19241_2,What does the figure show?,15.NAME(S)ANOTITLE(S)OFTHEPERSON(S) RESPONSIBLEFORREVIEWANOEVALUATIONOFINFORMATIONRELEVANTTOTHE SAFETY OF THE DRUG N/A,lookup,Answered using the figure's extracted description text.,[3],"[""15.NAME(S)ANOTITLE(S)OFTHEPERSON(S) RESPONSIBLEFORREVIEWANOEVALUATIONOFINFORMATIONRELEVANTTOTHE SAFETY OF THE DRUG N/A""]"
validation,19241,19241.png,19241_3,What is the main topic or content discussed in this section?,reenot to begin clinlcal investigations unt 30 days after FDAs recelpt of the IND unless Ireceive earller noification by FDA that the sfudles may begin.I aiso agree nol to begin...,comprehension,Summarized the main content from the text region.,[4],"[""reenot to begin clinlcal investigations unt 30 days after FDAs recelpt of the IND unless Ireceive earller noification by FDA that the sfudles may begin.I aiso agree nol to begin or continue clinical i""]"
validation,19243,19243.png,19243_0,What are the column headers in the table?,"CONTENTSOFAPPLICATION This applicationcontalns the following items: (Check all that apply 1.FOrmFDA1571[21CFR312.23(a)(1)] 2.Table ofContents[21CFR312.23（a)(2）] 3.Introductory, statement{21CFR312.23(a)",lookup,The header row contains the table's column names.,[1],"[""CONTENTSOFAPPLICATION This applicationcontalns the following items: (Check all that apply 1.FOrmFDA1571[21CFR312.23(a)(1)] 2.Table ofContents[21CFR312.23（a)(2）] 3.Introductory | statement{21CFR312.23(a)""]"
validation,19243,19243.png,19243_1,How many data rows are in the table (excluding the header)?,0,lookup,Counted the number of non-header rows parsed from the table.,[1],"[""Data rows detected: 0""]"
validation,19243,19243.png,19243_2,What does the figure show?,15.NAME(S)ANOTITLE(S)OFTHEPERSON(S) RESPONSIBLEFORREVIEWANOEVALUATIONOFINFORMATIONRELEVANTTOTHE SAFETY OF THE DRUG N/A,lookup,Answered using the figure's extracted description text.,[3],"[""15.NAME(S)ANOTITLE(S)OFTHEPERSON(S) RESPONSIBLEFORREVIEWANOEVALUATIONOFINFORMATIONRELEVANTTOTHE SAFETY OF THE DRUG N/A""]"
validation,19243,19243.png,19243_3,What is the main topic or content discussed in this section?,reenot to begin clinlcal investigations unt 30 days after FDAs recelpt of the IND unless Ireceive earller noification by FDA that the sfudles may begin.I aiso agree nol to begin...,comprehension,Summarized the main content from the text region.,[4],"[""reenot to begin clinlcal investigations unt 30 days after FDAs recelpt of the IND unless Ireceive earller noification by FDA that the sfudles may begin.I aiso agree nol to begin or continue clinical i""]"
validation,19245,19245.png,19245_0,What are the column headers in the table?,"CONTENTSOFAPPLICATION This applicationcontalns the following items: (Check all that apply 1.FOrmFDA1571[21CFR312.23(a)(1)] 2.Table ofContents[21CFR312.23（a)(2）] 3.Introductory, statement{21CFR312.23(a)",lookup,The header row contains the table's column names.,[1],"[""CONTENTSOFAPPLICATION This applicationcontalns the following items: (Check all that apply 1.FOrmFDA1571[21CFR312.23(a)(1)] 2.Table ofContents[21CFR312.23（a)(2）] 3.Introductory | statement{21CFR312.23(a)""]"
validation,19245,19245.png,19245_1,How many data rows are in the table (excluding the header)?,0,lookup,Counted the number of non-header rows parsed from the table.,[1],"[""Data rows detected: 0""]"
validation,19245,19245.png,19245_2,What does the figure show?,15.NAME(S)ANOTITLE(S)OFTHEPERSON(S) RESPONSIBLEFORREVIEWANOEVALUATIONOFINFORMATIONRELEVANTTOTHE SAFETY OF THE DRUG N/A,lookup,Answered using the figure's extracted description text.,[3],"[""15.NAME(S)ANOTITLE(S)OFTHEPERSON(S) RESPONSIBLEFORREVIEWANOEVALUATIONOFINFORMATIONRELEVANTTOTHE SAFETY OF THE DRUG N/A""]"
validation,19245,19245.png,19245_3,What is the main topic or content discussed in this section?,reenot to begin clinlcal investigations unt 30 days after FDAs recelpt of the IND unless Ireceive earller noification by FDA that the sfudles may begin.I aiso agree nol to begin...,comprehension,Summarized the main content from the text region.,[4],"[""reenot to begin clinlcal investigations unt 30 days after FDAs recelpt of the IND unless Ireceive earller noification by FDA that the sfudles may begin.I aiso agree nol to begin or continue clinical i""]"
validation,1953,1953.png,1953_0,What does the figure show?,"Washington DC, Non-Profit District of Columbia",lookup,Answered using the figure's extracted description text.,[1],"[""Washington DC, Non-Profit District of Columbia""]"
validation,1954,1954.png,1954_0,What does the figure show?,"Washington DC, Non-Profit District of Columbia",lookup,Answered using the figure's extracted description text.,[1],"[""Washington DC, Non-Profit District of Columbia""]"
validation,1955,1955.png,1955_0,What does the figure show?,"Washington DC, Non-Profit District of Columbia",lookup,Answered using the figure's extracted description text.,[1],"[""Washington DC, Non-Profit District of Columbia""]"
validation,1956,1956.png,1956_0,What does the figure show?,"Washington DC, Non-Profit District of Columbia",lookup,Answered using the figure's extracted description text.,[1],"[""Washington DC, Non-Profit District of Columbia""]"
validation,1957,1957.png,1957_0,What does the figure show?,"Washington DC, Non-Profit District of Columbia",lookup,Answered using the figure's extracted description text.,[1],"[""Washington DC, Non-Profit District of Columbia""]"
validation,1958,1958.png,1958_0,What does the figure show?,"Washington DC, Non-Profit District of Columbia",lookup,Answered using the figure's extracted description text.,[1],"[""Washington DC, Non-Profit District of Columbia""]"
validation,1959,1959.png,1959_0,What does the figure show?,"Washington DC, Non-Profit District of Columbia",lookup,Answered using the figure's extracted description text.,[1],"[""Washington DC, Non-Profit District of Columbia""]"
validation,1960,1960.png,1960_0,What does the figure show?,"Washington DC, Non-Profit District of Columbia",lookup,Answered using the figure's extracted description text.,[1],"[""Washington DC, Non-Profit District of Columbia""]"
validation,1961,1961.png,1961_0,What does the figure show?,"Washington DC, Non-Profit District of Columbia",lookup,Answered using the figure's extracted description text.,[1],"[""Washington DC, Non-Profit District of Columbia""]"
validation,1972,1972.png,1972_0,What does the figure show?,"Vol. 12 - 24 Doctor, there's some letters after your name. What's",lookup,Answered using the figure's extracted description text.,[1],"[""Vol. 12 - 24 Doctor, there's some letters after your name. What's""]"
validation,1973,1973.png,1973_0,What does the figure show?,"Vol. 12 - 24 Doctor, there's some letters after your name. What's",lookup,Answered using the figure's extracted description text.,[1],"[""Vol. 12 - 24 Doctor, there's some letters after your name. What's""]"
validation,1974,1974.png,1974_0,What does the figure show?,"Vol. 12 - 24 Doctor, there's some letters after your name. What's",lookup,Answered using the figure's extracted description text.,[1],"[""Vol. 12 - 24 Doctor, there's some letters after your name. What's""]"
validation,1978,1978.png,1978_0,What are the column headers in the table?,"Ned McWilliams, Jr., Esq. Christopher Paulos, Esq. Timothy O'Brien, Esq. 316 South Baylen Street, Suite 316 Pensacola,, Florida32502",lookup,The header row contains the table's column names.,[3],"[""Ned McWilliams, Jr., Esq. Christopher Paulos, Esq. Timothy O'Brien, Esq. 316 South Baylen Street, Suite 316 Pensacola, | Florida32502""]"
validation,1978,1978.png,1978_1,How many data rows are in the table (excluding the header)?,0,lookup,Counted the number of non-header rows parsed from the table.,[3],"[""Data rows detected: 0""]"
validation,1979,1979.png,1979_0,What are the column headers in the table?,"Ned McWilliams, Jr., Esq. Christopher Paulos, Esq. Timothy O'Brien, Esq. 316 South Baylen Street, Suite 316 Pensacola,, Florida32502",lookup,The header row contains the table's column names.,[3],"[""Ned McWilliams, Jr., Esq. Christopher Paulos, Esq. Timothy O'Brien, Esq. 316 South Baylen Street, Suite 316 Pensacola, | Florida32502""]"
validation,1979,1979.png,1979_1,How many data rows are in the table (excluding the header)?,0,lookup,Counted the number of non-header rows parsed from the table.,[3],"[""Data rows detected: 0""]"
validation,1982,1982.png,1982_0,What does the figure show?,Vol. 12 - 52 A. Yes. Study directors are always useful at meetings like,lookup,Answered using the figure's extracted description text.,[1],"[""Vol. 12 - 52 A. Yes. Study directors are always useful at meetings like""]"
validation,1983,1983.png,1983_0,What does the figure show?,Vol. 12 - 52 A. Yes. Study directors are always useful at meetings like,lookup,Answered using the figure's extracted description text.,[1],"[""Vol. 12 - 52 A. Yes. Study directors are always useful at meetings like""]"
validation,1984,1984.png,1984_0,What does the figure show?,A. No.,lookup,Answered using the figure's extracted description text.,[0],"[""A. No.""]"
validation,1985,1985.png,1985_0,What does the figure show?,A. No.,lookup,Answered using the figure's extracted description text.,[0],"[""A. No.""]"
validation,2006,2006.png,2006_0,What is the main topic or content discussed in this section?,"In these days of artificial sweeteners and fad diets, you may have some trouble thinking of ordinary sugar as a key to weight control. But that's exactly what sugar can...",comprehension,Summarized the main content from the text region.,[0],"[""In these days of artificial sweeteners and fad diets, you may have some trouble thinking of ordinary sugar as a key to weight control. But that's exactly what sugar can beto you when you understand ho""]"
validation,2007,2007.png,2007_0,What is the main topic or content discussed in this section?,"In these days of artificial sweeteners and fad diets, you may have some trouble thinking of ordinary sugar as a key to weight control. But that's exactly what sugar can...",comprehension,Summarized the main content from the text region.,[0],"[""In these days of artificial sweeteners and fad diets, you may have some trouble thinking of ordinary sugar as a key to weight control. But that's exactly what sugar can beto you when you understand ho""]"
validation,2008,2008.png,2008_0,What is the main topic or content discussed in this section?,"In these days of artificial sweeteners and fad diets, you may have some trouble thinking of ordinary sugar as a key to weight control. But that's exactly what sugar can...",comprehension,Summarized the main content from the text region.,[0],"[""In these days of artificial sweeteners and fad diets, you may have some trouble thinking of ordinary sugar as a key to weight control. But that's exactly what sugar can beto you when you understand ho""]"
validation,20741,20741.png,20741_0,What does the figure show?,Mr.R.V.K.M.SuryaraU Mr.A.Basu AirChiefMarshalI.H.LatifP.V.S.M.(Retd）,lookup,Answered using the figure's extracted description text.,[7],"[""Mr.R.V.K.M.SuryaraU Mr.A.Basu AirChiefMarshalI.H.LatifP.V.S.M.(Retd）""]"
validation,20741,20741.png,20741_1,What is the main topic or content discussed in this section?,"iii. None of the Directors on the Board is a member of more than ten committees or a chairman of more than five such committees, across all the Companies in...",comprehension,Summarized the main content from the text region.,[2],"[""iii. None of the Directors on the Board is a member of more than ten committees or a chairman of more than five such committees, across all the Companies in which he is a director as required under Cl""]"
validation,21061,21061.png,21061_0,What is the main topic or content discussed in this section?,"WHEREAS The late Barbara Shiflet served faithfully and conscientiously, with grace and good humor, as Assistant Secretary of the Board of Trustees of Helen Keller International for the past six...",comprehension,Summarized the main content from the text region.,[1],"[""WHEREAS The late Barbara Shiflet served faithfully and conscientiously, with grace and good humor, as Assistant Secretary of the Board of Trustees of Helen Keller International for the past six and on""]"
validation,21063,21063.png,21063_0,What does the figure show?,Education(Beginwith baccalaureatetraining and includepostdoctoral) YEAR CONFERRED 1963 1971 1975,lookup,Answered using the figure's extracted description text.,[0],"[""Education(Beginwith baccalaureatetraining and includepostdoctoral) YEAR CONFERRED 1963 1971 1975""]"
validation,21063,21063.png,21063_1,What are the column headers in the table?,"Education(Beginwith baccalaureatetraining and includepostdoctoral) YEAR CONFERRED 1963 1971, 1975",lookup,The header row contains the table's column names.,[1],"[""Education(Beginwith baccalaureatetraining and includepostdoctoral) YEAR CONFERRED 1963 1971 | 1975""]"
validation,21063,21063.png,21063_2,How many data rows are in the table (excluding the header)?,0,lookup,Counted the number of non-header rows parsed from the table.,[1],"[""Data rows detected: 0""]"
validation,21064,21064.png,21064_0,What does the figure show?,Education(Beginwith baccalaureatetraining and includepostdoctoral) YEAR CONFERRED 1963 1971 1975,lookup,Answered using the figure's extracted description text.,[0],"[""Education(Beginwith baccalaureatetraining and includepostdoctoral) YEAR CONFERRED 1963 1971 1975""]"
validation,21064,21064.png,21064_1,What are the column headers in the table?,"Education(Beginwith baccalaureatetraining and includepostdoctoral) YEAR CONFERRED 1963 1971, 1975",lookup,The header row contains the table's column names.,[1],"[""Education(Beginwith baccalaureatetraining and includepostdoctoral) YEAR CONFERRED 1963 1971 | 1975""]"
validation,21064,21064.png,21064_2,How many data rows are in the table (excluding the header)?,0,lookup,Counted the number of non-header rows parsed from the table.,[1],"[""Data rows detected: 0""]"
validation,21067,21067.png,21067_0,What is the main topic or content discussed in this section?,"WHEREAS The late Barbara Shiflet served faithfully and conscientiously, with grace and good humor, as Assistant Secretary of the Board of Trustees of Helen Keller International for the past six...",comprehension,Summarized the main content from the text region.,[1],"[""WHEREAS The late Barbara Shiflet served faithfully and conscientiously, with grace and good humor, as Assistant Secretary of the Board of Trustees of Helen Keller International for the past six and on""]"
validation,21068,21068.png,21068_0,What does the figure show?,Education(Beginwith baccalaureatetraining and includepostdoctoral) YEAR CONFERRED 1963 1971 1975,lookup,Answered using the figure's extracted description text.,[0],"[""Education(Beginwith baccalaureatetraining and includepostdoctoral) YEAR CONFERRED 1963 1971 1975""]"
validation,21068,21068.png,21068_1,What are the column headers in the table?,"Education(Beginwith baccalaureatetraining and includepostdoctoral) YEAR CONFERRED 1963 1971, 1975",lookup,The header row contains the table's column names.,[1],"[""Education(Beginwith baccalaureatetraining and includepostdoctoral) YEAR CONFERRED 1963 1971 | 1975""]"
validation,21068,21068.png,21068_2,How many data rows are in the table (excluding the header)?,0,lookup,Counted the number of non-header rows parsed from the table.,[1],"[""Data rows detected: 0""]"
validation,21070,21070.png,21070_0,What is the main topic or content discussed in this section?,"WHEREAS The late Barbara Shiflet served faithfully and conscientiously, with grace and good humor, as Assistant Secretary of the Board of Trustees of Helen Keller International for the past six...",comprehension,Summarized the main content from the text region.,[1],"[""WHEREAS The late Barbara Shiflet served faithfully and conscientiously, with grace and good humor, as Assistant Secretary of the Board of Trustees of Helen Keller International for the past six and on""]"
validation,21121,21121.png,21121_0,What are the column headers in the table?,"CURRENT BUDGET (As approved by awarding unit), (1)",lookup,The header row contains the table's column names.,[2],"[""CURRENT BUDGET (As approved by awarding unit) | (1)""]"
validation,21121,21121.png,21121_1,How many data rows are in the table (excluding the header)?,0,lookup,Counted the number of non-header rows parsed from the table.,[2],"[""Data rows detected: 0""]"
validation,21121,21121.png,21121_2,What is the main topic or content discussed in this section?,Use space belowto: B. List all items of equipment purchased or expected to bepurchasedduring this budget period which have a unitcost of $10oo or more. C.Explainany significant balance or deficit...,comprehension,Summarized the main content from the text region.,[3],"[""Use space belowto: B. List all items of equipment purchased or expected to bepurchasedduring this budget period which have a unitcost of $10oo or more. C.Explainany significant balance or deficit show""]"
validation,21126,21126.png,21126_0,What are the column headers in the table?,"CURRENT BUDGET (As approved by awarding unit), (1)",lookup,The header row contains the table's column names.,[2],"[""CURRENT BUDGET (As approved by awarding unit) | (1)""]"
validation,21126,21126.png,21126_1,How many data rows are in the table (excluding the header)?,0,lookup,Counted the number of non-header rows parsed from the table.,[2],"[""Data rows detected: 0""]"
validation,21126,21126.png,21126_2,What is the main topic or content discussed in this section?,Use space belowto: B. List all items of equipment purchased or expected to bepurchasedduring this budget period which have a unitcost of $10oo or more. C.Explainany significant balance or deficit...,comprehension,Summarized the main content from the text region.,[3],"[""Use space belowto: B. List all items of equipment purchased or expected to bepurchasedduring this budget period which have a unitcost of $10oo or more. C.Explainany significant balance or deficit show""]"
validation,21132,21132.png,21132_0,What are the column headers in the table?,"CURRENT BUDGET (As approved by awarding unit), (1)",lookup,The header row contains the table's column names.,[2],"[""CURRENT BUDGET (As approved by awarding unit) | (1)""]"
validation,21132,21132.png,21132_1,How many data rows are in the table (excluding the header)?,0,lookup,Counted the number of non-header rows parsed from the table.,[2],"[""Data rows detected: 0""]"
validation,21132,21132.png,21132_2,What is the main topic or content discussed in this section?,Use space belowto: B. List all items of equipment purchased or expected to bepurchasedduring this budget period which have a unitcost of $10oo or more. C.Explainany significant balance or deficit...,comprehension,Summarized the main content from the text region.,[3],"[""Use space belowto: B. List all items of equipment purchased or expected to bepurchasedduring this budget period which have a unitcost of $10oo or more. C.Explainany significant balance or deficit show""]"
validation,21209,21209.png,21209_0,What does the figure show?,"362.0 Consultant Fees 15.0 Other - Contrib., Sales, Int., etc. 15.0 Kiewit Foundation Grant 25.0 ee.../SCN Agreement 30.0 Campbell Soup LFE 10% gross sales of ½ million ee.../SCN Research & Dev. Fund",lookup,Answered using the figure's extracted description text.,[1],"[""362.0 Consultant Fees 15.0 Other - Contrib., Sales, Int., etc. 15.0 Kiewit Foundation Grant 25.0 ee.../SCN Agreement 30.0 Campbell Soup LFE 10% gross sales of ½ million ee.../SCN Research & Dev. Fund""]"
validation,21209,21209.png,21209_1,What are the column headers in the table?,"From 20 10 8 25, 5",lookup,The header row contains the table's column names.,[2],"[""From 20 10 8 25 | 5""]"
validation,21209,21209.png,21209_2,How many data rows are in the table (excluding the header)?,0,lookup,Counted the number of non-header rows parsed from the table.,[2],"[""Data rows detected: 0""]"
validation,21211,21211.png,21211_0,What does the figure show?,"362.0 Consultant Fees 15.0 Other - Contrib., Sales, Int., etc. 15.0 Kiewit Foundation Grant 25.0 ee.../SCN Agreement 30.0 Campbell Soup LFE 10% gross sales of ½ million ee.../SCN Research & Dev. Fund",lookup,Answered using the figure's extracted description text.,[1],"[""362.0 Consultant Fees 15.0 Other - Contrib., Sales, Int., etc. 15.0 Kiewit Foundation Grant 25.0 ee.../SCN Agreement 30.0 Campbell Soup LFE 10% gross sales of ½ million ee.../SCN Research & Dev. Fund""]"
validation,21211,21211.png,21211_1,What are the column headers in the table?,"From 20 10 8 25, 5",lookup,The header row contains the table's column names.,[2],"[""From 20 10 8 25 | 5""]"
validation,21211,21211.png,21211_2,How many data rows are in the table (excluding the header)?,0,lookup,Counted the number of non-header rows parsed from the table.,[2],"[""Data rows detected: 0""]"
validation,21212,21212.png,21212_0,What does the figure show?,"362.0 Consultant Fees 15.0 Other - Contrib., Sales, Int., etc. 15.0 Kiewit Foundation Grant 25.0 ee.../SCN Agreement 30.0 Campbell Soup LFE 10% gross sales of ½ million ee.../SCN Research & Dev. Fund",lookup,Answered using the figure's extracted description text.,[1],"[""362.0 Consultant Fees 15.0 Other - Contrib., Sales, Int., etc. 15.0 Kiewit Foundation Grant 25.0 ee.../SCN Agreement 30.0 Campbell Soup LFE 10% gross sales of ½ million ee.../SCN Research & Dev. Fund""]"
validation,21212,21212.png,21212_1,What are the column headers in the table?,"From 20 10 8 25, 5",lookup,The header row contains the table's column names.,[2],"[""From 20 10 8 25 | 5""]"
validation,21212,21212.png,21212_2,How many data rows are in the table (excluding the header)?,0,lookup,Counted the number of non-header rows parsed from the table.,[2],"[""Data rows detected: 0""]"
validation,21213,21213.png,21213_0,What does the figure show?,"362.0 Consultant Fees 15.0 Other - Contrib., Sales, Int., etc. 15.0 Kiewit Foundation Grant 25.0 ee.../SCN Agreement 30.0 Campbell Soup LFE 10% gross sales of ½ million ee.../SCN Research & Dev. Fund",lookup,Answered using the figure's extracted description text.,[1],"[""362.0 Consultant Fees 15.0 Other - Contrib., Sales, Int., etc. 15.0 Kiewit Foundation Grant 25.0 ee.../SCN Agreement 30.0 Campbell Soup LFE 10% gross sales of ½ million ee.../SCN Research & Dev. Fund""]"
validation,21213,21213.png,21213_1,What are the column headers in the table?,"From 20 10 8 25, 5",lookup,The header row contains the table's column names.,[2],"[""From 20 10 8 25 | 5""]"
validation,21213,21213.png,21213_2,How many data rows are in the table (excluding the header)?,0,lookup,Counted the number of non-header rows parsed from the table.,[2],"[""Data rows detected: 0""]"
validation,21294,21294.png,21294_0,What does the figure show?,1.0 259.0,lookup,Answered using the figure's extracted description text.,[1],"[""1.0 259.0""]"
validation,21297,21297.png,21297_0,What does the figure show?,1.0 259.0,lookup,Answered using the figure's extracted description text.,[1],"[""1.0 259.0""]"
validation,21300,21300.png,21300_0,What does the figure show?,1.0 259.0,lookup,Answered using the figure's extracted description text.,[1],"[""1.0 259.0""]"
validation,21303,21303.png,21303_0,What does the figure show?,1.0 259.0,lookup,Answered using the figure's extracted description text.,[1],"[""1.0 259.0""]"
validation,21306,21306.png,21306_0,What does the figure show?,1.0 259.0,lookup,Answered using the figure's extracted description text.,[1],"[""1.0 259.0""]"
validation,2143,2143.png,2143_0,What does the figure show?,"Summaryof Yield, Sucrose, Purity and Recoverable Sugar Data from Six Nitrogen Rate X Variety Tests - 1973 Nitrogen Rate (Ib N/A) 100 50 Yield (T/A) 20.1 18.2 18.2 17.4 19.4 18.5 18.2 17.0 20.5 19.5 19",lookup,Answered using the figure's extracted description text.,[0],"[""Summaryof Yield, Sucrose, Purity and Recoverable Sugar Data from Six Nitrogen Rate X Variety Tests - 1973 Nitrogen Rate (Ib N/A) 100 50 Yield (T/A) 20.1 18.2 18.2 17.4 19.4 18.5 18.2 17.0 20.5 19.5 19""]"
validation,2143,2143.png,2143_1,What are the column headers in the table?,"Summaryof Yield, Sucrose, Purity and Recoverable Sugar Data from Six Nitrogen Rate X Variety Tests - 1973 Nitrogen Rate (Ib N/A) 100 50 Yield (T/A) 20.1 18.2 18.2 17.4 19.4 18.5 18.2 17.0 20.5 19.5, 19",lookup,The header row contains the table's column names.,[1],"[""Summaryof Yield, Sucrose, Purity and Recoverable Sugar Data from Six Nitrogen Rate X Variety Tests - 1973 Nitrogen Rate (Ib N/A) 100 50 Yield (T/A) 20.1 18.2 18.2 17.4 19.4 18.5 18.2 17.0 20.5 19.5 | 19""]"
validation,2143,2143.png,2143_2,How many data rows are in the table (excluding the header)?,0,lookup,Counted the number of non-header rows parsed from the table.,[1],"[""Data rows detected: 0""]"
validation,2144,2144.png,2144_0,What does the figure show?,"Summaryof Yield, Sucrose, Purity and Recoverable Sugar Data from Six Nitrogen Rate X Variety Tests - 1973 Nitrogen Rate (Ib N/A) 100 50 Yield (T/A) 20.1 18.2 18.2 17.4 19.4 18.5 18.2 17.0 20.5 19.5 19",lookup,Answered using the figure's extracted description text.,[0],"[""Summaryof Yield, Sucrose, Purity and Recoverable Sugar Data from Six Nitrogen Rate X Variety Tests - 1973 Nitrogen Rate (Ib N/A) 100 50 Yield (T/A) 20.1 18.2 18.2 17.4 19.4 18.5 18.2 17.0 20.5 19.5 19""]"
validation,2144,2144.png,2144_1,What are the column headers in the table?,"Summaryof Yield, Sucrose, Purity and Recoverable Sugar Data from Six Nitrogen Rate X Variety Tests - 1973 Nitrogen Rate (Ib N/A) 100 50 Yield (T/A) 20.1 18.2 18.2 17.4 19.4 18.5 18.2 17.0 20.5 19.5, 19",lookup,The header row contains the table's column names.,[1],"[""Summaryof Yield, Sucrose, Purity and Recoverable Sugar Data from Six Nitrogen Rate X Variety Tests - 1973 Nitrogen Rate (Ib N/A) 100 50 Yield (T/A) 20.1 18.2 18.2 17.4 19.4 18.5 18.2 17.0 20.5 19.5 | 19""]"
validation,2144,2144.png,2144_2,How many data rows are in the table (excluding the header)?,0,lookup,Counted the number of non-header rows parsed from the table.,[1],"[""Data rows detected: 0""]"
validation,2145,2145.png,2145_0,What does the figure show?,"Summaryof Yield, Sucrose, Purity and Recoverable Sugar Data from Six Nitrogen Rate X Variety Tests - 1973 Nitrogen Rate (Ib N/A) 100 50 Yield (T/A) 20.1 18.2 18.2 17.4 19.4 18.5 18.2 17.0 20.5 19.5 19",lookup,Answered using the figure's extracted description text.,[0],"[""Summaryof Yield, Sucrose, Purity and Recoverable Sugar Data from Six Nitrogen Rate X Variety Tests - 1973 Nitrogen Rate (Ib N/A) 100 50 Yield (T/A) 20.1 18.2 18.2 17.4 19.4 18.5 18.2 17.0 20.5 19.5 19""]"
validation,2145,2145.png,2145_1,What are the column headers in the table?,"Summaryof Yield, Sucrose, Purity and Recoverable Sugar Data from Six Nitrogen Rate X Variety Tests - 1973 Nitrogen Rate (Ib N/A) 100 50 Yield (T/A) 20.1 18.2 18.2 17.4 19.4 18.5 18.2 17.0 20.5 19.5, 19",lookup,The header row contains the table's column names.,[1],"[""Summaryof Yield, Sucrose, Purity and Recoverable Sugar Data from Six Nitrogen Rate X Variety Tests - 1973 Nitrogen Rate (Ib N/A) 100 50 Yield (T/A) 20.1 18.2 18.2 17.4 19.4 18.5 18.2 17.0 20.5 19.5 | 19""]"
validation,2145,2145.png,2145_2,How many data rows are in the table (excluding the header)?,0,lookup,Counted the number of non-header rows parsed from the table.,[1],"[""Data rows detected: 0""]"
validation,2146,2146.png,2146_0,What does the figure show?,"Summaryof Yield, Sucrose, Purity and Recoverable Sugar Data from Six Nitrogen Rate X Variety Tests - 1973 Nitrogen Rate (Ib N/A) 100 50 Yield (T/A) 20.1 18.2 18.2 17.4 19.4 18.5 18.2 17.0 20.5 19.5 19",lookup,Answered using the figure's extracted description text.,[0],"[""Summaryof Yield, Sucrose, Purity and Recoverable Sugar Data from Six Nitrogen Rate X Variety Tests - 1973 Nitrogen Rate (Ib N/A) 100 50 Yield (T/A) 20.1 18.2 18.2 17.4 19.4 18.5 18.2 17.0 20.5 19.5 19""]"
validation,2146,2146.png,2146_1,What are the column headers in the table?,"Summaryof Yield, Sucrose, Purity and Recoverable Sugar Data from Six Nitrogen Rate X Variety Tests - 1973 Nitrogen Rate (Ib N/A) 100 50 Yield (T/A) 20.1 18.2 18.2 17.4 19.4 18.5 18.2 17.0 20.5 19.5, 19",lookup,The header row contains the table's column names.,[1],"[""Summaryof Yield, Sucrose, Purity and Recoverable Sugar Data from Six Nitrogen Rate X Variety Tests - 1973 Nitrogen Rate (Ib N/A) 100 50 Yield (T/A) 20.1 18.2 18.2 17.4 19.4 18.5 18.2 17.0 20.5 19.5 | 19""]"
validation,2146,2146.png,2146_2,How many data rows are in the table (excluding the header)?,0,lookup,Counted the number of non-header rows parsed from the table.,[1],"[""Data rows detected: 0""]"
validation,21520,21520.png,21520_0,What are the column headers in the table?,"FORM 011-370—100M—11-69PADS100 DATE July 21 1975 To Lany Me Shee FROM Bisghta REMARKS sIs this your Dept ?, Sourcehups//www.industrydocumentsucsfedu/docs/npjk26",lookup,The header row contains the table's column names.,[0],"[""FORM 011-370—100M—11-69PADS100 DATE July 21 1975 To Lany Me Shee FROM Bisghta REMARKS sIs this your Dept ? | Sourcehups//www.industrydocumentsucsfedu/docs/npjk26""]"
validation,21520,21520.png,21520_1,How many data rows are in the table (excluding the header)?,0,lookup,Counted the number of non-header rows parsed from the table.,[0],"[""Data rows detected: 0""]"
validation,21699,21699.png,21699_0,What are the column headers in the table?,"$117,047 29,928 18,559 10,596 9,345 9,154 8,399 7,442 7,000 6,459 4,536 4,416 2,958, -0-",lookup,The header row contains the table's column names.,[1],"[""$117,047 29,928 18,559 10,596 9,345 9,154 8,399 7,442 7,000 6,459 4,536 4,416 2,958 | -0-""]"
validation,21699,21699.png,21699_1,How many data rows are in the table (excluding the header)?,0,lookup,Counted the number of non-header rows parsed from the table.,[1],"[""Data rows detected: 0""]"
validation,21700,21700.png,21700_0,What are the column headers in the table?,"$117,047 29,928 18,559 10,596 9,345 9,154 8,399 7,442 7,000 6,459 4,536 4,416 2,958, -0-",lookup,The header row contains the table's column names.,[1],"[""$117,047 29,928 18,559 10,596 9,345 9,154 8,399 7,442 7,000 6,459 4,536 4,416 2,958 | -0-""]"
validation,21700,21700.png,21700_1,How many data rows are in the table (excluding the header)?,0,lookup,Counted the number of non-header rows parsed from the table.,[1],"[""Data rows detected: 0""]"
validation,21702,21702.png,21702_0,What are the column headers in the table?,"$117,047 29,928 18,559 10,596 9,345 9,154 8,399 7,442 7,000 6,459 4,536 4,416 2,958, -0-",lookup,The header row contains the table's column names.,[1],"[""$117,047 29,928 18,559 10,596 9,345 9,154 8,399 7,442 7,000 6,459 4,536 4,416 2,958 | -0-""]"
validation,21702,21702.png,21702_1,How many data rows are in the table (excluding the header)?,0,lookup,Counted the number of non-header rows parsed from the table.,[1],"[""Data rows detected: 0""]"
validation,21703,21703.png,21703_0,What are the column headers in the table?,"$117,047 29,928 18,559 10,596 9,345 9,154 8,399 7,442 7,000 6,459 4,536 4,416 2,958, -0-",lookup,The header row contains the table's column names.,[1],"[""$117,047 29,928 18,559 10,596 9,345 9,154 8,399 7,442 7,000 6,459 4,536 4,416 2,958 | -0-""]"
validation,21703,21703.png,21703_1,How many data rows are in the table (excluding the header)?,0,lookup,Counted the number of non-header rows parsed from the table.,[1],"[""Data rows detected: 0""]"
validation,21704,21704.png,21704_0,What are the column headers in the table?,"$117,047 29,928 18,559 10,596 9,345 9,154 8,399 7,442 7,000 6,459 4,536 4,416 2,958, -0-",lookup,The header row contains the table's column names.,[1],"[""$117,047 29,928 18,559 10,596 9,345 9,154 8,399 7,442 7,000 6,459 4,536 4,416 2,958 | -0-""]"
validation,21704,21704.png,21704_1,How many data rows are in the table (excluding the header)?,0,lookup,Counted the number of non-header rows parsed from the table.,[1],"[""Data rows detected: 0""]"
validation,21705,21705.png,21705_0,What are the column headers in the table?,"$117,047 29,928 18,559 10,596 9,345 9,154 8,399 7,442 7,000 6,459 4,536 4,416 2,958, -0-",lookup,The header row contains the table's column names.,[1],"[""$117,047 29,928 18,559 10,596 9,345 9,154 8,399 7,442 7,000 6,459 4,536 4,416 2,958 | -0-""]"
validation,21705,21705.png,21705_1,How many data rows are in the table (excluding the header)?,0,lookup,Counted the number of non-header rows parsed from the table.,[1],"[""Data rows detected: 0""]"
validation,21707,21707.png,21707_0,What are the column headers in the table?,"$117,047 29,928 18,559 10,596 9,345 9,154 8,399 7,442 7,000 6,459 4,536 4,416 2,958, -0-",lookup,The header row contains the table's column names.,[1],"[""$117,047 29,928 18,559 10,596 9,345 9,154 8,399 7,442 7,000 6,459 4,536 4,416 2,958 | -0-""]"
validation,21707,21707.png,21707_1,How many data rows are in the table (excluding the header)?,0,lookup,Counted the number of non-header rows parsed from the table.,[1],"[""Data rows detected: 0""]"
validation,21708,21708.png,21708_0,What are the column headers in the table?,"$117,047 29,928 18,559 10,596 9,345 9,154 8,399 7,442 7,000 6,459 4,536 4,416 2,958, -0-",lookup,The header row contains the table's column names.,[1],"[""$117,047 29,928 18,559 10,596 9,345 9,154 8,399 7,442 7,000 6,459 4,536 4,416 2,958 | -0-""]"
validation,21708,21708.png,21708_1,How many data rows are in the table (excluding the header)?,0,lookup,Counted the number of non-header rows parsed from the table.,[1],"[""Data rows detected: 0""]"
validation,21710,21710.png,21710_0,What are the column headers in the table?,"$117,047 29,928 18,559 10,596 9,345 9,154 8,399 7,442 7,000 6,459 4,536 4,416 2,958, -0-",lookup,The header row contains the table's column names.,[1],"[""$117,047 29,928 18,559 10,596 9,345 9,154 8,399 7,442 7,000 6,459 4,536 4,416 2,958 | -0-""]"
validation,21710,21710.png,21710_1,How many data rows are in the table (excluding the header)?,0,lookup,Counted the number of non-header rows parsed from the table.,[1],"[""Data rows detected: 0""]"
validation,21711,21711.png,21711_0,What are the column headers in the table?,"$117,047 29,928 18,559 10,596 9,345 9,154 8,399 7,442 7,000 6,459 4,536 4,416 2,958, -0-",lookup,The header row contains the table's column names.,[1],"[""$117,047 29,928 18,559 10,596 9,345 9,154 8,399 7,442 7,000 6,459 4,536 4,416 2,958 | -0-""]"
validation,21711,21711.png,21711_1,How many data rows are in the table (excluding the header)?,0,lookup,Counted the number of non-header rows parsed from the table.,[1],"[""Data rows detected: 0""]"
validation,2175,2175.png,2175_0,What does the figure show?,"Summaryof Yield, Sucrose, Purity and Recoverable Sugar Data from Six Nitrogen Rate X Variety Tests - 1973 Nitrogen Rate (Ib N/A) 100 50 Yield (T/A) 20.1 18.2 18.2 17.4 19.4 18.5 18.2 17.0 20.5 19.5 19",lookup,Answered using the figure's extracted description text.,[0],"[""Summaryof Yield, Sucrose, Purity and Recoverable Sugar Data from Six Nitrogen Rate X Variety Tests - 1973 Nitrogen Rate (Ib N/A) 100 50 Yield (T/A) 20.1 18.2 18.2 17.4 19.4 18.5 18.2 17.0 20.5 19.5 19""]"
validation,2175,2175.png,2175_1,What are the column headers in the table?,"Summaryof Yield, Sucrose, Purity and Recoverable Sugar Data from Six Nitrogen Rate X Variety Tests - 1973 Nitrogen Rate (Ib N/A) 100 50 Yield (T/A) 20.1 18.2 18.2 17.4 19.4 18.5 18.2 17.0 20.5 19.5, 19",lookup,The header row contains the table's column names.,[1],"[""Summaryof Yield, Sucrose, Purity and Recoverable Sugar Data from Six Nitrogen Rate X Variety Tests - 1973 Nitrogen Rate (Ib N/A) 100 50 Yield (T/A) 20.1 18.2 18.2 17.4 19.4 18.5 18.2 17.0 20.5 19.5 | 19""]"
validation,2175,2175.png,2175_2,How many data rows are in the table (excluding the header)?,0,lookup,Counted the number of non-header rows parsed from the table.,[1],"[""Data rows detected: 0""]"
validation,2176,2176.png,2176_0,What does the figure show?,"Summaryof Yield, Sucrose, Purity and Recoverable Sugar Data from Six Nitrogen Rate X Variety Tests - 1973 Nitrogen Rate (Ib N/A) 100 50 Yield (T/A) 20.1 18.2 18.2 17.4 19.4 18.5 18.2 17.0 20.5 19.5 19",lookup,Answered using the figure's extracted description text.,[0],"[""Summaryof Yield, Sucrose, Purity and Recoverable Sugar Data from Six Nitrogen Rate X Variety Tests - 1973 Nitrogen Rate (Ib N/A) 100 50 Yield (T/A) 20.1 18.2 18.2 17.4 19.4 18.5 18.2 17.0 20.5 19.5 19""]"
validation,2176,2176.png,2176_1,What are the column headers in the table?,"Summaryof Yield, Sucrose, Purity and Recoverable Sugar Data from Six Nitrogen Rate X Variety Tests - 1973 Nitrogen Rate (Ib N/A) 100 50 Yield (T/A) 20.1 18.2 18.2 17.4 19.4 18.5 18.2 17.0 20.5 19.5, 19",lookup,The header row contains the table's column names.,[1],"[""Summaryof Yield, Sucrose, Purity and Recoverable Sugar Data from Six Nitrogen Rate X Variety Tests - 1973 Nitrogen Rate (Ib N/A) 100 50 Yield (T/A) 20.1 18.2 18.2 17.4 19.4 18.5 18.2 17.0 20.5 19.5 | 19""]"
validation,2176,2176.png,2176_2,How many data rows are in the table (excluding the header)?,0,lookup,Counted the number of non-header rows parsed from the table.,[1],"[""Data rows detected: 0""]"
validation,2177,2177.png,2177_0,What does the figure show?,"Summaryof Yield, Sucrose, Purity and Recoverable Sugar Data from Six Nitrogen Rate X Variety Tests - 1973 Nitrogen Rate (Ib N/A) 100 50 Yield (T/A) 20.1 18.2 18.2 17.4 19.4 18.5 18.2 17.0 20.5 19.5 19",lookup,Answered using the figure's extracted description text.,[0],"[""Summaryof Yield, Sucrose, Purity and Recoverable Sugar Data from Six Nitrogen Rate X Variety Tests - 1973 Nitrogen Rate (Ib N/A) 100 50 Yield (T/A) 20.1 18.2 18.2 17.4 19.4 18.5 18.2 17.0 20.5 19.5 19""]"
validation,2177,2177.png,2177_1,What are the column headers in the table?,"Summaryof Yield, Sucrose, Purity and Recoverable Sugar Data from Six Nitrogen Rate X Variety Tests - 1973 Nitrogen Rate (Ib N/A) 100 50 Yield (T/A) 20.1 18.2 18.2 17.4 19.4 18.5 18.2 17.0 20.5 19.5, 19",lookup,The header row contains the table's column names.,[1],"[""Summaryof Yield, Sucrose, Purity and Recoverable Sugar Data from Six Nitrogen Rate X Variety Tests - 1973 Nitrogen Rate (Ib N/A) 100 50 Yield (T/A) 20.1 18.2 18.2 17.4 19.4 18.5 18.2 17.0 20.5 19.5 | 19""]"
validation,2177,2177.png,2177_2,How many data rows are in the table (excluding the header)?,0,lookup,Counted the number of non-header rows parsed from the table.,[1],"[""Data rows detected: 0""]"
validation,2192,2192.png,2192_0,What does the figure show?,4.3-78 DATE INVOICE NO. 4429,lookup,Answered using the figure's extracted description text.,[1],"[""4.3-78 DATE INVOICE NO. 4429""]"
validation,2192,2192.png,2192_1,What are the column headers in the table?,"To Sat Westrr Uriten lp. The Luga Belg. J 1530 1生t. Berie, C, 80202",lookup,The header row contains the table's column names.,[2],"[""To Sat Westrr Uriten lp. The Luga Belg. J 1530 1生t. Berie, C | 80202""]"
validation,2192,2192.png,2192_2,How many data rows are in the table (excluding the header)?,0,lookup,Counted the number of non-header rows parsed from the table.,[2],"[""Data rows detected: 0""]"
validation,2193,2193.png,2193_0,What does the figure show?,4.3-78 DATE INVOICE NO. 4429,lookup,Answered using the figure's extracted description text.,[1],"[""4.3-78 DATE INVOICE NO. 4429""]"
validation,2193,2193.png,2193_1,What are the column headers in the table?,"To Sat Westrr Uriten lp. The Luga Belg. J 1530 1生t. Berie, C, 80202",lookup,The header row contains the table's column names.,[2],"[""To Sat Westrr Uriten lp. The Luga Belg. J 1530 1生t. Berie, C | 80202""]"
validation,2193,2193.png,2193_2,How many data rows are in the table (excluding the header)?,0,lookup,Counted the number of non-header rows parsed from the table.,[2],"[""Data rows detected: 0""]"
validation,2199,2199.png,2199_0,What does the figure show?,4.3-78 DATE INVOICE NO. 4429,lookup,Answered using the figure's extracted description text.,[1],"[""4.3-78 DATE INVOICE NO. 4429""]"
validation,2199,2199.png,2199_1,What are the column headers in the table?,"To Sat Westrr Uriten lp. The Luga Belg. J 1530 1生t. Berie, C, 80202",lookup,The header row contains the table's column names.,[2],"[""To Sat Westrr Uriten lp. The Luga Belg. J 1530 1生t. Berie, C | 80202""]"
validation,2199,2199.png,2199_2,How many data rows are in the table (excluding the header)?,0,lookup,Counted the number of non-header rows parsed from the table.,[2],"[""Data rows detected: 0""]"
validation,2202,2202.png,2202_0,What are the column headers in the table?,"AF 015 UA 161 FL 599 FL 599 co 142 co 751 RW, 683",lookup,The header row contains the table's column names.,[1],"[""AF 015 UA 161 FL 599 FL 599 co 142 co 751 RW | 683""]"
validation,2202,2202.png,2202_1,How many data rows are in the table (excluding the header)?,0,lookup,Counted the number of non-header rows parsed from the table.,[1],"[""Data rows detected: 0""]"
validation,2202,2202.png,2202_2,What does the figure show?,12.00 Saturday 2rd May 11.00 Monday 5th may 12.28 Thursday y 8th May 15.20 Thursday 8th May 08.15 Saturday 10th May 10.13 Saturday 10th May 12.20 Tuesday 13th May Tuesday 13th may - 12.40 Thursday 15t,lookup,Answered using the figure's extracted description text.,[2],"[""12.00 Saturday 2rd May 11.00 Monday 5th may 12.28 Thursday y 8th May 15.20 Thursday 8th May 08.15 Saturday 10th May 10.13 Saturday 10th May 12.20 Tuesday 13th May Tuesday 13th may - 12.40 Thursday 15t""]"
validation,2203,2203.png,2203_0,What are the column headers in the table?,"AF 015 UA 161 FL 599 FL 599 co 142 co 751 RW, 683",lookup,The header row contains the table's column names.,[1],"[""AF 015 UA 161 FL 599 FL 599 co 142 co 751 RW | 683""]"
validation,2203,2203.png,2203_1,How many data rows are in the table (excluding the header)?,0,lookup,Counted the number of non-header rows parsed from the table.,[1],"[""Data rows detected: 0""]"
validation,2203,2203.png,2203_2,What does the figure show?,12.00 Saturday 2rd May 11.00 Monday 5th may 12.28 Thursday y 8th May 15.20 Thursday 8th May 08.15 Saturday 10th May 10.13 Saturday 10th May 12.20 Tuesday 13th May Tuesday 13th may - 12.40 Thursday 15t,lookup,Answered using the figure's extracted description text.,[2],"[""12.00 Saturday 2rd May 11.00 Monday 5th may 12.28 Thursday y 8th May 15.20 Thursday 8th May 08.15 Saturday 10th May 10.13 Saturday 10th May 12.20 Tuesday 13th May Tuesday 13th may - 12.40 Thursday 15t""]"
validation,2205,2205.png,2205_0,What are the column headers in the table?,"AF 015 UA 161 FL 599 FL 599 co 142 co 751 RW, 683",lookup,The header row contains the table's column names.,[1],"[""AF 015 UA 161 FL 599 FL 599 co 142 co 751 RW | 683""]"
validation,2205,2205.png,2205_1,How many data rows are in the table (excluding the header)?,0,lookup,Counted the number of non-header rows parsed from the table.,[1],"[""Data rows detected: 0""]"
validation,2205,2205.png,2205_2,What does the figure show?,12.00 Saturday 2rd May 11.00 Monday 5th may 12.28 Thursday y 8th May 15.20 Thursday 8th May 08.15 Saturday 10th May 10.13 Saturday 10th May 12.20 Tuesday 13th May Tuesday 13th may - 12.40 Thursday 15t,lookup,Answered using the figure's extracted description text.,[2],"[""12.00 Saturday 2rd May 11.00 Monday 5th may 12.28 Thursday y 8th May 15.20 Thursday 8th May 08.15 Saturday 10th May 10.13 Saturday 10th May 12.20 Tuesday 13th May Tuesday 13th may - 12.40 Thursday 15t""]"
validation,22076,22076.png,22076_0,What does the figure show?,APPLICATION FOR ADMISSION School of Epidemiology PuDic MAY171976 Hedith 5,lookup,Answered using the figure's extracted description text.,[0],"[""APPLICATION FOR ADMISSION School of Epidemiology PuDic MAY171976 Hedith 5""]"
validation,22076,22076.png,22076_1,What are the column headers in the table?,"11. Teaching Activities School or Agency Faculry of Medicine Nurses Schools 12. College,University, and Professional Education ' Year Degree Major School Hygiene,Bacteriology M.Di spesiolity, 1974-1972",lookup,The header row contains the table's column names.,[5],"[""11. Teaching Activities School or Agency Faculry of Medicine Nurses Schools 12. College,University, and Professional Education ' Year Degree Major School Hygiene,Bacteriology M.Di spesiolity | 1974-1972""]"
validation,22076,22076.png,22076_2,How many data rows are in the table (excluding the header)?,0,lookup,Counted the number of non-header rows parsed from the table.,[5],"[""Data rows detected: 0""]"
validation,22078,22078.png,22078_0,What does the figure show?,APPLICATION FOR ADMISSION School of Epidemiology PuDic MAY171976 Hedith 5,lookup,Answered using the figure's extracted description text.,[0],"[""APPLICATION FOR ADMISSION School of Epidemiology PuDic MAY171976 Hedith 5""]"
validation,22078,22078.png,22078_1,What are the column headers in the table?,"11. Teaching Activities School or Agency Faculry of Medicine Nurses Schools 12. College,University, and Professional Education ' Year Degree Major School Hygiene,Bacteriology M.Di spesiolity, 1974-1972",lookup,The header row contains the table's column names.,[5],"[""11. Teaching Activities School or Agency Faculry of Medicine Nurses Schools 12. College,University, and Professional Education ' Year Degree Major School Hygiene,Bacteriology M.Di spesiolity | 1974-1972""]"
validation,22078,22078.png,22078_2,How many data rows are in the table (excluding the header)?,0,lookup,Counted the number of non-header rows parsed from the table.,[5],"[""Data rows detected: 0""]"
validation,2208,2208.png,2208_0,What are the column headers in the table?,"AF 015 UA 161 FL 599 FL 599 co 142 co 751 RW, 683",lookup,The header row contains the table's column names.,[1],"[""AF 015 UA 161 FL 599 FL 599 co 142 co 751 RW | 683""]"
validation,2208,2208.png,2208_1,How many data rows are in the table (excluding the header)?,0,lookup,Counted the number of non-header rows parsed from the table.,[1],"[""Data rows detected: 0""]"
validation,2208,2208.png,2208_2,What does the figure show?,12.00 Saturday 2rd May 11.00 Monday 5th may 12.28 Thursday y 8th May 15.20 Thursday 8th May 08.15 Saturday 10th May 10.13 Saturday 10th May 12.20 Tuesday 13th May Tuesday 13th may - 12.40 Thursday 15t,lookup,Answered using the figure's extracted description text.,[2],"[""12.00 Saturday 2rd May 11.00 Monday 5th may 12.28 Thursday y 8th May 15.20 Thursday 8th May 08.15 Saturday 10th May 10.13 Saturday 10th May 12.20 Tuesday 13th May Tuesday 13th may - 12.40 Thursday 15t""]"
validation,22080,22080.png,22080_0,What are the column headers in the table?,"APCOA DIVISION UT CONSUMER SERVICES CORP LAGUARDIA AIRPORT RO0M 3780 FLUSHING.NEW YORK11371 PHONE, (212)429-5380",lookup,The header row contains the table's column names.,[1],"[""APCOA DIVISION UT CONSUMER SERVICES CORP LAGUARDIA AIRPORT RO0M 3780 FLUSHING.NEW YORK11371 PHONE | (212)429-5380""]"
validation,22080,22080.png,22080_1,How many data rows are in the table (excluding the header)?,0,lookup,Counted the number of non-header rows parsed from the table.,[1],"[""Data rows detected: 0""]"
validation,22082,22082.png,22082_0,What are the column headers in the table?,"APCOA DIVISION UT CONSUMER SERVICES CORP LAGUARDIA AIRPORT RO0M 3780 FLUSHING.NEW YORK11371 PHONE, (212)429-5380",lookup,The header row contains the table's column names.,[1],"[""APCOA DIVISION UT CONSUMER SERVICES CORP LAGUARDIA AIRPORT RO0M 3780 FLUSHING.NEW YORK11371 PHONE | (212)429-5380""]"
validation,22082,22082.png,22082_1,How many data rows are in the table (excluding the header)?,0,lookup,Counted the number of non-header rows parsed from the table.,[1],"[""Data rows detected: 0""]"
validation,2209,2209.png,2209_0,What are the column headers in the table?,"AF 015 UA 161 FL 599 FL 599 co 142 co 751 RW, 683",lookup,The header row contains the table's column names.,[1],"[""AF 015 UA 161 FL 599 FL 599 co 142 co 751 RW | 683""]"
validation,2209,2209.png,2209_1,How many data rows are in the table (excluding the header)?,0,lookup,Counted the number of non-header rows parsed from the table.,[1],"[""Data rows detected: 0""]"
validation,2209,2209.png,2209_2,What does the figure show?,12.00 Saturday 2rd May 11.00 Monday 5th may 12.28 Thursday y 8th May 15.20 Thursday 8th May 08.15 Saturday 10th May 10.13 Saturday 10th May 12.20 Tuesday 13th May Tuesday 13th may - 12.40 Thursday 15t,lookup,Answered using the figure's extracted description text.,[2],"[""12.00 Saturday 2rd May 11.00 Monday 5th may 12.28 Thursday y 8th May 15.20 Thursday 8th May 08.15 Saturday 10th May 10.13 Saturday 10th May 12.20 Tuesday 13th May Tuesday 13th may - 12.40 Thursday 15t""]"
validation,22311,22311.png,22311_0,What are the column headers in the table?,"THE NUTRITION FOUNDATION、INC. 48S FIFTH AVENUE 8 NEW YORK.乙Y 1OO17 · 212, 687-4830",lookup,The header row contains the table's column names.,[1],"[""THE NUTRITION FOUNDATION、INC. 48S FIFTH AVENUE 8 NEW YORK.乙Y 1OO17 · 212 | 687-4830""]"
validation,22311,22311.png,22311_1,How many data rows are in the table (excluding the header)?,0,lookup,Counted the number of non-header rows parsed from the table.,[1],"[""Data rows detected: 0""]"
validation,22312,22312.png,22312_0,What are the column headers in the table?,"THE NUTRITION FOUNDATION、INC. 48S FIFTH AVENUE 8 NEW YORK.乙Y 1OO17 · 212, 687-4830",lookup,The header row contains the table's column names.,[1],"[""THE NUTRITION FOUNDATION、INC. 48S FIFTH AVENUE 8 NEW YORK.乙Y 1OO17 · 212 | 687-4830""]"
validation,22312,22312.png,22312_1,How many data rows are in the table (excluding the header)?,0,lookup,Counted the number of non-header rows parsed from the table.,[1],"[""Data rows detected: 0""]"
validation,22313,22313.png,22313_0,What are the column headers in the table?,"THE NUTRITION FOUNDATION、INC. 48S FIFTH AVENUE 8 NEW YORK.乙Y 1OO17 · 212, 687-4830",lookup,The header row contains the table's column names.,[1],"[""THE NUTRITION FOUNDATION、INC. 48S FIFTH AVENUE 8 NEW YORK.乙Y 1OO17 · 212 | 687-4830""]"
validation,22313,22313.png,22313_1,How many data rows are in the table (excluding the header)?,0,lookup,Counted the number of non-header rows parsed from the table.,[1],"[""Data rows detected: 0""]"
test,1016,1016.png,1016_0,What is the Attn?,"General manager,Pharmaceutical International Division",lookup,Extracted value for 'Attn' from form field.,[3],"[""Attn: General manager,Pharmaceutical International Division""]"
test,1016,1016.png,1016_1,What is the Fax?,81-6-204-2943,lookup,Extracted value for 'Fax' from form field.,[3],"[""Fax: 81-6-204-2943""]"
test,1016,1016.png,1016_2,What is the main topic or content discussed in this section?,"If you are in agreement with the above terms and conditions,please indicate acceptance by returning an original signed copy to me and keep the other enclosed copy for your files....",comprehension,Summarized the main content from the text region.,[0],"[""If you are in agreement with the above terms and conditions,please indicate acceptance by returning an original signed copy to me and keep the other enclosed copy for your files. Thank you for your co""]"
test,1017,1017.png,1017_0,What is the Attn?,"General manager,Pharmaceutical International Division",lookup,Extracted value for 'Attn' from form field.,[3],"[""Attn: General manager,Pharmaceutical International Division""]"
test,1017,1017.png,1017_1,What is the Fax?,81-6-204-2943,lookup,Extracted value for 'Fax' from form field.,[3],"[""Fax: 81-6-204-2943""]"
test,1017,1017.png,1017_2,What is the main topic or content discussed in this section?,"If you are in agreement with the above terms and conditions,please indicate acceptance by returning an original signed copy to me and keep the other enclosed copy for your files....",comprehension,Summarized the main content from the text region.,[0],"[""If you are in agreement with the above terms and conditions,please indicate acceptance by returning an original signed copy to me and keep the other enclosed copy for your files. Thank you for your co""]"
test,1019,1019.png,1019_0,What is the Attn?,"General manager,Pharmaceutical International Division",lookup,Extracted value for 'Attn' from form field.,[3],"[""Attn: General manager,Pharmaceutical International Division""]"
test,1019,1019.png,1019_1,What is the Fax?,81-6-204-2943,lookup,Extracted value for 'Fax' from form field.,[3],"[""Fax: 81-6-204-2943""]"
test,1019,1019.png,1019_2,What is the main topic or content discussed in this section?,"If you are in agreement with the above terms and conditions,please indicate acceptance by returning an original signed copy to me and keep the other enclosed copy for your files....",comprehension,Summarized the main content from the text region.,[0],"[""If you are in agreement with the above terms and conditions,please indicate acceptance by returning an original signed copy to me and keep the other enclosed copy for your files. Thank you for your co""]"
test,1021,1021.png,1021_0,What is the Attn?,"General manager,Pharmaceutical International Division",lookup,Extracted value for 'Attn' from form field.,[3],"[""Attn: General manager,Pharmaceutical International Division""]"
test,1021,1021.png,1021_1,What is the Fax?,81-6-204-2943,lookup,Extracted value for 'Fax' from form field.,[3],"[""Fax: 81-6-204-2943""]"
test,1021,1021.png,1021_2,What is the main topic or content discussed in this section?,"If you are in agreement with the above terms and conditions,please indicate acceptance by returning an original signed copy to me and keep the other enclosed copy for your files....",comprehension,Summarized the main content from the text region.,[0],"[""If you are in agreement with the above terms and conditions,please indicate acceptance by returning an original signed copy to me and keep the other enclosed copy for your files. Thank you for your co""]"
test,1027,1027.png,1027_0,What is the main topic or content discussed in this section?,"Afer initiation oftherapy with pioglitazone,patients should be reviewed after 3 to6 months to assess adeguacy ofresponse to treatment (eg reduction in HbAlc).In patients who fail to show an adequate r",comprehension,Summarized the main content from the text region.,[5],"[""Afer initiation oftherapy with pioglitazone,patients should be reviewed after 3 to6 months to assess adeguacy ofresponse to treatment (eg reduction in HbAlc).In patients who fail to show an adequate r""]"
test,1028,1028.png,1028_0,What is the main topic or content discussed in this section?,"Afer initiation oftherapy with pioglitazone,patients should be reviewed after 3 to6 months to assess adeguacy ofresponse to treatment (eg reduction in HbAlc).In patients who fail to show an adequate r",comprehension,Summarized the main content from the text region.,[5],"[""Afer initiation oftherapy with pioglitazone,patients should be reviewed after 3 to6 months to assess adeguacy ofresponse to treatment (eg reduction in HbAlc).In patients who fail to show an adequate r""]"
test,1050,1050.png,1050_0,What is the main topic or content discussed in this section?,"Term and Termination. (a) The term of this Agreement shall commence as of November 15,2006 and shall continue in effect until November 15.2007.unless earlier terminated as provided below. (b) Either...",comprehension,Summarized the main content from the text region.,[4],"[""Term and Termination. (a) The term of this Agreement shall commence as of November 15,2006 and shall continue in effect until November 15.2007.unless earlier terminated as provided below. (b) Either p""]"
test,1054,1054.png,1054_0,What is the main topic or content discussed in this section?,"Term and Termination. (a) The term of this Agreement shall commence as of November 15,2006 and shall continue in effect until November 15.2007.unless earlier terminated as provided below. (b) Either...",comprehension,Summarized the main content from the text region.,[4],"[""Term and Termination. (a) The term of this Agreement shall commence as of November 15,2006 and shall continue in effect until November 15.2007.unless earlier terminated as provided below. (b) Either p""]"
test,10583,10583.png,10583_0,What are the column headers in the table?,"Patricia L. Ruppel, Ph.D. Director, Profect Management II Upjohn Laboratories gi97-25-7, The Upjohn Company 7000 Portage Road Kalamaz00,MI 49001-0199, Fax(616)384-9488",lookup,The header row contains the table's column names.,[0],"[""Patricia L. Ruppel, Ph.D. Director, Profect Management II Upjohn Laboratories gi97-25-7, The Upjohn Company 7000 Portage Road Kalamaz00,MI 49001-0199 | Fax(616)384-9488""]"
test,10583,10583.png,10583_1,How many data rows are in the table (excluding the header)?,0,lookup,Counted the number of non-header rows parsed from the table.,[0],"[""Data rows detected: 0""]"
test,10583,10583.png,10583_2,What is the main topic or content discussed in this section?,"Regarding Upjohn's statement for the development status of piogiitazone, we would like to propose the following alternative or a gimilar instead of Upjohn's proposal in due consideration of our curren",comprehension,Summarized the main content from the text region.,[7],"[""Regarding Upjohn's statement for the development status of piogiitazone, we would like to propose the following alternative or a gimilar instead of Upjohn's proposal in due consideration of our curren""]"
test,1085,1085.png,1085_0,What is the main topic or content discussed in this section?,"Injunctive Relief. Without limiting TGRDs remedies in any wav,Institution agrees that TGRD shall be entitled to injunctive relief to prevent any aetual or threatened breach or continuing breaches by I",comprehension,Summarized the main content from the text region.,[5],"[""Injunctive Relief. Without limiting TGRDs remedies in any wav,Institution agrees that TGRD shall be entitled to injunctive relief to prevent any aetual or threatened breach or continuing breaches by I""]"
test,1172,1172.png,1172_0,What does the figure show?,8.0 4.0 Vehicle Placebo 1.0 16.0 63.0 60 60 60 60 60 60 60 28/60 36/60 26/60 39/60 38/60 39/60 57/60 60.0 43.3 65.0 63.3 65.0 98.3 46.7,lookup,Answered using the figure's extracted description text.,[0],"[""8.0 4.0 Vehicle Placebo 1.0 16.0 63.0 60 60 60 60 60 60 60 28/60 36/60 26/60 39/60 38/60 39/60 57/60 60.0 43.3 65.0 63.3 65.0 98.3 46.7""]"
test,1172,1172.png,1172_1,What are the column headers in the table?,"8.0 4.0 Vehicle Placebo 1.0 16.0 63.0 60 60 60 60 60 60 60 28/60 36/60 26/60 39/60 38/60 39/60 57/60 60.0 43.3 65.0 63.3 65.0 98.3, 46.7",lookup,The header row contains the table's column names.,[1],"[""8.0 4.0 Vehicle Placebo 1.0 16.0 63.0 60 60 60 60 60 60 60 28/60 36/60 26/60 39/60 38/60 39/60 57/60 60.0 43.3 65.0 63.3 65.0 98.3 | 46.7""]"
test,1172,1172.png,1172_2,How many data rows are in the table (excluding the header)?,0,lookup,Counted the number of non-header rows parsed from the table.,[1],"[""Data rows detected: 0""]"
test,1173,1173.png,1173_0,What does the figure show?,8.0 4.0 Vehicle Placebo 1.0 16.0 63.0 60 60 60 60 60 60 60 28/60 36/60 26/60 39/60 38/60 39/60 57/60 60.0 43.3 65.0 63.3 65.0 98.3 46.7,lookup,Answered using the figure's extracted description text.,[0],"[""8.0 4.0 Vehicle Placebo 1.0 16.0 63.0 60 60 60 60 60 60 60 28/60 36/60 26/60 39/60 38/60 39/60 57/60 60.0 43.3 65.0 63.3 65.0 98.3 46.7""]"
test,1173,1173.png,1173_1,What are the column headers in the table?,"8.0 4.0 Vehicle Placebo 1.0 16.0 63.0 60 60 60 60 60 60 60 28/60 36/60 26/60 39/60 38/60 39/60 57/60 60.0 43.3 65.0 63.3 65.0 98.3, 46.7",lookup,The header row contains the table's column names.,[1],"[""8.0 4.0 Vehicle Placebo 1.0 16.0 63.0 60 60 60 60 60 60 60 28/60 36/60 26/60 39/60 38/60 39/60 57/60 60.0 43.3 65.0 63.3 65.0 98.3 | 46.7""]"
test,1173,1173.png,1173_2,How many data rows are in the table (excluding the header)?,0,lookup,Counted the number of non-header rows parsed from the table.,[1],"[""Data rows detected: 0""]"
test,1174,1174.png,1174_0,What does the figure show?,8.0 4.0 Vehicle Placebo 1.0 16.0 63.0 60 60 60 60 60 60 60 28/60 36/60 26/60 39/60 38/60 39/60 57/60 60.0 43.3 65.0 63.3 65.0 98.3 46.7,lookup,Answered using the figure's extracted description text.,[0],"[""8.0 4.0 Vehicle Placebo 1.0 16.0 63.0 60 60 60 60 60 60 60 28/60 36/60 26/60 39/60 38/60 39/60 57/60 60.0 43.3 65.0 63.3 65.0 98.3 46.7""]"
test,1174,1174.png,1174_1,What are the column headers in the table?,"8.0 4.0 Vehicle Placebo 1.0 16.0 63.0 60 60 60 60 60 60 60 28/60 36/60 26/60 39/60 38/60 39/60 57/60 60.0 43.3 65.0 63.3 65.0 98.3, 46.7",lookup,The header row contains the table's column names.,[1],"[""8.0 4.0 Vehicle Placebo 1.0 16.0 63.0 60 60 60 60 60 60 60 28/60 36/60 26/60 39/60 38/60 39/60 57/60 60.0 43.3 65.0 63.3 65.0 98.3 | 46.7""]"
test,1174,1174.png,1174_2,How many data rows are in the table (excluding the header)?,0,lookup,Counted the number of non-header rows parsed from the table.,[1],"[""Data rows detected: 0""]"
test,1175,1175.png,1175_0,What does the figure show?,8.0 4.0 Vehicle Placebo 1.0 16.0 63.0 60 60 60 60 60 60 60 28/60 36/60 26/60 39/60 38/60 39/60 57/60 60.0 43.3 65.0 63.3 65.0 98.3 46.7,lookup,Answered using the figure's extracted description text.,[0],"[""8.0 4.0 Vehicle Placebo 1.0 16.0 63.0 60 60 60 60 60 60 60 28/60 36/60 26/60 39/60 38/60 39/60 57/60 60.0 43.3 65.0 63.3 65.0 98.3 46.7""]"
test,1175,1175.png,1175_1,What are the column headers in the table?,"8.0 4.0 Vehicle Placebo 1.0 16.0 63.0 60 60 60 60 60 60 60 28/60 36/60 26/60 39/60 38/60 39/60 57/60 60.0 43.3 65.0 63.3 65.0 98.3, 46.7",lookup,The header row contains the table's column names.,[1],"[""8.0 4.0 Vehicle Placebo 1.0 16.0 63.0 60 60 60 60 60 60 60 28/60 36/60 26/60 39/60 38/60 39/60 57/60 60.0 43.3 65.0 63.3 65.0 98.3 | 46.7""]"
test,1175,1175.png,1175_2,How many data rows are in the table (excluding the header)?,0,lookup,Counted the number of non-header rows parsed from the table.,[1],"[""Data rows detected: 0""]"
test,1176,1176.png,1176_0,What does the figure show?,8.0 4.0 Vehicle Placebo 1.0 16.0 63.0 60 60 60 60 60 60 60 28/60 36/60 26/60 39/60 38/60 39/60 57/60 60.0 43.3 65.0 63.3 65.0 98.3 46.7,lookup,Answered using the figure's extracted description text.,[0],"[""8.0 4.0 Vehicle Placebo 1.0 16.0 63.0 60 60 60 60 60 60 60 28/60 36/60 26/60 39/60 38/60 39/60 57/60 60.0 43.3 65.0 63.3 65.0 98.3 46.7""]"
test,1176,1176.png,1176_1,What are the column headers in the table?,"8.0 4.0 Vehicle Placebo 1.0 16.0 63.0 60 60 60 60 60 60 60 28/60 36/60 26/60 39/60 38/60 39/60 57/60 60.0 43.3 65.0 63.3 65.0 98.3, 46.7",lookup,The header row contains the table's column names.,[1],"[""8.0 4.0 Vehicle Placebo 1.0 16.0 63.0 60 60 60 60 60 60 60 28/60 36/60 26/60 39/60 38/60 39/60 57/60 60.0 43.3 65.0 63.3 65.0 98.3 | 46.7""]"
test,1176,1176.png,1176_2,How many data rows are in the table (excluding the header)?,0,lookup,Counted the number of non-header rows parsed from the table.,[1],"[""Data rows detected: 0""]"
test,1187,1187.png,1187_0,What are the column headers in the table?,"Task Notes 3.REVIEW CLINICAL/POST-MARKETING DATABASES Review all completed clinical, US clinical - C. Popovici trial data based on definitions, UK clinical - P. Collett provided by safety > Japan clin",lookup,The header row contains the table's column names.,[0],"[""Task Notes 3.REVIEW CLINICAL/POST-MARKETING DATABASES Review all completed clinical | US clinical - C. Popovici trial data based on definitions | UK clinical - P. Collett provided by safety > Japan clin""]"
test,1187,1187.png,1187_1,How many data rows are in the table (excluding the header)?,0,lookup,Counted the number of non-header rows parsed from the table.,[0],"[""Data rows detected: 0""]"
test,1187,1187.png,1187_2,What does the figure show?,Telecon discussion with TCI,lookup,Answered using the figure's extracted description text.,[1],"[""Telecon discussion with TCI""]"
test,1188,1188.png,1188_0,What are the column headers in the table?,"Task Notes 3.REVIEW CLINICAL/POST-MARKETING DATABASES Review all completed clinical, US clinical - C. Popovici trial data based on definitions, UK clinical - P. Collett provided by safety > Japan clin",lookup,The header row contains the table's column names.,[0],"[""Task Notes 3.REVIEW CLINICAL/POST-MARKETING DATABASES Review all completed clinical | US clinical - C. Popovici trial data based on definitions | UK clinical - P. Collett provided by safety > Japan clin""]"
test,1188,1188.png,1188_1,How many data rows are in the table (excluding the header)?,0,lookup,Counted the number of non-header rows parsed from the table.,[0],"[""Data rows detected: 0""]"
test,1188,1188.png,1188_2,What does the figure show?,Telecon discussion with TCI,lookup,Answered using the figure's extracted description text.,[1],"[""Telecon discussion with TCI""]"
test,1189,1189.png,1189_0,What are the column headers in the table?,"Task Notes 3.REVIEW CLINICAL/POST-MARKETING DATABASES Review all completed clinical, US clinical - C. Popovici trial data based on definitions, UK clinical - P. Collett provided by safety > Japan clin",lookup,The header row contains the table's column names.,[0],"[""Task Notes 3.REVIEW CLINICAL/POST-MARKETING DATABASES Review all completed clinical | US clinical - C. Popovici trial data based on definitions | UK clinical - P. Collett provided by safety > Japan clin""]"
test,1189,1189.png,1189_1,How many data rows are in the table (excluding the header)?,0,lookup,Counted the number of non-header rows parsed from the table.,[0],"[""Data rows detected: 0""]"
test,1189,1189.png,1189_2,What does the figure show?,Telecon discussion with TCI,lookup,Answered using the figure's extracted description text.,[1],"[""Telecon discussion with TCI""]"
test,1190,1190.png,1190_0,What are the column headers in the table?,"Task Notes 3.REVIEW CLINICAL/POST-MARKETING DATABASES Review all completed clinical, US clinical - C. Popovici trial data based on definitions, UK clinical - P. Collett provided by safety > Japan clin",lookup,The header row contains the table's column names.,[0],"[""Task Notes 3.REVIEW CLINICAL/POST-MARKETING DATABASES Review all completed clinical | US clinical - C. Popovici trial data based on definitions | UK clinical - P. Collett provided by safety > Japan clin""]"
test,1190,1190.png,1190_1,How many data rows are in the table (excluding the header)?,0,lookup,Counted the number of non-header rows parsed from the table.,[0],"[""Data rows detected: 0""]"
test,1190,1190.png,1190_2,What does the figure show?,Telecon discussion with TCI,lookup,Answered using the figure's extracted description text.,[1],"[""Telecon discussion with TCI""]"
test,12552,12552.png,12552_0,What does the figure show?,10 A-2X HPTQ √ Ionte 9/22/00 Number ot pagoe Iradnding oovar ahoot,lookup,Answered using the figure's extracted description text.,[1],"[""10 A-2X HPTQ √ Ionte 9/22/00 Number ot pagoe Iradnding oovar ahoot""]"
test,12552,12552.png,12552_1,What are the column headers in the table?,"Soiontria & Roguintory Affaire Rosemroh & Davalopmont RJ Roynold Tobnooo P.O.B0x 1487 WMnaton-Salom.NC 27102 010-741-4085, 910-741-0B16",lookup,The header row contains the table's column names.,[2],"[""Soiontria & Roguintory Affaire Rosemroh & Davalopmont RJ Roynold Tobnooo P.O.B0x 1487 WMnaton-Salom.NC 27102 010-741-4085 | 910-741-0B16""]"
test,12552,12552.png,12552_2,How many data rows are in the table (excluding the header)?,0,lookup,Counted the number of non-header rows parsed from the table.,[2],"[""Data rows detected: 0""]"
test,12552,12552.png,12552_3,What is the POLLED MB?,SEND,lookup,Extracted value for 'POLLED MB' from form field.,[7],"[""POLLED MB: SEND""]"
test,12552,12552.png,12552_4,What is the G2?,G2,lookup,Extracted value for 'G2' from form field.,[11],"[""G2: G2""]"
test,12552,12552.png,12552_5,What is the COMMUNICATION RM?,RECEIVE TO MEMORY 52143,lookup,Extracted value for 'COMMUNICATION RM' from form field.,[11],"[""COMMUNICATION RM: RECEIVE TO MEMORY 52143""]"
test,12552,12552.png,12552_6,What is the RELAY A REMOTE MP?,MULTI-PO.ING,lookup,Extracted value for 'RELAY A REMOTE MP' from form field.,[13],"[""RELAY A REMOTE MP: MULTI-PO.ING""]"
test,12557,12557.png,12557_0,What are the column headers in the table?,"Soalentmfo & Rogulatory Affalre Resoarch &Dovplopment RJ REYNOLDS TOBACCO P.O.80X 1407 WINSTON-SALEM,NC, 27102",lookup,The header row contains the table's column names.,[1],"[""Soalentmfo & Rogulatory Affalre Resoarch &Dovplopment RJ REYNOLDS TOBACCO P.O.80X 1407 WINSTON-SALEM,NC | 27102""]"
test,12557,12557.png,12557_1,How many data rows are in the table (excluding the header)?,0,lookup,Counted the number of non-header rows parsed from the table.,[1],"[""Data rows detected: 0""]"
test,12557,12557.png,12557_2,What does the figure show?,*** SEND *** No. 1,lookup,Answered using the figure's extracted description text.,[7],"[""*** SEND *** No. 1""]"
test,12557,12557.png,12557_3,What is the POLLED MB?,SEND,lookup,Extracted value for 'POLLED MB' from form field.,[10],"[""POLLED MB: SEND""]"
test,12557,12557.png,12557_4,What is the ERROR CORRECT A REMOTE MP?,MULTI-POLLING,lookup,Extracted value for 'ERROR CORRECT A REMOTE MP' from form field.,[13],"[""ERROR CORRECT A REMOTE MP: MULTI-POLLING""]"
test,12557,12557.png,12557_5,What is the main topic or content discussed in this section?,Doar Colleeguoe: The naxt PrlG mooting echeduled ror Ootobor 21 and 22 in Moaoow will be held at the new Momcow Marrlatt Grand Hotet. We havo ranervod a blook of...,comprehension,Summarized the main content from the text region.,[2],"[""Doar Colleeguoe: The naxt PrlG mooting echeduled ror Ootobor 21 and 22 in Moaoow will be held at the new Momcow Marrlatt Grand Hotet. We havo ranervod a blook of roome at tho hotat for tho ontire woak""]"
test,12580,12580.png,12580_0,What does the figure show?,OWAAD BANNITT WILLIAHCIORO. 2 MAUL A. CONNOLLT(I-IP7B),lookup,Answered using the figure's extracted description text.,[0],"[""OWAAD BANNITT WILLIAHCIORO. 2 MAUL A. CONNOLLT(I-IP7B)""]"
test,12580,12580.png,12580_1,What is the main topic or content discussed in this section?,"THIS MESSAGE IS INTENDED FOR THE USE OF THE INOIVIDUAL OR ENTITY TO WHICH IT IS ADORESSED AND HAY CONTAIN INFORMATION THAT IS PRIWLEGED, CONFIDENTIAL AND EXEMPT FROM DISCLOSURE UNDER...",comprehension,Summarized the main content from the text region.,[2],"[""THIS MESSAGE IS INTENDED FOR THE USE OF THE INOIVIDUAL OR ENTITY TO WHICH IT IS ADORESSED AND HAY CONTAIN INFORMATION THAT IS PRIWLEGED, CONFIDENTIAL AND EXEMPT FROM DISCLOSURE UNDER APPLICABLE LAW. I""]"
test,12582,12582.png,12582_0,What does the figure show?,OWAAD BANNITT WILLIAHCIORO. 2 MAUL A. CONNOLLT(I-IP7B),lookup,Answered using the figure's extracted description text.,[0],"[""OWAAD BANNITT WILLIAHCIORO. 2 MAUL A. CONNOLLT(I-IP7B)""]"
test,12582,12582.png,12582_1,What is the main topic or content discussed in this section?,"THIS MESSAGE IS INTENDED FOR THE USE OF THE INOIVIDUAL OR ENTITY TO WHICH IT IS ADORESSED AND HAY CONTAIN INFORMATION THAT IS PRIWLEGED, CONFIDENTIAL AND EXEMPT FROM DISCLOSURE UNDER...",comprehension,Summarized the main content from the text region.,[2],"[""THIS MESSAGE IS INTENDED FOR THE USE OF THE INOIVIDUAL OR ENTITY TO WHICH IT IS ADORESSED AND HAY CONTAIN INFORMATION THAT IS PRIWLEGED, CONFIDENTIAL AND EXEMPT FROM DISCLOSURE UNDER APPLICABLE LAW. I""]"
test,12585,12585.png,12585_0,What does the figure show?,EHMR 00 OFF,lookup,Answered using the figure's extracted description text.,[1],"[""EHMR 00 OFF""]"
test,12585,12585.png,12585_1,What are the column headers in the table?,"FACSIILE MESSAGE R.J.REYNOLDS TOBACCO COMPANY Bowman Grny TcchnicaI Centar Research and Dcvolopment Now Product Davolopmont Winston-Salcm,NC, 27i02-1487",lookup,The header row contains the table's column names.,[2],"[""FACSIILE MESSAGE R.J.REYNOLDS TOBACCO COMPANY Bowman Grny TcchnicaI Centar Research and Dcvolopment Now Product Davolopmont Winston-Salcm,NC | 27i02-1487""]"
test,12585,12585.png,12585_2,How many data rows are in the table (excluding the header)?,0,lookup,Counted the number of non-header rows parsed from the table.,[2],"[""Data rows detected: 0""]"
test,12588,12588.png,12588_0,What does the figure show?,EHMR 00 OFF,lookup,Answered using the figure's extracted description text.,[1],"[""EHMR 00 OFF""]"
test,12588,12588.png,12588_1,What are the column headers in the table?,"FACSIILE MESSAGE R.J.REYNOLDS TOBACCO COMPANY Bowman Grny TcchnicaI Centar Research and Dcvolopment Now Product Davolopmont Winston-Salcm,NC, 27i02-1487",lookup,The header row contains the table's column names.,[2],"[""FACSIILE MESSAGE R.J.REYNOLDS TOBACCO COMPANY Bowman Grny TcchnicaI Centar Research and Dcvolopment Now Product Davolopmont Winston-Salcm,NC | 27i02-1487""]"
test,12588,12588.png,12588_2,How many data rows are in the table (excluding the header)?,0,lookup,Counted the number of non-header rows parsed from the table.,[2],"[""Data rows detected: 0""]"
test,12714,12714.png,12714_0,What is the main topic or content discussed in this section?,"About as long as your usual brand, between six and seven minutes. Some people get theimpressionthat this cigarette doesn't lastas long as ther brand, probably because the cigarette doesn't burn...",comprehension,Summarized the main content from the text region.,[7],"[""About as long as your usual brand, between six and seven minutes. Some people get theimpressionthat this cigarette doesn't lastas long as ther brand, probably because the cigarette doesn't burn down.I""]"
test,12715,12715.png,12715_0,What is the main topic or content discussed in this section?,"About as long as your usual brand, between six and seven minutes. Some people get theimpressionthat this cigarette doesn't lastas long as ther brand, probably because the cigarette doesn't burn...",comprehension,Summarized the main content from the text region.,[7],"[""About as long as your usual brand, between six and seven minutes. Some people get theimpressionthat this cigarette doesn't lastas long as ther brand, probably because the cigarette doesn't burn down.I""]"
test,12728,12728.png,12728_0,What is the main topic or content discussed in this section?,"About as long as your usual brand, between six and seven minutes. Some people get theimpressionthat this cigarette doesn't lastas long as ther brand, probably because the cigarette doesn't burn...",comprehension,Summarized the main content from the text region.,[7],"[""About as long as your usual brand, between six and seven minutes. Some people get theimpressionthat this cigarette doesn't lastas long as ther brand, probably because the cigarette doesn't burn down.I""]"
test,12740,12740.png,12740_0,What does the figure show?,Reference Number: 831906309,lookup,Answered using the figure's extracted description text.,[0],"[""Reference Number: 831906309""]"
test,12742,12742.png,12742_0,What does the figure show?,Reference Number: 831906309,lookup,Answered using the figure's extracted description text.,[0],"[""Reference Number: 831906309""]"
test,12743,12743.png,12743_0,What does the figure show?,Reference Number: 831906309,lookup,Answered using the figure's extracted description text.,[0],"[""Reference Number: 831906309""]"
test,12744,12744.png,12744_0,What does the figure show?,Reference Number: 831906309,lookup,Answered using the figure's extracted description text.,[0],"[""Reference Number: 831906309""]"
test,12745,12745.png,12745_0,What does the figure show?,Reference Number: 831906309,lookup,Answered using the figure's extracted description text.,[0],"[""Reference Number: 831906309""]"
test,12747,12747.png,12747_0,What does the figure show?,Reference Number: 831906309,lookup,Answered using the figure's extracted description text.,[0],"[""Reference Number: 831906309""]"
test,12749,12749.png,12749_0,What does the figure show?,Reference Number: 831906309,lookup,Answered using the figure's extracted description text.,[0],"[""Reference Number: 831906309""]"
test,12751,12751.png,12751_0,What does the figure show?,Reference Number: 831906309,lookup,Answered using the figure's extracted description text.,[0],"[""Reference Number: 831906309""]"
test,12753,12753.png,12753_0,What does the figure show?,Reference Number: 831906309,lookup,Answered using the figure's extracted description text.,[0],"[""Reference Number: 831906309""]"
test,12754,12754.png,12754_0,What does the figure show?,Reference Number: 831906309,lookup,Answered using the figure's extracted description text.,[0],"[""Reference Number: 831906309""]"
test,1288,1288.png,1288_0,What are the column headers in the table?,"Potential Risks, Avandamet 4/1000 launch, Lag behind on SOV and other marketing spending (DTC, etc.) Vs. competition. Lantus Other Lilly Drugs",lookup,The header row contains the table's column names.,[0],"[""Potential Risks | Avandamet 4/1000 launch | Lag behind on SOV and other marketing spending (DTC, etc.) Vs. competition. Lantus Other Lilly Drugs""]"
test,1288,1288.png,1288_1,How many data rows are in the table (excluding the header)?,0,lookup,Counted the number of non-header rows parsed from the table.,[0],"[""Data rows detected: 0""]"
test,1291,1291.png,1291_0,What are the column headers in the table?,"Potential Risks, Avandamet 4/1000 launch, Lag behind on SOV and other marketing spending (DTC, etc.) Vs. competition. Lantus Other Lilly Drugs",lookup,The header row contains the table's column names.,[0],"[""Potential Risks | Avandamet 4/1000 launch | Lag behind on SOV and other marketing spending (DTC, etc.) Vs. competition. Lantus Other Lilly Drugs""]"
test,1291,1291.png,1291_1,How many data rows are in the table (excluding the header)?,0,lookup,Counted the number of non-header rows parsed from the table.,[0],"[""Data rows detected: 0""]"
test,1293,1293.png,1293_0,What are the column headers in the table?,"3. Send EuR&D, TCI and Lilly draft documents on August 21 (Chicago time) for review 4. Review the documents within 24 hours 5. Finalize on August 26 6. Submit to FDA on August 28 August 12 - 13,, 2002",lookup,The header row contains the table's column names.,[0],"[""3. Send EuR&D, TCI and Lilly draft documents on August 21 (Chicago time) for review 4. Review the documents within 24 hours 5. Finalize on August 26 6. Submit to FDA on August 28 August 12 - 13, | 2002""]"
test,1293,1293.png,1293_1,How many data rows are in the table (excluding the header)?,0,lookup,Counted the number of non-header rows parsed from the table.,[0],"[""Data rows detected: 0""]"
test,1297,1297.png,1297_0,What are the column headers in the table?,"3. Send EuR&D, TCI and Lilly draft documents on August 21 (Chicago time) for review 4. Review the documents within 24 hours 5. Finalize on August 26 6. Submit to FDA on August 28 August 12 - 13,, 2002",lookup,The header row contains the table's column names.,[0],"[""3. Send EuR&D, TCI and Lilly draft documents on August 21 (Chicago time) for review 4. Review the documents within 24 hours 5. Finalize on August 26 6. Submit to FDA on August 28 August 12 - 13, | 2002""]"
test,1297,1297.png,1297_1,How many data rows are in the table (excluding the header)?,0,lookup,Counted the number of non-header rows parsed from the table.,[0],"[""Data rows detected: 0""]"
test,1298,1298.png,1298_0,What are the column headers in the table?,"3. Send EuR&D, TCI and Lilly draft documents on August 21 (Chicago time) for review 4. Review the documents within 24 hours 5. Finalize on August 26 6. Submit to FDA on August 28 August 12 - 13,, 2002",lookup,The header row contains the table's column names.,[0],"[""3. Send EuR&D, TCI and Lilly draft documents on August 21 (Chicago time) for review 4. Review the documents within 24 hours 5. Finalize on August 26 6. Submit to FDA on August 28 August 12 - 13, | 2002""]"
test,1298,1298.png,1298_1,How many data rows are in the table (excluding the header)?,0,lookup,Counted the number of non-header rows parsed from the table.,[0],"[""Data rows detected: 0""]"
test,1299,1299.png,1299_0,What are the column headers in the table?,"3. Send EuR&D, TCI and Lilly draft documents on August 21 (Chicago time) for review 4. Review the documents within 24 hours 5. Finalize on August 26 6. Submit to FDA on August 28 August 12 - 13,, 2002",lookup,The header row contains the table's column names.,[0],"[""3. Send EuR&D, TCI and Lilly draft documents on August 21 (Chicago time) for review 4. Review the documents within 24 hours 5. Finalize on August 26 6. Submit to FDA on August 28 August 12 - 13, | 2002""]"
test,1299,1299.png,1299_1,How many data rows are in the table (excluding the header)?,0,lookup,Counted the number of non-header rows parsed from the table.,[0],"[""Data rows detected: 0""]"
test,1300,1300.png,1300_0,What are the column headers in the table?,"3. Send EuR&D, TCI and Lilly draft documents on August 21 (Chicago time) for review 4. Review the documents within 24 hours 5. Finalize on August 26 6. Submit to FDA on August 28 August 12 - 13,, 2002",lookup,The header row contains the table's column names.,[0],"[""3. Send EuR&D, TCI and Lilly draft documents on August 21 (Chicago time) for review 4. Review the documents within 24 hours 5. Finalize on August 26 6. Submit to FDA on August 28 August 12 - 13, | 2002""]"
test,1300,1300.png,1300_1,How many data rows are in the table (excluding the header)?,0,lookup,Counted the number of non-header rows parsed from the table.,[0],"[""Data rows detected: 0""]"
test,1302,1302.png,1302_0,What are the column headers in the table?,"3. Send EuR&D, TCI and Lilly draft documents on August 21 (Chicago time) for review 4. Review the documents within 24 hours 5. Finalize on August 26 6. Submit to FDA on August 28 August 12 - 13,, 2002",lookup,The header row contains the table's column names.,[0],"[""3. Send EuR&D, TCI and Lilly draft documents on August 21 (Chicago time) for review 4. Review the documents within 24 hours 5. Finalize on August 26 6. Submit to FDA on August 28 August 12 - 13, | 2002""]"
test,1302,1302.png,1302_1,How many data rows are in the table (excluding the header)?,0,lookup,Counted the number of non-header rows parsed from the table.,[0],"[""Data rows detected: 0""]"
test,1330,1330.png,1330_0,What is the main topic or content discussed in this section?,It must be pointed out that the direct incremental R&D costs for these analyses are very small when compared with the costs of doing the analyses at Lancaster and Winston-Salem....,comprehension,Summarized the main content from the text region.,[2],"[""It must be pointed out that the direct incremental R&D costs for these analyses are very small when compared with the costs of doing the analyses at Lancaster and Winston-Salem. For example, the incre""]"
test,1334,1334.png,1334_0,What is the main topic or content discussed in this section?,It must be pointed out that the direct incremental R&D costs for these analyses are very small when compared with the costs of doing the analyses at Lancaster and Winston-Salem....,comprehension,Summarized the main content from the text region.,[2],"[""It must be pointed out that the direct incremental R&D costs for these analyses are very small when compared with the costs of doing the analyses at Lancaster and Winston-Salem. For example, the incre""]"
test,1336,1336.png,1336_0,What is the main topic or content discussed in this section?,It must be pointed out that the direct incremental R&D costs for these analyses are very small when compared with the costs of doing the analyses at Lancaster and Winston-Salem....,comprehension,Summarized the main content from the text region.,[2],"[""It must be pointed out that the direct incremental R&D costs for these analyses are very small when compared with the costs of doing the analyses at Lancaster and Winston-Salem. For example, the incre""]"
test,1338,1338.png,1338_0,What is the main topic or content discussed in this section?,It must be pointed out that the direct incremental R&D costs for these analyses are very small when compared with the costs of doing the analyses at Lancaster and Winston-Salem....,comprehension,Summarized the main content from the text region.,[2],"[""It must be pointed out that the direct incremental R&D costs for these analyses are very small when compared with the costs of doing the analyses at Lancaster and Winston-Salem. For example, the incre""]"
test,13499,13499.png,13499_0,What does the figure show?,(A) Debts due from firms and companies in which Directors are interested :,lookup,Answered using the figure's extracted description text.,[9],"[""(A) Debts due from firms and companies in which Directors are interested :""]"
test,13499,13499.png,13499_1,What are the column headers in the table?,"AMOUNT DUE AS ON 31.03.2001 31.03.2000 31.03.2001 111247 0, 0",lookup,The header row contains the table's column names.,[10],"[""AMOUNT DUE AS ON 31.03.2001 31.03.2000 31.03.2001 111247 0 | 0""]"
test,13499,13499.png,13499_2,How many data rows are in the table (excluding the header)?,0,lookup,Counted the number of non-header rows parsed from the table.,[10],"[""Data rows detected: 0""]"
test,13499,13499.png,13499_3,What is the main topic or content discussed in this section?,(G) RETIREMENT BENEFIT : Contribution to provident fund and family pension fund are charged to the profit & loss account as incurred. Contribution for gratuity is made on the basis...,comprehension,Summarized the main content from the text region.,[0],"[""(G) RETIREMENT BENEFIT : Contribution to provident fund and family pension fund are charged to the profit & loss account as incurred. Contribution for gratuity is made on the basis of amount determine""]"
test,13500,13500.png,13500_0,What does the figure show?,(A) Debts due from firms and companies in which Directors are interested :,lookup,Answered using the figure's extracted description text.,[9],"[""(A) Debts due from firms and companies in which Directors are interested :""]"
test,13500,13500.png,13500_1,What are the column headers in the table?,"AMOUNT DUE AS ON 31.03.2001 31.03.2000 31.03.2001 111247 0, 0",lookup,The header row contains the table's column names.,[10],"[""AMOUNT DUE AS ON 31.03.2001 31.03.2000 31.03.2001 111247 0 | 0""]"
test,13500,13500.png,13500_2,How many data rows are in the table (excluding the header)?,0,lookup,Counted the number of non-header rows parsed from the table.,[10],"[""Data rows detected: 0""]"
test,13500,13500.png,13500_3,What is the main topic or content discussed in this section?,(G) RETIREMENT BENEFIT : Contribution to provident fund and family pension fund are charged to the profit & loss account as incurred. Contribution for gratuity is made on the basis...,comprehension,Summarized the main content from the text region.,[0],"[""(G) RETIREMENT BENEFIT : Contribution to provident fund and family pension fund are charged to the profit & loss account as incurred. Contribution for gratuity is made on the basis of amount determine""]"
test,13503,13503.png,13503_0,What does the figure show?,(A) Debts due from firms and companies in which Directors are interested :,lookup,Answered using the figure's extracted description text.,[9],"[""(A) Debts due from firms and companies in which Directors are interested :""]"
test,13503,13503.png,13503_1,What are the column headers in the table?,"AMOUNT DUE AS ON 31.03.2001 31.03.2000 31.03.2001 111247 0, 0",lookup,The header row contains the table's column names.,[10],"[""AMOUNT DUE AS ON 31.03.2001 31.03.2000 31.03.2001 111247 0 | 0""]"
test,13503,13503.png,13503_2,How many data rows are in the table (excluding the header)?,0,lookup,Counted the number of non-header rows parsed from the table.,[10],"[""Data rows detected: 0""]"
test,13503,13503.png,13503_3,What is the main topic or content discussed in this section?,(G) RETIREMENT BENEFIT : Contribution to provident fund and family pension fund are charged to the profit & loss account as incurred. Contribution for gratuity is made on the basis...,comprehension,Summarized the main content from the text region.,[0],"[""(G) RETIREMENT BENEFIT : Contribution to provident fund and family pension fund are charged to the profit & loss account as incurred. Contribution for gratuity is made on the basis of amount determine""]"
test,13592,13592.png,13592_0,What is the main topic or content discussed in this section?,"The Company earned a Net Profit after Tax of Rs.218.97 lakhs as against a Net Loss after tax of Rs.124.93 lakhs last year,due to full year operations at the Cigarette...",comprehension,Summarized the main content from the text region.,[1],"[""The Company earned a Net Profit after Tax of Rs.218.97 lakhs as against a Net Loss after tax of Rs.124.93 lakhs last year,due to full year operations at the Cigarette Factory.""]"
test,13596,13596.png,13596_0,What is the main topic or content discussed in this section?,"The Company earned a Net Profit after Tax of Rs.218.97 lakhs as against a Net Loss after tax of Rs.124.93 lakhs last year,due to full year operations at the Cigarette...",comprehension,Summarized the main content from the text region.,[1],"[""The Company earned a Net Profit after Tax of Rs.218.97 lakhs as against a Net Loss after tax of Rs.124.93 lakhs last year,due to full year operations at the Cigarette Factory.""]"
test,14981,14981.png,14981_0,What does the figure show?,Abstract deadline Jan 20th 2003 First draft sent to Richie December 3 2003 Accepted Poster in preparation (Parthenon),lookup,Answered using the figure's extracted description text.,[8],"[""Abstract deadline Jan 20th 2003 First draft sent to Richie December 3 2003 Accepted Poster in preparation (Parthenon)""]"
test,14982,14982.png,14982_0,What does the figure show?,Abstract deadline Jan 20th 2003 First draft sent to Richie December 3 2003 Accepted Poster in preparation (Parthenon),lookup,Answered using the figure's extracted description text.,[8],"[""Abstract deadline Jan 20th 2003 First draft sent to Richie December 3 2003 Accepted Poster in preparation (Parthenon)""]"
test,14990,14990.png,14990_0,What does the figure show?,Abstract deadline Jan 20th 2003 First draft sent to Richie December 3 2003 Accepted Poster in preparation (Parthenon),lookup,Answered using the figure's extracted description text.,[8],"[""Abstract deadline Jan 20th 2003 First draft sent to Richie December 3 2003 Accepted Poster in preparation (Parthenon)""]"
test,15021,15021.png,15021_0,What are the column headers in the table?,"Awaiting finalization of negotiations with HMR regarding globalization of Premarin/ trimegestone. If approved, hoping to start October 1999. Study would complete April, 2001",lookup,The header row contains the table's column names.,[2],"[""Awaiting finalization of negotiations with HMR regarding globalization of Premarin/ trimegestone. If approved, hoping to start October 1999. Study would complete April | 2001""]"
test,15021,15021.png,15021_1,How many data rows are in the table (excluding the header)?,0,lookup,Counted the number of non-header rows parsed from the table.,[2],"[""Data rows detected: 0""]"
test,15021,15021.png,15021_2,What does the figure show?,Confidential Pursuant to Confidentiality Order,lookup,Answered using the figure's extracted description text.,[4],"[""Confidential Pursuant to Confidentiality Order""]"
test,15047,15047.png,15047_0,What does the figure show?,Update the 2-page introduction from the 2002 Capabilities presentation – look for this in 8775,lookup,Answered using the figure's extracted description text.,[1],"[""Update the 2-page introduction from the 2002 Capabilities presentation – look for this in 8775""]"
test,15052,15052.png,15052_0,What does the figure show?,Update the 2-page introduction from the 2002 Capabilities presentation – look for this in 8775,lookup,Answered using the figure's extracted description text.,[1],"[""Update the 2-page introduction from the 2002 Capabilities presentation – look for this in 8775""]"
test,15053,15053.png,15053_0,What does the figure show?,Update the 2-page introduction from the 2002 Capabilities presentation – look for this in 8775,lookup,Answered using the figure's extracted description text.,[1],"[""Update the 2-page introduction from the 2002 Capabilities presentation – look for this in 8775""]"
test,15122,15122.png,15122_0,What are the column headers in the table?,"Lakhs 2009-10 112542 6205 8200 14405 625 4632 770, 8378",lookup,The header row contains the table's column names.,[1],"[""Lakhs 2009-10 112542 6205 8200 14405 625 4632 770 | 8378""]"
test,15122,15122.png,15122_1,How many data rows are in the table (excluding the header)?,0,lookup,Counted the number of non-header rows parsed from the table.,[1],"[""Data rows detected: 0""]"
test,15122,15122.png,15122_2,What does the figure show?,975 6949 1127,lookup,Answered using the figure's extracted description text.,[4],"[""975 6949 1127""]"
test,15122,15122.png,15122_3,What is the main topic or content discussed in this section?,"The financial year 2010-11 recorded an improvement of 24.1% in Sales (Gross) and 53.1% Profit after Tax when compared to the previous year. A record year with record Sales, record...",comprehension,Summarized the main content from the text region.,[9],"[""The financial year 2010-11 recorded an improvement of 24.1% in Sales (Gross) and 53.1% Profit after Tax when compared to the previous year. A record year with record Sales, record Profit after Tax and""]"
test,15250,15250.png,15250_0,What are the column headers in the table?,"36 36 36 28 27 26 34 35 29, 26",lookup,The header row contains the table's column names.,[3],"[""36 36 36 28 27 26 34 35 29 | 26""]"
test,15250,15250.png,15250_1,How many data rows are in the table (excluding the header)?,0,lookup,Counted the number of non-header rows parsed from the table.,[3],"[""Data rows detected: 0""]"
test,15250,15250.png,15250_2,What does the figure show?,Material non-listed subsidiary companies as defined in Clause 49 of the Listing Agreement with Stock Exchanges: None,lookup,Answered using the figure's extracted description text.,[15],"[""Material non-listed subsidiary companies as defined in Clause 49 of the Listing Agreement with Stock Exchanges: None""]"
test,15250,15250.png,15250_3,What is the main topic or content discussed in this section?,The quarterly results of the Company were announced within a month of completion of the quarter. Audited annual results alongwith the results for the fourth quarter were announced within two...,comprehension,Summarized the main content from the text region.,[4],"[""The quarterly results of the Company were announced within a month of completion of the quarter. Audited annual results alongwith the results for the fourth quarter were announced within two months of""]"
test,15254,15254.png,15254_0,What are the column headers in the table?,"36 36 36 28 27 26 34 35 29, 26",lookup,The header row contains the table's column names.,[3],"[""36 36 36 28 27 26 34 35 29 | 26""]"
test,15254,15254.png,15254_1,How many data rows are in the table (excluding the header)?,0,lookup,Counted the number of non-header rows parsed from the table.,[3],"[""Data rows detected: 0""]"
test,15254,15254.png,15254_2,What does the figure show?,Material non-listed subsidiary companies as defined in Clause 49 of the Listing Agreement with Stock Exchanges: None,lookup,Answered using the figure's extracted description text.,[15],"[""Material non-listed subsidiary companies as defined in Clause 49 of the Listing Agreement with Stock Exchanges: None""]"
test,15254,15254.png,15254_3,What is the main topic or content discussed in this section?,The quarterly results of the Company were announced within a month of completion of the quarter. Audited annual results alongwith the results for the fourth quarter were announced within two...,comprehension,Summarized the main content from the text region.,[4],"[""The quarterly results of the Company were announced within a month of completion of the quarter. Audited annual results alongwith the results for the fourth quarter were announced within two months of""]"
test,15256,15256.png,15256_0,What are the column headers in the table?,"36 36 36 28 27 26 34 35 29, 26",lookup,The header row contains the table's column names.,[3],"[""36 36 36 28 27 26 34 35 29 | 26""]"
test,15256,15256.png,15256_1,How many data rows are in the table (excluding the header)?,0,lookup,Counted the number of non-header rows parsed from the table.,[3],"[""Data rows detected: 0""]"
test,15256,15256.png,15256_2,What does the figure show?,Material non-listed subsidiary companies as defined in Clause 49 of the Listing Agreement with Stock Exchanges: None,lookup,Answered using the figure's extracted description text.,[15],"[""Material non-listed subsidiary companies as defined in Clause 49 of the Listing Agreement with Stock Exchanges: None""]"
test,15256,15256.png,15256_3,What is the main topic or content discussed in this section?,The quarterly results of the Company were announced within a month of completion of the quarter. Audited annual results alongwith the results for the fourth quarter were announced within two...,comprehension,Summarized the main content from the text region.,[4],"[""The quarterly results of the Company were announced within a month of completion of the quarter. Audited annual results alongwith the results for the fourth quarter were announced within two months of""]"
test,15258,15258.png,15258_0,What are the column headers in the table?,"36 36 36 28 27 26 34 35 29, 26",lookup,The header row contains the table's column names.,[3],"[""36 36 36 28 27 26 34 35 29 | 26""]"
test,15258,15258.png,15258_1,How many data rows are in the table (excluding the header)?,0,lookup,Counted the number of non-header rows parsed from the table.,[3],"[""Data rows detected: 0""]"
test,15258,15258.png,15258_2,What does the figure show?,Material non-listed subsidiary companies as defined in Clause 49 of the Listing Agreement with Stock Exchanges: None,lookup,Answered using the figure's extracted description text.,[15],"[""Material non-listed subsidiary companies as defined in Clause 49 of the Listing Agreement with Stock Exchanges: None""]"
test,15258,15258.png,15258_3,What is the main topic or content discussed in this section?,The quarterly results of the Company were announced within a month of completion of the quarter. Audited annual results alongwith the results for the fourth quarter were announced within two...,comprehension,Summarized the main content from the text region.,[4],"[""The quarterly results of the Company were announced within a month of completion of the quarter. Audited annual results alongwith the results for the fourth quarter were announced within two months of""]"
test,15265,15265.png,15265_0,What are the column headers in the table?,"36 36 36 28 27 26 34 35 29, 26",lookup,The header row contains the table's column names.,[3],"[""36 36 36 28 27 26 34 35 29 | 26""]"
test,15265,15265.png,15265_1,How many data rows are in the table (excluding the header)?,0,lookup,Counted the number of non-header rows parsed from the table.,[3],"[""Data rows detected: 0""]"
test,15265,15265.png,15265_2,What does the figure show?,Material non-listed subsidiary companies as defined in Clause 49 of the Listing Agreement with Stock Exchanges: None,lookup,Answered using the figure's extracted description text.,[15],"[""Material non-listed subsidiary companies as defined in Clause 49 of the Listing Agreement with Stock Exchanges: None""]"
test,15265,15265.png,15265_3,What is the main topic or content discussed in this section?,The quarterly results of the Company were announced within a month of completion of the quarter. Audited annual results alongwith the results for the fourth quarter were announced within two...,comprehension,Summarized the main content from the text region.,[4],"[""The quarterly results of the Company were announced within a month of completion of the quarter. Audited annual results alongwith the results for the fourth quarter were announced within two months of""]"
test,15285,15285.png,15285_0,What are the column headers in the table?,"growth, rising income levels, increasing urbanisation and favourable demographic trends. These growth drivers are expected to continue to favourably impact the industtry which is estimated to reach, 4",lookup,The header row contains the table's column names.,[3],"[""growth, rising income levels, increasing urbanisation and favourable demographic trends. These growth drivers are expected to continue to favourably impact the industtry which is estimated to reach | 4""]"
test,15285,15285.png,15285_1,How many data rows are in the table (excluding the header)?,0,lookup,Counted the number of non-header rows parsed from the table.,[3],"[""Data rows detected: 0""]"
test,15285,15285.png,15285_2,What does the figure show?,Sales (7 Crs) 5545,lookup,Answered using the figure's extracted description text.,[4],"[""Sales (7 Crs) 5545""]"
test,15285,15285.png,15285_3,What is the main topic or content discussed in this section?,"Within a relatively short span of time, your Company has established several strong consumer brands in the Indian FMCG market. Segment Results reflect the gestation costs of these businesses largely...",comprehension,Summarized the main content from the text region.,[6],"[""Within a relatively short span of time, your Company has established several strong consumer brands in the Indian FMCG market. Segment Results reflect the gestation costs of these businesses largely c""]"
test,15289,15289.png,15289_0,What are the column headers in the table?,"growth, rising income levels, increasing urbanisation and favourable demographic trends. These growth drivers are expected to continue to favourably impact the industtry which is estimated to reach, 4",lookup,The header row contains the table's column names.,[3],"[""growth, rising income levels, increasing urbanisation and favourable demographic trends. These growth drivers are expected to continue to favourably impact the industtry which is estimated to reach | 4""]"
test,15289,15289.png,15289_1,How many data rows are in the table (excluding the header)?,0,lookup,Counted the number of non-header rows parsed from the table.,[3],"[""Data rows detected: 0""]"
test,15289,15289.png,15289_2,What does the figure show?,Sales (7 Crs) 5545,lookup,Answered using the figure's extracted description text.,[4],"[""Sales (7 Crs) 5545""]"
test,15289,15289.png,15289_3,What is the main topic or content discussed in this section?,"Within a relatively short span of time, your Company has established several strong consumer brands in the Indian FMCG market. Segment Results reflect the gestation costs of these businesses largely...",comprehension,Summarized the main content from the text region.,[6],"[""Within a relatively short span of time, your Company has established several strong consumer brands in the Indian FMCG market. Segment Results reflect the gestation costs of these businesses largely c""]"
test,15291,15291.png,15291_0,What are the column headers in the table?,"36 36 36 28 27 26 34 35 29, 26",lookup,The header row contains the table's column names.,[3],"[""36 36 36 28 27 26 34 35 29 | 26""]"
test,15291,15291.png,15291_1,How many data rows are in the table (excluding the header)?,0,lookup,Counted the number of non-header rows parsed from the table.,[3],"[""Data rows detected: 0""]"
test,15291,15291.png,15291_2,What does the figure show?,Material non-listed subsidiary companies as defined in Clause 49 of the Listing Agreement with Stock Exchanges: None,lookup,Answered using the figure's extracted description text.,[15],"[""Material non-listed subsidiary companies as defined in Clause 49 of the Listing Agreement with Stock Exchanges: None""]"
test,15291,15291.png,15291_3,What is the main topic or content discussed in this section?,The quarterly results of the Company were announced within a month of completion of the quarter. Audited annual results alongwith the results for the fourth quarter were announced within two...,comprehension,Summarized the main content from the text region.,[4],"[""The quarterly results of the Company were announced within a month of completion of the quarter. Audited annual results alongwith the results for the fourth quarter were announced within two months of""]"
test,15298,15298.png,15298_0,What are the column headers in the table?,"Low (Rs.) 341.00 330.00 287.90 306.00 302.50 272.35 260.00 335.00 396.00 370.00 356.55, 355.00",lookup,The header row contains the table's column names.,[3],"[""Low (Rs.) 341.00 330.00 287.90 306.00 302.50 272.35 260.00 335.00 396.00 370.00 356.55 | 355.00""]"
test,15298,15298.png,15298_1,How many data rows are in the table (excluding the header)?,0,lookup,Counted the number of non-header rows parsed from the table.,[3],"[""Data rows detected: 0""]"
test,15298,15298.png,15298_2,What is the main topic or content discussed in this section?,"(v) Listing on the Stock Exchange: The Company's shares are listed on National Stock Exchange (Stock Code GODFRY PHLP), Mumbai Stock Exchange (Stock Code 500163) and the Calcutta Stock Exchange...",comprehension,Summarized the main content from the text region.,[1],"[""(v) Listing on the Stock Exchange: The Company's shares are listed on National Stock Exchange (Stock Code GODFRY PHLP), Mumbai Stock Exchange (Stock Code 500163) and the Calcutta Stock Exchange (Stock""]"
test,15302,15302.png,15302_0,What are the column headers in the table?,"Low (Rs.) 341.00 330.00 287.90 306.00 302.50 272.35 260.00 335.00 396.00 370.00 356.55, 355.00",lookup,The header row contains the table's column names.,[3],"[""Low (Rs.) 341.00 330.00 287.90 306.00 302.50 272.35 260.00 335.00 396.00 370.00 356.55 | 355.00""]"
test,15302,15302.png,15302_1,How many data rows are in the table (excluding the header)?,0,lookup,Counted the number of non-header rows parsed from the table.,[3],"[""Data rows detected: 0""]"
test,15302,15302.png,15302_2,What is the main topic or content discussed in this section?,"(v) Listing on the Stock Exchange: The Company's shares are listed on National Stock Exchange (Stock Code GODFRY PHLP), Mumbai Stock Exchange (Stock Code 500163) and the Calcutta Stock Exchange...",comprehension,Summarized the main content from the text region.,[1],"[""(v) Listing on the Stock Exchange: The Company's shares are listed on National Stock Exchange (Stock Code GODFRY PHLP), Mumbai Stock Exchange (Stock Code 500163) and the Calcutta Stock Exchange (Stock""]"
test,15304,15304.png,15304_0,What are the column headers in the table?,"Low (Rs.) 341.00 330.00 287.90 306.00 302.50 272.35 260.00 335.00 396.00 370.00 356.55, 355.00",lookup,The header row contains the table's column names.,[3],"[""Low (Rs.) 341.00 330.00 287.90 306.00 302.50 272.35 260.00 335.00 396.00 370.00 356.55 | 355.00""]"
test,15304,15304.png,15304_1,How many data rows are in the table (excluding the header)?,0,lookup,Counted the number of non-header rows parsed from the table.,[3],"[""Data rows detected: 0""]"
test,15304,15304.png,15304_2,What is the main topic or content discussed in this section?,"(v) Listing on the Stock Exchange: The Company's shares are listed on National Stock Exchange (Stock Code GODFRY PHLP), Mumbai Stock Exchange (Stock Code 500163) and the Calcutta Stock Exchange...",comprehension,Summarized the main content from the text region.,[1],"[""(v) Listing on the Stock Exchange: The Company's shares are listed on National Stock Exchange (Stock Code GODFRY PHLP), Mumbai Stock Exchange (Stock Code 500163) and the Calcutta Stock Exchange (Stock""]"
test,15305,15305.png,15305_0,What are the column headers in the table?,"Low (Rs.) 341.00 330.00 287.90 306.00 302.50 272.35 260.00 335.00 396.00 370.00 356.55, 355.00",lookup,The header row contains the table's column names.,[3],"[""Low (Rs.) 341.00 330.00 287.90 306.00 302.50 272.35 260.00 335.00 396.00 370.00 356.55 | 355.00""]"
test,15305,15305.png,15305_1,How many data rows are in the table (excluding the header)?,0,lookup,Counted the number of non-header rows parsed from the table.,[3],"[""Data rows detected: 0""]"
test,15305,15305.png,15305_2,What is the main topic or content discussed in this section?,"(v) Listing on the Stock Exchange: The Company's shares are listed on National Stock Exchange (Stock Code GODFRY PHLP), Mumbai Stock Exchange (Stock Code 500163) and the Calcutta Stock Exchange...",comprehension,Summarized the main content from the text region.,[1],"[""(v) Listing on the Stock Exchange: The Company's shares are listed on National Stock Exchange (Stock Code GODFRY PHLP), Mumbai Stock Exchange (Stock Code 500163) and the Calcutta Stock Exchange (Stock""]"
test,15306,15306.png,15306_0,What are the column headers in the table?,"Low (Rs.) 341.00 330.00 287.90 306.00 302.50 272.35 260.00 335.00 396.00 370.00 356.55, 355.00",lookup,The header row contains the table's column names.,[3],"[""Low (Rs.) 341.00 330.00 287.90 306.00 302.50 272.35 260.00 335.00 396.00 370.00 356.55 | 355.00""]"
test,15306,15306.png,15306_1,How many data rows are in the table (excluding the header)?,0,lookup,Counted the number of non-header rows parsed from the table.,[3],"[""Data rows detected: 0""]"
test,15306,15306.png,15306_2,What is the main topic or content discussed in this section?,"(v) Listing on the Stock Exchange: The Company's shares are listed on National Stock Exchange (Stock Code GODFRY PHLP), Mumbai Stock Exchange (Stock Code 500163) and the Calcutta Stock Exchange...",comprehension,Summarized the main content from the text region.,[1],"[""(v) Listing on the Stock Exchange: The Company's shares are listed on National Stock Exchange (Stock Code GODFRY PHLP), Mumbai Stock Exchange (Stock Code 500163) and the Calcutta Stock Exchange (Stock""]"
test,15308,15308.png,15308_0,What are the column headers in the table?,"Low (Rs.) 341.00 330.00 287.90 306.00 302.50 272.35 260.00 335.00 396.00 370.00 356.55, 355.00",lookup,The header row contains the table's column names.,[3],"[""Low (Rs.) 341.00 330.00 287.90 306.00 302.50 272.35 260.00 335.00 396.00 370.00 356.55 | 355.00""]"
test,15308,15308.png,15308_1,How many data rows are in the table (excluding the header)?,0,lookup,Counted the number of non-header rows parsed from the table.,[3],"[""Data rows detected: 0""]"
test,15308,15308.png,15308_2,What is the main topic or content discussed in this section?,"(v) Listing on the Stock Exchange: The Company's shares are listed on National Stock Exchange (Stock Code GODFRY PHLP), Mumbai Stock Exchange (Stock Code 500163) and the Calcutta Stock Exchange...",comprehension,Summarized the main content from the text region.,[1],"[""(v) Listing on the Stock Exchange: The Company's shares are listed on National Stock Exchange (Stock Code GODFRY PHLP), Mumbai Stock Exchange (Stock Code 500163) and the Calcutta Stock Exchange (Stock""]"
test,15315,15315.png,15315_0,What are the column headers in the table?,"ITC's, e-Choupa –world'slat ural digital i infrastructure Empowering more than 4 million farmers",lookup,The header row contains the table's column names.,[0],"[""ITC's | e-Choupa –world'slat ural digital i infrastructure Empowering more than 4 million farmers""]"
test,15315,15315.png,15315_1,How many data rows are in the table (excluding the header)?,0,lookup,Counted the number of non-header rows parsed from the table.,[0],"[""Data rows detected: 0""]"
test,15316,15316.png,15316_0,What are the column headers in the table?,"ITC's, e-Choupa –world'slat ural digital i infrastructure Empowering more than 4 million farmers",lookup,The header row contains the table's column names.,[0],"[""ITC's | e-Choupa –world'slat ural digital i infrastructure Empowering more than 4 million farmers""]"
test,15316,15316.png,15316_1,How many data rows are in the table (excluding the header)?,0,lookup,Counted the number of non-header rows parsed from the table.,[0],"[""Data rows detected: 0""]"
test,15317,15317.png,15317_0,What are the column headers in the table?,"ITC's, e-Choupa –world'slat ural digital i infrastructure Empowering more than 4 million farmers",lookup,The header row contains the table's column names.,[0],"[""ITC's | e-Choupa –world'slat ural digital i infrastructure Empowering more than 4 million farmers""]"
test,15317,15317.png,15317_1,How many data rows are in the table (excluding the header)?,0,lookup,Counted the number of non-header rows parsed from the table.,[0],"[""Data rows detected: 0""]"
test,15319,15319.png,15319_0,What are the column headers in the table?,"ITC's, e-Choupa –world'slat ural digital i infrastructure Empowering more than 4 million farmers",lookup,The header row contains the table's column names.,[0],"[""ITC's | e-Choupa –world'slat ural digital i infrastructure Empowering more than 4 million farmers""]"
test,15319,15319.png,15319_1,How many data rows are in the table (excluding the header)?,0,lookup,Counted the number of non-header rows parsed from the table.,[0],"[""Data rows detected: 0""]"
test,15337,15337.png,15337_0,What are the column headers in the table?,"Enterprises where control exists Subsidiaries Others 2009 2008 2009 152.18 136.09 275.25 281.89 1.87, 1.92",lookup,The header row contains the table's column names.,[1],"[""Enterprises where control exists Subsidiaries Others 2009 2008 2009 152.18 136.09 275.25 281.89 1.87 | 1.92""]"
test,15337,15337.png,15337_1,How many data rows are in the table (excluding the header)?,0,lookup,Counted the number of non-header rows parsed from the table.,[1],"[""Data rows detected: 0""]"
test,15337,15337.png,15337_2,What does the figure show?,Enterprises where control exists Subsidiaries Others 2009 2008 2009 152.18 136.09 275.25 281.89 1.87 1.92,lookup,Answered using the figure's extracted description text.,[2],"[""Enterprises where control exists Subsidiaries Others 2009 2008 2009 152.18 136.09 275.25 281.89 1.87 1.92""]"
test,15360,15360.png,15360_0,What does the figure show?,Journal of Women's Health and Gender-Based Medicine,lookup,Answered using the figure's extracted description text.,[2],"[""Journal of Women's Health and Gender-Based Medicine""]"
test,15361,15361.png,15361_0,What does the figure show?,Journal of Women's Health and Gender-Based Medicine,lookup,Answered using the figure's extracted description text.,[2],"[""Journal of Women's Health and Gender-Based Medicine""]"
test,15362,15362.png,15362_0,What does the figure show?,Journal of Women's Health and Gender-Based Medicine,lookup,Answered using the figure's extracted description text.,[2],"[""Journal of Women's Health and Gender-Based Medicine""]"
test,15363,15363.png,15363_0,What does the figure show?,Journal of Women's Health and Gender-Based Medicine,lookup,Answered using the figure's extracted description text.,[2],"[""Journal of Women's Health and Gender-Based Medicine""]"
test,15364,15364.png,15364_0,What does the figure show?,Journal of Women's Health and Gender-Based Medicine,lookup,Answered using the figure's extracted description text.,[2],"[""Journal of Women's Health and Gender-Based Medicine""]"
test,15365,15365.png,15365_0,What does the figure show?,Journal of Women's Health and Gender-Based Medicine,lookup,Answered using the figure's extracted description text.,[2],"[""Journal of Women's Health and Gender-Based Medicine""]"
test,16390,16390.png,16390_0,What is the Date?,ZJuN1988,lookup,Extracted value for 'Date' from form field.,[2],"[""Date: ZJuN1988""]"
test,16397,16397.png,16397_0,What is the Date?,ZJuN1988,lookup,Extracted value for 'Date' from form field.,[2],"[""Date: ZJuN1988""]"
test,16399,16399.png,16399_0,What is the Date?,ZJuN1988,lookup,Extracted value for 'Date' from form field.,[2],"[""Date: ZJuN1988""]"
test,16401,16401.png,16401_0,What is the Date?,ZJuN1988,lookup,Extracted value for 'Date' from form field.,[2],"[""Date: ZJuN1988""]"
test,16403,16403.png,16403_0,What is the Date?,ZJuN1988,lookup,Extracted value for 'Date' from form field.,[2],"[""Date: ZJuN1988""]"
test,16404,16404.png,16404_0,What is the Date?,ZJuN1988,lookup,Extracted value for 'Date' from form field.,[2],"[""Date: ZJuN1988""]"
test,16406,16406.png,16406_0,What is the Date?,ZJuN1988,lookup,Extracted value for 'Date' from form field.,[2],"[""Date: ZJuN1988""]"
test,16412,16412.png,16412_0,What is the Date?,ZJuN1988,lookup,Extracted value for 'Date' from form field.,[2],"[""Date: ZJuN1988""]"
test,16414,16414.png,16414_0,What is the Date?,ZJuN1988,lookup,Extracted value for 'Date' from form field.,[2],"[""Date: ZJuN1988""]"
test,16512,16512.png,16512_0,What are the column headers in the table?,"DATE December 2-5, 2001 March 2002 May, 2002",lookup,The header row contains the table's column names.,[0],"[""DATE December 2-5, 2001 March 2002 May | 2002""]"
test,16512,16512.png,16512_1,How many data rows are in the table (excluding the header)?,0,lookup,Counted the number of non-header rows parsed from the table.,[0],"[""Data rows detected: 0""]"
test,16515,16515.png,16515_0,What are the column headers in the table?,"DATE December 2-5, 2001 March 2002 May, 2002",lookup,The header row contains the table's column names.,[0],"[""DATE December 2-5, 2001 March 2002 May | 2002""]"
test,16515,16515.png,16515_1,How many data rows are in the table (excluding the header)?,0,lookup,Counted the number of non-header rows parsed from the table.,[0],"[""Data rows detected: 0""]"
test,16518,16518.png,16518_0,What are the column headers in the table?,"DATE December 2-5, 2001 March 2002 May, 2002",lookup,The header row contains the table's column names.,[0],"[""DATE December 2-5, 2001 March 2002 May | 2002""]"
test,16518,16518.png,16518_1,How many data rows are in the table (excluding the header)?,0,lookup,Counted the number of non-header rows parsed from the table.,[0],"[""Data rows detected: 0""]"
test,16519,16519.png,16519_0,What are the column headers in the table?,"DATE December 2-5, 2001 March 2002 May, 2002",lookup,The header row contains the table's column names.,[0],"[""DATE December 2-5, 2001 March 2002 May | 2002""]"
test,16519,16519.png,16519_1,How many data rows are in the table (excluding the header)?,0,lookup,Counted the number of non-header rows parsed from the table.,[0],"[""Data rows detected: 0""]"
test,16520,16520.png,16520_0,What are the column headers in the table?,"DATE December 2-5, 2001 March 2002 May, 2002",lookup,The header row contains the table's column names.,[0],"[""DATE December 2-5, 2001 March 2002 May | 2002""]"
test,16520,16520.png,16520_1,How many data rows are in the table (excluding the header)?,0,lookup,Counted the number of non-header rows parsed from the table.,[0],"[""Data rows detected: 0""]"
test,16521,16521.png,16521_0,What are the column headers in the table?,"DATE December 2-5, 2001 March 2002 May, 2002",lookup,The header row contains the table's column names.,[0],"[""DATE December 2-5, 2001 March 2002 May | 2002""]"
test,16521,16521.png,16521_1,How many data rows are in the table (excluding the header)?,0,lookup,Counted the number of non-header rows parsed from the table.,[0],"[""Data rows detected: 0""]"
test,16523,16523.png,16523_0,What are the column headers in the table?,"DATE December 2-5, 2001 March 2002 May, 2002",lookup,The header row contains the table's column names.,[0],"[""DATE December 2-5, 2001 March 2002 May | 2002""]"
test,16523,16523.png,16523_1,How many data rows are in the table (excluding the header)?,0,lookup,Counted the number of non-header rows parsed from the table.,[0],"[""Data rows detected: 0""]"
test,16584,16584.png,16584_0,What is the main topic or content discussed in this section?,PERMISSION GRANTED Rights granted herein are non-exclusive and limited to one time only reproduction in printed format in the English language. Your credit line must include the name of the...,comprehension,Summarized the main content from the text region.,[5],"[""PERMISSION GRANTED Rights granted herein are non-exclusive and limited to one time only reproduction in printed format in the English language. Your credit line must include the name of the publicatio""]"
test,16590,16590.png,16590_0,What is the main topic or content discussed in this section?,PERMISSION GRANTED Rights granted herein are non-exclusive and limited to one time only reproduction in printed format in the English language. Your credit line must include the name of the...,comprehension,Summarized the main content from the text region.,[5],"[""PERMISSION GRANTED Rights granted herein are non-exclusive and limited to one time only reproduction in printed format in the English language. Your credit line must include the name of the publicatio""]"
test,16593,16593.png,16593_0,What is the main topic or content discussed in this section?,PERMISSION GRANTED Rights granted herein are non-exclusive and limited to one time only reproduction in printed format in the English language. Your credit line must include the name of the...,comprehension,Summarized the main content from the text region.,[5],"[""PERMISSION GRANTED Rights granted herein are non-exclusive and limited to one time only reproduction in printed format in the English language. Your credit line must include the name of the publicatio""]"
test,16595,16595.png,16595_0,What is the main topic or content discussed in this section?,PERMISSION GRANTED Rights granted herein are non-exclusive and limited to one time only reproduction in printed format in the English language. Your credit line must include the name of the...,comprehension,Summarized the main content from the text region.,[5],"[""PERMISSION GRANTED Rights granted herein are non-exclusive and limited to one time only reproduction in printed format in the English language. Your credit line must include the name of the publicatio""]"
test,16598,16598.png,16598_0,What is the main topic or content discussed in this section?,PERMISSION GRANTED Rights granted herein are non-exclusive and limited to one time only reproduction in printed format in the English language. Your credit line must include the name of the...,comprehension,Summarized the main content from the text region.,[5],"[""PERMISSION GRANTED Rights granted herein are non-exclusive and limited to one time only reproduction in printed format in the English language. Your credit line must include the name of the publicatio""]"
test,16603,16603.png,16603_0,What is the main topic or content discussed in this section?,PERMISSION GRANTED Rights granted herein are non-exclusive and limited to one time only reproduction in printed format in the English language. Your credit line must include the name of the...,comprehension,Summarized the main content from the text region.,[5],"[""PERMISSION GRANTED Rights granted herein are non-exclusive and limited to one time only reproduction in printed format in the English language. Your credit line must include the name of the publicatio""]"
test,16653,16653.png,16653_0,What is the main topic or content discussed in this section?,"$3,500. One-third may be invoiced upon commencement of work; the second third may be invoiced upon acceptance of the manuscript by DesignWrite; one-sixth may be invoiced upon submission of the...",comprehension,Summarized the main content from the text region.,[2],"[""$3,500. One-third may be invoiced upon commencement of work; the second third may be invoiced upon acceptance of the manuscript by DesignWrite; one-sixth may be invoiced upon submission of the paper t""]"
test,16656,16656.png,16656_0,What is the main topic or content discussed in this section?,"$3,500. One-third may be invoiced upon commencement of work; the second third may be invoiced upon acceptance of the manuscript by DesignWrite; one-sixth may be invoiced upon submission of the...",comprehension,Summarized the main content from the text region.,[2],"[""$3,500. One-third may be invoiced upon commencement of work; the second third may be invoiced upon acceptance of the manuscript by DesignWrite; one-sixth may be invoiced upon submission of the paper t""]"
test,16667,16667.png,16667_0,What is the main topic or content discussed in this section?,"$3,500. One-third may be invoiced upon commencement of work; the second third may be invoiced upon acceptance of the manuscript by DesignWrite; one-sixth may be invoiced upon submission of the...",comprehension,Summarized the main content from the text region.,[2],"[""$3,500. One-third may be invoiced upon commencement of work; the second third may be invoiced upon acceptance of the manuscript by DesignWrite; one-sixth may be invoiced upon submission of the paper t""]"
test,16673,16673.png,16673_0,What is the main topic or content discussed in this section?,"DesignWrite has proposed several symposia to be presented at meetings where dissemination of PREMARiN data is crucial, including meetings attended by specialists in the areas of women's health care, p",comprehension,Summarized the main content from the text region.,[0],"[""DesignWrite has proposed several symposia to be presented at meetings where dissemination of PREMARiN data is crucial, including meetings attended by specialists in the areas of women's health care, p""]"
test,16683,16683.png,16683_0,What is the main topic or content discussed in this section?,"On an as needed basis, DesignWrite will produce abstracts and posters from clinical data for national and international congresses. We will work closely with marketing, medical affairs, and clinical r",comprehension,Summarized the main content from the text region.,[0],"[""On an as needed basis, DesignWrite will produce abstracts and posters from clinical data for national and international congresses. We will work closely with marketing, medical affairs, and clinical r""]"
test,16685,16685.png,16685_0,What is the main topic or content discussed in this section?,"On an as needed basis, DesignWrite will produce abstracts and posters from clinical data for national and international congresses. We will work closely with marketing, medical affairs, and clinical r",comprehension,Summarized the main content from the text region.,[0],"[""On an as needed basis, DesignWrite will produce abstracts and posters from clinical data for national and international congresses. We will work closely with marketing, medical affairs, and clinical r""]"
test,16690,16690.png,16690_0,What are the column headers in the table?,"DesignWrite H c o ： A 1 E, 0",lookup,The header row contains the table's column names.,[0],"[""DesignWrite H c o ： A 1 E | 0""]"
test,16690,16690.png,16690_1,How many data rows are in the table (excluding the header)?,0,lookup,Counted the number of non-header rows parsed from the table.,[0],"[""Data rows detected: 0""]"
test,16690,16690.png,16690_2,What does the figure show?,DesignWrite H c o ： A 1 E 0,lookup,Answered using the figure's extracted description text.,[1],"[""DesignWrite H c o ： A 1 E 0""]"
test,16697,16697.png,16697_0,What are the column headers in the table?,"DesignWrite H c o ： A 1 E, 0",lookup,The header row contains the table's column names.,[0],"[""DesignWrite H c o ： A 1 E | 0""]"
test,16697,16697.png,16697_1,How many data rows are in the table (excluding the header)?,0,lookup,Counted the number of non-header rows parsed from the table.,[0],"[""Data rows detected: 0""]"
test,16697,16697.png,16697_2,What does the figure show?,DesignWrite H c o ： A 1 E 0,lookup,Answered using the figure's extracted description text.,[1],"[""DesignWrite H c o ： A 1 E 0""]"
test,16704,16704.png,16704_0,What are the column headers in the table?,"DesignWrite H c o ： A 1 E, 0",lookup,The header row contains the table's column names.,[0],"[""DesignWrite H c o ： A 1 E | 0""]"
test,16704,16704.png,16704_1,How many data rows are in the table (excluding the header)?,0,lookup,Counted the number of non-header rows parsed from the table.,[0],"[""Data rows detected: 0""]"
test,16704,16704.png,16704_2,What does the figure show?,DesignWrite H c o ： A 1 E 0,lookup,Answered using the figure's extracted description text.,[1],"[""DesignWrite H c o ： A 1 E 0""]"
test,16709,16709.png,16709_0,What are the column headers in the table?,"DesignWrite H c o ： A 1 E, 0",lookup,The header row contains the table's column names.,[0],"[""DesignWrite H c o ： A 1 E | 0""]"
test,16709,16709.png,16709_1,How many data rows are in the table (excluding the header)?,0,lookup,Counted the number of non-header rows parsed from the table.,[0],"[""Data rows detected: 0""]"
test,16709,16709.png,16709_2,What does the figure show?,DesignWrite H c o ： A 1 E 0,lookup,Answered using the figure's extracted description text.,[1],"[""DesignWrite H c o ： A 1 E 0""]"
test,16711,16711.png,16711_0,What are the column headers in the table?,"DesignWrite H c o ： A 1 E, 0",lookup,The header row contains the table's column names.,[0],"[""DesignWrite H c o ： A 1 E | 0""]"
test,16711,16711.png,16711_1,How many data rows are in the table (excluding the header)?,0,lookup,Counted the number of non-header rows parsed from the table.,[0],"[""Data rows detected: 0""]"
test,16711,16711.png,16711_2,What does the figure show?,DesignWrite H c o ： A 1 E 0,lookup,Answered using the figure's extracted description text.,[1],"[""DesignWrite H c o ： A 1 E 0""]"
test,16724,16724.png,16724_0,What is the main topic or content discussed in this section?,HINT is a quarterly report for Wyeth-Ayerst marketing management that will provide important surveillance data. It will include a summarized collection of MedWatch (a rapid report on adverse events ba,comprehension,Summarized the main content from the text region.,[4],"[""HINT is a quarterly report for Wyeth-Ayerst marketing management that will provide important surveillance data. It will include a summarized collection of MedWatch (a rapid report on adverse events ba""]"
test,16731,16731.png,16731_0,What is the main topic or content discussed in this section?,HINT is a quarterly report for Wyeth-Ayerst marketing management that will provide important surveillance data. It will include a summarized collection of MedWatch (a rapid report on adverse events ba,comprehension,Summarized the main content from the text region.,[4],"[""HINT is a quarterly report for Wyeth-Ayerst marketing management that will provide important surveillance data. It will include a summarized collection of MedWatch (a rapid report on adverse events ba""]"
test,16741,16741.png,16741_0,What is the main topic or content discussed in this section?,HINT is a quarterly report for Wyeth-Ayerst marketing management that will provide important surveillance data. It will include a summarized collection of MedWatch (a rapid report on adverse events ba,comprehension,Summarized the main content from the text region.,[4],"[""HINT is a quarterly report for Wyeth-Ayerst marketing management that will provide important surveillance data. It will include a summarized collection of MedWatch (a rapid report on adverse events ba""]"
test,1675,1675.png,1675_0,What are the column headers in the table?,"Patricia L. Ruppel, Ph.D. Director, Profect Management II Upjohn Laboratories gi97-25-7, The Upjohn Company 7000 Portage Road Kalamaz00,MI 49001-0199, Fax(616)384-9488",lookup,The header row contains the table's column names.,[0],"[""Patricia L. Ruppel, Ph.D. Director, Profect Management II Upjohn Laboratories gi97-25-7, The Upjohn Company 7000 Portage Road Kalamaz00,MI 49001-0199 | Fax(616)384-9488""]"
test,1675,1675.png,1675_1,How many data rows are in the table (excluding the header)?,0,lookup,Counted the number of non-header rows parsed from the table.,[0],"[""Data rows detected: 0""]"
test,1675,1675.png,1675_2,What is the main topic or content discussed in this section?,"Regarding Upjohn's statement for the development status of piogiitazone, we would like to propose the following alternative or a gimilar instead of Upjohn's proposal in due consideration of our curren",comprehension,Summarized the main content from the text region.,[7],"[""Regarding Upjohn's statement for the development status of piogiitazone, we would like to propose the following alternative or a gimilar instead of Upjohn's proposal in due consideration of our curren""]"
test,1676,1676.png,1676_0,What are the column headers in the table?,"Patricia L. Ruppel, Ph.D. Director, Profect Management II Upjohn Laboratories gi97-25-7, The Upjohn Company 7000 Portage Road Kalamaz00,MI 49001-0199, Fax(616)384-9488",lookup,The header row contains the table's column names.,[0],"[""Patricia L. Ruppel, Ph.D. Director, Profect Management II Upjohn Laboratories gi97-25-7, The Upjohn Company 7000 Portage Road Kalamaz00,MI 49001-0199 | Fax(616)384-9488""]"
test,1676,1676.png,1676_1,How many data rows are in the table (excluding the header)?,0,lookup,Counted the number of non-header rows parsed from the table.,[0],"[""Data rows detected: 0""]"
test,1676,1676.png,1676_2,What is the main topic or content discussed in this section?,"Regarding Upjohn's statement for the development status of piogiitazone, we would like to propose the following alternative or a gimilar instead of Upjohn's proposal in due consideration of our curren",comprehension,Summarized the main content from the text region.,[7],"[""Regarding Upjohn's statement for the development status of piogiitazone, we would like to propose the following alternative or a gimilar instead of Upjohn's proposal in due consideration of our curren""]"
test,1677,1677.png,1677_0,What are the column headers in the table?,"Patricia L. Ruppel, Ph.D. Director, Profect Management II Upjohn Laboratories gi97-25-7, The Upjohn Company 7000 Portage Road Kalamaz00,MI 49001-0199, Fax(616)384-9488",lookup,The header row contains the table's column names.,[0],"[""Patricia L. Ruppel, Ph.D. Director, Profect Management II Upjohn Laboratories gi97-25-7, The Upjohn Company 7000 Portage Road Kalamaz00,MI 49001-0199 | Fax(616)384-9488""]"
test,1677,1677.png,1677_1,How many data rows are in the table (excluding the header)?,0,lookup,Counted the number of non-header rows parsed from the table.,[0],"[""Data rows detected: 0""]"
test,1677,1677.png,1677_2,What is the main topic or content discussed in this section?,"Regarding Upjohn's statement for the development status of piogiitazone, we would like to propose the following alternative or a gimilar instead of Upjohn's proposal in due consideration of our curren",comprehension,Summarized the main content from the text region.,[7],"[""Regarding Upjohn's statement for the development status of piogiitazone, we would like to propose the following alternative or a gimilar instead of Upjohn's proposal in due consideration of our curren""]"
test,1678,1678.png,1678_0,What are the column headers in the table?,"Patricia L. Ruppel, Ph.D. Director, Profect Management II Upjohn Laboratories gi97-25-7, The Upjohn Company 7000 Portage Road Kalamaz00,MI 49001-0199, Fax(616)384-9488",lookup,The header row contains the table's column names.,[0],"[""Patricia L. Ruppel, Ph.D. Director, Profect Management II Upjohn Laboratories gi97-25-7, The Upjohn Company 7000 Portage Road Kalamaz00,MI 49001-0199 | Fax(616)384-9488""]"
test,1678,1678.png,1678_1,How many data rows are in the table (excluding the header)?,0,lookup,Counted the number of non-header rows parsed from the table.,[0],"[""Data rows detected: 0""]"
test,1678,1678.png,1678_2,What is the main topic or content discussed in this section?,"Regarding Upjohn's statement for the development status of piogiitazone, we would like to propose the following alternative or a gimilar instead of Upjohn's proposal in due consideration of our curren",comprehension,Summarized the main content from the text region.,[7],"[""Regarding Upjohn's statement for the development status of piogiitazone, we would like to propose the following alternative or a gimilar instead of Upjohn's proposal in due consideration of our curren""]"
test,16804,16804.png,16804_0,What does the figure show?,"3) Posters/Abstracts .$4,000* 3 Abstracts for COGI, HHS, FIGO. $10,500* 3 Posters developed and produced (COGI, HHS, FIGO). ..$12,500 Abstract/Poster for Endocrine Society (Zinaman).. ..$12,500 Abstra",lookup,Answered using the figure's extracted description text.,[4],"[""3) Posters/Abstracts .$4,000* 3 Abstracts for COGI, HHS, FIGO. $10,500* 3 Posters developed and produced (COGI, HHS, FIGO). ..$12,500 Abstract/Poster for Endocrine Society (Zinaman).. ..$12,500 Abstra""]"
test,16810,16810.png,16810_0,What is the main topic or content discussed in this section?,"As a follow-up to my conversation with your assistant, I have enclosed the actual reference of the technical report that I am trying to get a copy of. I misinformed...",comprehension,Summarized the main content from the text region.,[0],"[""As a follow-up to my conversation with your assistant, I have enclosed the actual reference of the technical report that I am trying to get a copy of. I misinformed your assistant: I did not find the""]"
test,16812,16812.png,16812_0,What is the main topic or content discussed in this section?,"As a follow-up to my conversation with your assistant, I have enclosed the actual reference of the technical report that I am trying to get a copy of. I misinformed...",comprehension,Summarized the main content from the text region.,[0],"[""As a follow-up to my conversation with your assistant, I have enclosed the actual reference of the technical report that I am trying to get a copy of. I misinformed your assistant: I did not find the""]"
test,16821,16821.png,16821_0,What is the main topic or content discussed in this section?,"As a follow-up to my conversation with your assistant, I have enclosed the actual reference of the technical report that I am trying to get a copy of. I misinformed...",comprehension,Summarized the main content from the text region.,[0],"[""As a follow-up to my conversation with your assistant, I have enclosed the actual reference of the technical report that I am trying to get a copy of. I misinformed your assistant: I did not find the""]"
test,16910,16910.png,16910_0,What are the column headers in the table?,"Medical and Scientific Communications Plan, 2000",lookup,The header row contains the table's column names.,[1],"[""Medical and Scientific Communications Plan | 2000""]"
test,16910,16910.png,16910_1,How many data rows are in the table (excluding the header)?,0,lookup,Counted the number of non-header rows parsed from the table.,[1],"[""Data rows detected: 0""]"
test,16911,16911.png,16911_0,What are the column headers in the table?,"Medical and Scientific Communications Plan, 2000",lookup,The header row contains the table's column names.,[1],"[""Medical and Scientific Communications Plan | 2000""]"
test,16911,16911.png,16911_1,How many data rows are in the table (excluding the header)?,0,lookup,Counted the number of non-header rows parsed from the table.,[1],"[""Data rows detected: 0""]"
test,16939,16939.png,16939_0,What are the column headers in the table?,"Council on Hormone Education Scientific Update on Hormones and Postmenopausal Health Four Seasons Hotel Philadelphia, Pennsylvania April 26-28,, 2002",lookup,The header row contains the table's column names.,[0],"[""Council on Hormone Education Scientific Update on Hormones and Postmenopausal Health Four Seasons Hotel Philadelphia, Pennsylvania April 26-28, | 2002""]"
test,16939,16939.png,16939_1,How many data rows are in the table (excluding the header)?,0,lookup,Counted the number of non-header rows parsed from the table.,[0],"[""Data rows detected: 0""]"
test,16942,16942.png,16942_0,What are the column headers in the table?,"Council on Hormone Education Scientific Update on Hormones and Postmenopausal Health Four Seasons Hotel Philadelphia, Pennsylvania April 26-28,, 2002",lookup,The header row contains the table's column names.,[0],"[""Council on Hormone Education Scientific Update on Hormones and Postmenopausal Health Four Seasons Hotel Philadelphia, Pennsylvania April 26-28, | 2002""]"
test,16942,16942.png,16942_1,How many data rows are in the table (excluding the header)?,0,lookup,Counted the number of non-header rows parsed from the table.,[0],"[""Data rows detected: 0""]"
test,16943,16943.png,16943_0,What are the column headers in the table?,"Council on Hormone Education Scientific Update on Hormones and Postmenopausal Health Four Seasons Hotel Philadelphia, Pennsylvania April 26-28,, 2002",lookup,The header row contains the table's column names.,[0],"[""Council on Hormone Education Scientific Update on Hormones and Postmenopausal Health Four Seasons Hotel Philadelphia, Pennsylvania April 26-28, | 2002""]"
test,16943,16943.png,16943_1,How many data rows are in the table (excluding the header)?,0,lookup,Counted the number of non-header rows parsed from the table.,[0],"[""Data rows detected: 0""]"
test,16944,16944.png,16944_0,What are the column headers in the table?,"Council on Hormone Education Scientific Update on Hormones and Postmenopausal Health Four Seasons Hotel Philadelphia, Pennsylvania April 26-28,, 2002",lookup,The header row contains the table's column names.,[0],"[""Council on Hormone Education Scientific Update on Hormones and Postmenopausal Health Four Seasons Hotel Philadelphia, Pennsylvania April 26-28, | 2002""]"
test,16944,16944.png,16944_1,How many data rows are in the table (excluding the header)?,0,lookup,Counted the number of non-header rows parsed from the table.,[0],"[""Data rows detected: 0""]"
test,16946,16946.png,16946_0,What are the column headers in the table?,"Council on Hormone Education Scientific Update on Hormones and Postmenopausal Health Four Seasons Hotel Philadelphia, Pennsylvania April 26-28,, 2002",lookup,The header row contains the table's column names.,[0],"[""Council on Hormone Education Scientific Update on Hormones and Postmenopausal Health Four Seasons Hotel Philadelphia, Pennsylvania April 26-28, | 2002""]"
test,16946,16946.png,16946_1,How many data rows are in the table (excluding the header)?,0,lookup,Counted the number of non-header rows parsed from the table.,[0],"[""Data rows detected: 0""]"
test,16947,16947.png,16947_0,What are the column headers in the table?,"Council on Hormone Education Scientific Update on Hormones and Postmenopausal Health Four Seasons Hotel Philadelphia, Pennsylvania April 26-28,, 2002",lookup,The header row contains the table's column names.,[0],"[""Council on Hormone Education Scientific Update on Hormones and Postmenopausal Health Four Seasons Hotel Philadelphia, Pennsylvania April 26-28, | 2002""]"
test,16947,16947.png,16947_1,How many data rows are in the table (excluding the header)?,0,lookup,Counted the number of non-header rows parsed from the table.,[0],"[""Data rows detected: 0""]"
test,16948,16948.png,16948_0,What are the column headers in the table?,"Council on Hormone Education Scientific Update on Hormones and Postmenopausal Health Four Seasons Hotel Philadelphia, Pennsylvania April 26-28,, 2002",lookup,The header row contains the table's column names.,[0],"[""Council on Hormone Education Scientific Update on Hormones and Postmenopausal Health Four Seasons Hotel Philadelphia, Pennsylvania April 26-28, | 2002""]"
test,16948,16948.png,16948_1,How many data rows are in the table (excluding the header)?,0,lookup,Counted the number of non-header rows parsed from the table.,[0],"[""Data rows detected: 0""]"
test,16955,16955.png,16955_0,What does the figure show?,To: Karen Möldlkman,lookup,Answered using the figure's extracted description text.,[2],"[""To: Karen Möldlkman""]"
test,16956,16956.png,16956_0,What does the figure show?,To: Karen Möldlkman,lookup,Answered using the figure's extracted description text.,[2],"[""To: Karen Möldlkman""]"
test,16958,16958.png,16958_0,What does the figure show?,To: Karen Möldlkman,lookup,Answered using the figure's extracted description text.,[2],"[""To: Karen Möldlkman""]"
test,16960,16960.png,16960_0,What is the main topic or content discussed in this section?,Naima forwarded a message indicating you needed a clean copy of this chapter. She requested that I fax it to you. Please let me know if you would like to...,comprehension,Summarized the main content from the text region.,[2],"[""Naima forwarded a message indicating you needed a clean copy of this chapter. She requested that I fax it to you. Please let me know if you would like to have the copy sent overnight to you.""]"
test,16962,16962.png,16962_0,What is the main topic or content discussed in this section?,Naima forwarded a message indicating you needed a clean copy of this chapter. She requested that I fax it to you. Please let me know if you would like to...,comprehension,Summarized the main content from the text region.,[2],"[""Naima forwarded a message indicating you needed a clean copy of this chapter. She requested that I fax it to you. Please let me know if you would like to have the copy sent overnight to you.""]"
test,16963,16963.png,16963_0,What is the main topic or content discussed in this section?,Naima forwarded a message indicating you needed a clean copy of this chapter. She requested that I fax it to you. Please let me know if you would like to...,comprehension,Summarized the main content from the text region.,[2],"[""Naima forwarded a message indicating you needed a clean copy of this chapter. She requested that I fax it to you. Please let me know if you would like to have the copy sent overnight to you.""]"
test,16965,16965.png,16965_0,What is the main topic or content discussed in this section?,Naima forwarded a message indicating you needed a clean copy of this chapter. She requested that I fax it to you. Please let me know if you would like to...,comprehension,Summarized the main content from the text region.,[2],"[""Naima forwarded a message indicating you needed a clean copy of this chapter. She requested that I fax it to you. Please let me know if you would like to have the copy sent overnight to you.""]"
test,16966,16966.png,16966_0,What is the main topic or content discussed in this section?,Naima forwarded a message indicating you needed a clean copy of this chapter. She requested that I fax it to you. Please let me know if you would like to...,comprehension,Summarized the main content from the text region.,[2],"[""Naima forwarded a message indicating you needed a clean copy of this chapter. She requested that I fax it to you. Please let me know if you would like to have the copy sent overnight to you.""]"
test,16967,16967.png,16967_0,What is the main topic or content discussed in this section?,Naima forwarded a message indicating you needed a clean copy of this chapter. She requested that I fax it to you. Please let me know if you would like to...,comprehension,Summarized the main content from the text region.,[2],"[""Naima forwarded a message indicating you needed a clean copy of this chapter. She requested that I fax it to you. Please let me know if you would like to have the copy sent overnight to you.""]"
test,16968,16968.png,16968_0,What is the main topic or content discussed in this section?,Naima forwarded a message indicating you needed a clean copy of this chapter. She requested that I fax it to you. Please let me know if you would like to...,comprehension,Summarized the main content from the text region.,[2],"[""Naima forwarded a message indicating you needed a clean copy of this chapter. She requested that I fax it to you. Please let me know if you would like to have the copy sent overnight to you.""]"
test,16971,16971.png,16971_0,What is the main topic or content discussed in this section?,Naima forwarded a message indicating you needed a clean copy of this chapter. She requested that I fax it to you. Please let me know if you would like to...,comprehension,Summarized the main content from the text region.,[2],"[""Naima forwarded a message indicating you needed a clean copy of this chapter. She requested that I fax it to you. Please let me know if you would like to have the copy sent overnight to you.""]"
test,17155,17155.png,17155_0,What does the figure show?,Recruit editorial board/monthly newsletter development. (12 issues),lookup,Answered using the figure's extracted description text.,[1],"[""Recruit editorial board/monthly newsletter development. (12 issues)""]"
test,17156,17156.png,17156_0,What does the figure show?,Recruit editorial board/monthly newsletter development. (12 issues),lookup,Answered using the figure's extracted description text.,[1],"[""Recruit editorial board/monthly newsletter development. (12 issues)""]"
test,17157,17157.png,17157_0,What does the figure show?,Recruit editorial board/monthly newsletter development. (12 issues),lookup,Answered using the figure's extracted description text.,[1],"[""Recruit editorial board/monthly newsletter development. (12 issues)""]"
test,17158,17158.png,17158_0,What does the figure show?,Recruit editorial board/monthly newsletter development. (12 issues),lookup,Answered using the figure's extracted description text.,[1],"[""Recruit editorial board/monthly newsletter development. (12 issues)""]"
test,17160,17160.png,17160_0,What are the column headers in the table?,"WYETH-AYERST Wyeth: Dave Downey Rick Winneker Jasmine Baleva Jim Gurr Phil Vinall David Dubinski 21# March, 2002",lookup,The header row contains the table's column names.,[0],"[""WYETH-AYERST Wyeth: Dave Downey Rick Winneker Jasmine Baleva Jim Gurr Phil Vinall David Dubinski 21# March | 2002""]"
test,17160,17160.png,17160_1,How many data rows are in the table (excluding the header)?,0,lookup,Counted the number of non-header rows parsed from the table.,[0],"[""Data rows detected: 0""]"
test,17160,17160.png,17160_2,What does the figure show?,"Paper being prepared by Parthenon Title revised, approval needed",lookup,Answered using the figure's extracted description text.,[3],"[""Paper being prepared by Parthenon Title revised, approval needed""]"
test,17161,17161.png,17161_0,What are the column headers in the table?,"WYETH-AYERST Wyeth: Dave Downey Rick Winneker Jasmine Baleva Jim Gurr Phil Vinall David Dubinski 21# March, 2002",lookup,The header row contains the table's column names.,[0],"[""WYETH-AYERST Wyeth: Dave Downey Rick Winneker Jasmine Baleva Jim Gurr Phil Vinall David Dubinski 21# March | 2002""]"
test,17161,17161.png,17161_1,How many data rows are in the table (excluding the header)?,0,lookup,Counted the number of non-header rows parsed from the table.,[0],"[""Data rows detected: 0""]"
test,17161,17161.png,17161_2,What does the figure show?,"Paper being prepared by Parthenon Title revised, approval needed",lookup,Answered using the figure's extracted description text.,[3],"[""Paper being prepared by Parthenon Title revised, approval needed""]"
test,17162,17162.png,17162_0,What are the column headers in the table?,"WYETH-AYERST Wyeth: Dave Downey Rick Winneker Jasmine Baleva Jim Gurr Phil Vinall David Dubinski 21# March, 2002",lookup,The header row contains the table's column names.,[0],"[""WYETH-AYERST Wyeth: Dave Downey Rick Winneker Jasmine Baleva Jim Gurr Phil Vinall David Dubinski 21# March | 2002""]"
test,17162,17162.png,17162_1,How many data rows are in the table (excluding the header)?,0,lookup,Counted the number of non-header rows parsed from the table.,[0],"[""Data rows detected: 0""]"
test,17162,17162.png,17162_2,What does the figure show?,"Paper being prepared by Parthenon Title revised, approval needed",lookup,Answered using the figure's extracted description text.,[3],"[""Paper being prepared by Parthenon Title revised, approval needed""]"
test,1799,1799.png,1799_0,What is the main topic or content discussed in this section?,We are pleased that you have chosen the US.Environmental Protection Agency as your place of employment and look forward to welcoming you to the Agency. We hope thatyou will find...,comprehension,Summarized the main content from the text region.,[2],"[""We are pleased that you have chosen the US.Environmental Protection Agency as your place of employment and look forward to welcoming you to the Agency. We hope thatyou will find your new assignment bo""]"
test,1800,1800.png,1800_0,What is the main topic or content discussed in this section?,We are pleased that you have chosen the US.Environmental Protection Agency as your place of employment and look forward to welcoming you to the Agency. We hope thatyou will find...,comprehension,Summarized the main content from the text region.,[2],"[""We are pleased that you have chosen the US.Environmental Protection Agency as your place of employment and look forward to welcoming you to the Agency. We hope thatyou will find your new assignment bo""]"
test,1801,1801.png,1801_0,What is the main topic or content discussed in this section?,We are pleased that you have chosen the US.Environmental Protection Agency as your place of employment and look forward to welcoming you to the Agency. We hope thatyou will find...,comprehension,Summarized the main content from the text region.,[2],"[""We are pleased that you have chosen the US.Environmental Protection Agency as your place of employment and look forward to welcoming you to the Agency. We hope thatyou will find your new assignment bo""]"
test,1802,1802.png,1802_0,What is the main topic or content discussed in this section?,We are pleased that you have chosen the US.Environmental Protection Agency as your place of employment and look forward to welcoming you to the Agency. We hope thatyou will find...,comprehension,Summarized the main content from the text region.,[2],"[""We are pleased that you have chosen the US.Environmental Protection Agency as your place of employment and look forward to welcoming you to the Agency. We hope thatyou will find your new assignment bo""]"
test,1803,1803.png,1803_0,What is the main topic or content discussed in this section?,We are pleased that you have chosen the US.Environmental Protection Agency as your place of employment and look forward to welcoming you to the Agency. We hope thatyou will find...,comprehension,Summarized the main content from the text region.,[2],"[""We are pleased that you have chosen the US.Environmental Protection Agency as your place of employment and look forward to welcoming you to the Agency. We hope thatyou will find your new assignment bo""]"
test,1804,1804.png,1804_0,What is the main topic or content discussed in this section?,"5 De a rfie ld KL, Sta c k HF, Que st JA, Whiting RJ, Wa te rs MD. 1993. A survey of EPA/OPP a nd open lite ra ture...",comprehension,Summarized the main content from the text region.,[0],"[""5 De a rfie ld KL, Sta c k HF, Que st JA, Whiting RJ, Wa te rs MD. 1993. A survey of EPA/OPP a nd open lite ra ture d ata on se le c ted pe stic ide c he mic a ls te sted formutage nic ity. I Intro d""]"
test,18592,18592.png,18592_0,What is the Net Pounds Infeed?,1468 Net Pounds,lookup,Extracted value for 'Net Pounds Infeed' from form field.,[0],"[""Net Pounds Infeed: 1468 Net Pounds""]"
test,18592,18592.png,18592_1,What is the Out?,1230,lookup,Extracted value for 'Out' from form field.,[0],"[""Out: 1230""]"
test,18595,18595.png,18595_0,What is the Net Pounds Infeed?,1468 Net Pounds,lookup,Extracted value for 'Net Pounds Infeed' from form field.,[0],"[""Net Pounds Infeed: 1468 Net Pounds""]"
test,18595,18595.png,18595_1,What is the Out?,1230,lookup,Extracted value for 'Out' from form field.,[0],"[""Out: 1230""]"
test,18598,18598.png,18598_0,What is the Net Pounds Infeed?,1468 Net Pounds,lookup,Extracted value for 'Net Pounds Infeed' from form field.,[0],"[""Net Pounds Infeed: 1468 Net Pounds""]"
test,18598,18598.png,18598_1,What is the Out?,1230,lookup,Extracted value for 'Out' from form field.,[0],"[""Out: 1230""]"
test,18602,18602.png,18602_0,What is the Net Pounds Infeed?,1468 Net Pounds,lookup,Extracted value for 'Net Pounds Infeed' from form field.,[0],"[""Net Pounds Infeed: 1468 Net Pounds""]"
test,18602,18602.png,18602_1,What is the Out?,1230,lookup,Extracted value for 'Out' from form field.,[0],"[""Out: 1230""]"
test,18606,18606.png,18606_0,What is the Net Pounds Infeed?,1468 Net Pounds,lookup,Extracted value for 'Net Pounds Infeed' from form field.,[0],"[""Net Pounds Infeed: 1468 Net Pounds""]"
test,18606,18606.png,18606_1,What is the Out?,1230,lookup,Extracted value for 'Out' from form field.,[0],"[""Out: 1230""]"
test,18609,18609.png,18609_0,What is the Net Pounds Infeed?,1468 Net Pounds,lookup,Extracted value for 'Net Pounds Infeed' from form field.,[0],"[""Net Pounds Infeed: 1468 Net Pounds""]"
test,18609,18609.png,18609_1,What is the Out?,1230,lookup,Extracted value for 'Out' from form field.,[0],"[""Out: 1230""]"
test,18637,18637.png,18637_0,What is the DATE PREPARED?,NOVember 19.1985,lookup,Extracted value for 'DATE PREPARED' from form field.,[0],"[""DATE PREPARED: NOVember 19.1985""]"
test,18637,18637.png,18637_1,What is the ORIGINATOR?,R. J. Reagan,lookup,Extracted value for 'ORIGINATOR' from form field.,[0],"[""ORIGINATOR: R. J. Reagan""]"
test,18637,18637.png,18637_2,What does the figure show?,AR NO.: _B-11,lookup,Answered using the figure's extracted description text.,[1],"[""AR NO.: _B-11""]"
test,18637,18637.png,18637_3,What are the column headers in the table?,"□Capital (Type). □ Expense Change, Commitment □ System (Computer) □Policy Change □Product Introduction/Change □Other",lookup,The header row contains the table's column names.,[4],"[""□Capital (Type). □ Expense Change | Commitment □ System (Computer) □Policy Change □Product Introduction/Change □Other""]"
test,18637,18637.png,18637_4,How many data rows are in the table (excluding the header)?,0,lookup,Counted the number of non-header rows parsed from the table.,[4],"[""Data rows detected: 0""]"
test,18639,18639.png,18639_0,What is the DATE PREPARED?,NOVember 19.1985,lookup,Extracted value for 'DATE PREPARED' from form field.,[0],"[""DATE PREPARED: NOVember 19.1985""]"
test,18639,18639.png,18639_1,What is the ORIGINATOR?,R. J. Reagan,lookup,Extracted value for 'ORIGINATOR' from form field.,[0],"[""ORIGINATOR: R. J. Reagan""]"
test,18639,18639.png,18639_2,What does the figure show?,AR NO.: _B-11,lookup,Answered using the figure's extracted description text.,[1],"[""AR NO.: _B-11""]"
test,18639,18639.png,18639_3,What are the column headers in the table?,"□Capital (Type). □ Expense Change, Commitment □ System (Computer) □Policy Change □Product Introduction/Change □Other",lookup,The header row contains the table's column names.,[4],"[""□Capital (Type). □ Expense Change | Commitment □ System (Computer) □Policy Change □Product Introduction/Change □Other""]"
test,18639,18639.png,18639_4,How many data rows are in the table (excluding the header)?,0,lookup,Counted the number of non-header rows parsed from the table.,[4],"[""Data rows detected: 0""]"
test,18641,18641.png,18641_0,What is the DATE PREPARED?,NOVember 19.1985,lookup,Extracted value for 'DATE PREPARED' from form field.,[0],"[""DATE PREPARED: NOVember 19.1985""]"
test,18641,18641.png,18641_1,What is the ORIGINATOR?,R. J. Reagan,lookup,Extracted value for 'ORIGINATOR' from form field.,[0],"[""ORIGINATOR: R. J. Reagan""]"
test,18641,18641.png,18641_2,What does the figure show?,AR NO.: _B-11,lookup,Answered using the figure's extracted description text.,[1],"[""AR NO.: _B-11""]"
test,18641,18641.png,18641_3,What are the column headers in the table?,"□Capital (Type). □ Expense Change, Commitment □ System (Computer) □Policy Change □Product Introduction/Change □Other",lookup,The header row contains the table's column names.,[4],"[""□Capital (Type). □ Expense Change | Commitment □ System (Computer) □Policy Change □Product Introduction/Change □Other""]"
test,18641,18641.png,18641_4,How many data rows are in the table (excluding the header)?,0,lookup,Counted the number of non-header rows parsed from the table.,[4],"[""Data rows detected: 0""]"
test,18642,18642.png,18642_0,What is the DATE PREPARED?,NOVember 19.1985,lookup,Extracted value for 'DATE PREPARED' from form field.,[0],"[""DATE PREPARED: NOVember 19.1985""]"
test,18642,18642.png,18642_1,What is the ORIGINATOR?,R. J. Reagan,lookup,Extracted value for 'ORIGINATOR' from form field.,[0],"[""ORIGINATOR: R. J. Reagan""]"
test,18642,18642.png,18642_2,What does the figure show?,AR NO.: _B-11,lookup,Answered using the figure's extracted description text.,[1],"[""AR NO.: _B-11""]"
test,18642,18642.png,18642_3,What are the column headers in the table?,"□Capital (Type). □ Expense Change, Commitment □ System (Computer) □Policy Change □Product Introduction/Change □Other",lookup,The header row contains the table's column names.,[4],"[""□Capital (Type). □ Expense Change | Commitment □ System (Computer) □Policy Change □Product Introduction/Change □Other""]"
test,18642,18642.png,18642_4,How many data rows are in the table (excluding the header)?,0,lookup,Counted the number of non-header rows parsed from the table.,[4],"[""Data rows detected: 0""]"
test,18644,18644.png,18644_0,What does the figure show?,BUSINESS EXPENSE VOUCHER Account Number Employee Name 71614 Charles A. Blixt Extension Number Mailing Address (If applicable) (910) 741-0673 Sr. VP/GC 11803 Executive,lookup,Answered using the figure's extracted description text.,[2],"[""BUSINESS EXPENSE VOUCHER Account Number Employee Name 71614 Charles A. Blixt Extension Number Mailing Address (If applicable) (910) 741-0673 Sr. VP/GC 11803 Executive""]"
test,18644,18644.png,18644_1,What are the column headers in the table?,"Approval Authority Name (Print or Type) Empleyep Signature/Title and Date Chale Hxt0 10.3-9 K. J. Lapiejko RJRT Fom 9081A-WML, 1/27797",lookup,The header row contains the table's column names.,[10],"[""Approval Authority Name (Print or Type) Empleyep Signature/Title and Date Chale Hxt0 10.3-9 K. J. Lapiejko RJRT Fom 9081A-WML | 1/27797""]"
test,18644,18644.png,18644_2,How many data rows are in the table (excluding the header)?,0,lookup,Counted the number of non-header rows parsed from the table.,[10],"[""Data rows detected: 0""]"
test,18651,18651.png,18651_0,What does the figure show?,BUSINESS EXPENSE VOUCHER Account Number Employee Name 71614 Charles A. Blixt Extension Number Mailing Address (If applicable) (910) 741-0673 Sr. VP/GC 11803 Executive,lookup,Answered using the figure's extracted description text.,[2],"[""BUSINESS EXPENSE VOUCHER Account Number Employee Name 71614 Charles A. Blixt Extension Number Mailing Address (If applicable) (910) 741-0673 Sr. VP/GC 11803 Executive""]"
test,18651,18651.png,18651_1,What are the column headers in the table?,"Approval Authority Name (Print or Type) Empleyep Signature/Title and Date Chale Hxt0 10.3-9 K. J. Lapiejko RJRT Fom 9081A-WML, 1/27797",lookup,The header row contains the table's column names.,[10],"[""Approval Authority Name (Print or Type) Empleyep Signature/Title and Date Chale Hxt0 10.3-9 K. J. Lapiejko RJRT Fom 9081A-WML | 1/27797""]"
test,18651,18651.png,18651_2,How many data rows are in the table (excluding the header)?,0,lookup,Counted the number of non-header rows parsed from the table.,[10],"[""Data rows detected: 0""]"
test,18653,18653.png,18653_0,What does the figure show?,BUSINESS EXPENSE VOUCHER Account Number Employee Name 71614 Charles A. Blixt Extension Number Mailing Address (If applicable) (910) 741-0673 Sr. VP/GC 11803 Executive,lookup,Answered using the figure's extracted description text.,[2],"[""BUSINESS EXPENSE VOUCHER Account Number Employee Name 71614 Charles A. Blixt Extension Number Mailing Address (If applicable) (910) 741-0673 Sr. VP/GC 11803 Executive""]"
test,18653,18653.png,18653_1,What are the column headers in the table?,"Approval Authority Name (Print or Type) Empleyep Signature/Title and Date Chale Hxt0 10.3-9 K. J. Lapiejko RJRT Fom 9081A-WML, 1/27797",lookup,The header row contains the table's column names.,[10],"[""Approval Authority Name (Print or Type) Empleyep Signature/Title and Date Chale Hxt0 10.3-9 K. J. Lapiejko RJRT Fom 9081A-WML | 1/27797""]"
test,18653,18653.png,18653_2,How many data rows are in the table (excluding the header)?,0,lookup,Counted the number of non-header rows parsed from the table.,[10],"[""Data rows detected: 0""]"
test,18660,18660.png,18660_0,What does the figure show?,BUSINESS EXPENSE VOUCHER Account Number Employee Name 71614 Charles A. Blixt Extension Number Mailing Address (If applicable) (910) 741-0673 Sr. VP/GC 11803 Executive,lookup,Answered using the figure's extracted description text.,[2],"[""BUSINESS EXPENSE VOUCHER Account Number Employee Name 71614 Charles A. Blixt Extension Number Mailing Address (If applicable) (910) 741-0673 Sr. VP/GC 11803 Executive""]"
test,18660,18660.png,18660_1,What are the column headers in the table?,"Approval Authority Name (Print or Type) Empleyep Signature/Title and Date Chale Hxt0 10.3-9 K. J. Lapiejko RJRT Fom 9081A-WML, 1/27797",lookup,The header row contains the table's column names.,[10],"[""Approval Authority Name (Print or Type) Empleyep Signature/Title and Date Chale Hxt0 10.3-9 K. J. Lapiejko RJRT Fom 9081A-WML | 1/27797""]"
test,18660,18660.png,18660_2,How many data rows are in the table (excluding the header)?,0,lookup,Counted the number of non-header rows parsed from the table.,[10],"[""Data rows detected: 0""]"
test,18664,18664.png,18664_0,What does the figure show?,BUSINESS EXPENSE VOUCHER Account Number Employee Name 71614 Charles A. Blixt Extension Number Mailing Address (If applicable) (910) 741-0673 Sr. VP/GC 11803 Executive,lookup,Answered using the figure's extracted description text.,[2],"[""BUSINESS EXPENSE VOUCHER Account Number Employee Name 71614 Charles A. Blixt Extension Number Mailing Address (If applicable) (910) 741-0673 Sr. VP/GC 11803 Executive""]"
test,18664,18664.png,18664_1,What are the column headers in the table?,"Approval Authority Name (Print or Type) Empleyep Signature/Title and Date Chale Hxt0 10.3-9 K. J. Lapiejko RJRT Fom 9081A-WML, 1/27797",lookup,The header row contains the table's column names.,[10],"[""Approval Authority Name (Print or Type) Empleyep Signature/Title and Date Chale Hxt0 10.3-9 K. J. Lapiejko RJRT Fom 9081A-WML | 1/27797""]"
test,18664,18664.png,18664_2,How many data rows are in the table (excluding the header)?,0,lookup,Counted the number of non-header rows parsed from the table.,[10],"[""Data rows detected: 0""]"
test,18669,18669.png,18669_0,What is the DATE PREPARED?,NOVember 19.1985,lookup,Extracted value for 'DATE PREPARED' from form field.,[0],"[""DATE PREPARED: NOVember 19.1985""]"
test,18669,18669.png,18669_1,What is the ORIGINATOR?,R. J. Reagan,lookup,Extracted value for 'ORIGINATOR' from form field.,[0],"[""ORIGINATOR: R. J. Reagan""]"
test,18669,18669.png,18669_2,What does the figure show?,AR NO.: _B-11,lookup,Answered using the figure's extracted description text.,[1],"[""AR NO.: _B-11""]"
test,18669,18669.png,18669_3,What are the column headers in the table?,"□Capital (Type). □ Expense Change, Commitment □ System (Computer) □Policy Change □Product Introduction/Change □Other",lookup,The header row contains the table's column names.,[4],"[""□Capital (Type). □ Expense Change | Commitment □ System (Computer) □Policy Change □Product Introduction/Change □Other""]"
test,18669,18669.png,18669_4,How many data rows are in the table (excluding the header)?,0,lookup,Counted the number of non-header rows parsed from the table.,[4],"[""Data rows detected: 0""]"
test,18671,18671.png,18671_0,What does the figure show?,BUSINESS EXPENSE VOUCHER Account Number Employee Name 71614 Charles A. Blixt Extension Number Mailing Address (If applicable) (910) 741-0673 Sr. VP/GC 11803 Executive,lookup,Answered using the figure's extracted description text.,[2],"[""BUSINESS EXPENSE VOUCHER Account Number Employee Name 71614 Charles A. Blixt Extension Number Mailing Address (If applicable) (910) 741-0673 Sr. VP/GC 11803 Executive""]"
test,18671,18671.png,18671_1,What are the column headers in the table?,"Approval Authority Name (Print or Type) Empleyep Signature/Title and Date Chale Hxt0 10.3-9 K. J. Lapiejko RJRT Fom 9081A-WML, 1/27797",lookup,The header row contains the table's column names.,[10],"[""Approval Authority Name (Print or Type) Empleyep Signature/Title and Date Chale Hxt0 10.3-9 K. J. Lapiejko RJRT Fom 9081A-WML | 1/27797""]"
test,18671,18671.png,18671_2,How many data rows are in the table (excluding the header)?,0,lookup,Counted the number of non-header rows parsed from the table.,[10],"[""Data rows detected: 0""]"
test,18673,18673.png,18673_0,What is the DATE PREPARED?,NOVember 19.1985,lookup,Extracted value for 'DATE PREPARED' from form field.,[0],"[""DATE PREPARED: NOVember 19.1985""]"
test,18673,18673.png,18673_1,What is the ORIGINATOR?,R. J. Reagan,lookup,Extracted value for 'ORIGINATOR' from form field.,[0],"[""ORIGINATOR: R. J. Reagan""]"
test,18673,18673.png,18673_2,What does the figure show?,AR NO.: _B-11,lookup,Answered using the figure's extracted description text.,[1],"[""AR NO.: _B-11""]"
test,18673,18673.png,18673_3,What are the column headers in the table?,"□Capital (Type). □ Expense Change, Commitment □ System (Computer) □Policy Change □Product Introduction/Change □Other",lookup,The header row contains the table's column names.,[4],"[""□Capital (Type). □ Expense Change | Commitment □ System (Computer) □Policy Change □Product Introduction/Change □Other""]"
test,18673,18673.png,18673_4,How many data rows are in the table (excluding the header)?,0,lookup,Counted the number of non-header rows parsed from the table.,[4],"[""Data rows detected: 0""]"
test,18676,18676.png,18676_0,What is the DATE PREPARED?,NOVember 19.1985,lookup,Extracted value for 'DATE PREPARED' from form field.,[0],"[""DATE PREPARED: NOVember 19.1985""]"
test,18676,18676.png,18676_1,What is the ORIGINATOR?,R. J. Reagan,lookup,Extracted value for 'ORIGINATOR' from form field.,[0],"[""ORIGINATOR: R. J. Reagan""]"
test,18676,18676.png,18676_2,What does the figure show?,AR NO.: _B-11,lookup,Answered using the figure's extracted description text.,[1],"[""AR NO.: _B-11""]"
test,18676,18676.png,18676_3,What are the column headers in the table?,"□Capital (Type). □ Expense Change, Commitment □ System (Computer) □Policy Change □Product Introduction/Change □Other",lookup,The header row contains the table's column names.,[4],"[""□Capital (Type). □ Expense Change | Commitment □ System (Computer) □Policy Change □Product Introduction/Change □Other""]"
test,18676,18676.png,18676_4,How many data rows are in the table (excluding the header)?,0,lookup,Counted the number of non-header rows parsed from the table.,[4],"[""Data rows detected: 0""]"
test,18677,18677.png,18677_0,What does the figure show?,BUSINESS EXPENSE VOUCHER Account Number Employee Name 71614 Charles A. Blixt Extension Number Mailing Address (If applicable) (910) 741-0673 Sr. VP/GC 11803 Executive,lookup,Answered using the figure's extracted description text.,[2],"[""BUSINESS EXPENSE VOUCHER Account Number Employee Name 71614 Charles A. Blixt Extension Number Mailing Address (If applicable) (910) 741-0673 Sr. VP/GC 11803 Executive""]"
test,18677,18677.png,18677_1,What are the column headers in the table?,"Approval Authority Name (Print or Type) Empleyep Signature/Title and Date Chale Hxt0 10.3-9 K. J. Lapiejko RJRT Fom 9081A-WML, 1/27797",lookup,The header row contains the table's column names.,[10],"[""Approval Authority Name (Print or Type) Empleyep Signature/Title and Date Chale Hxt0 10.3-9 K. J. Lapiejko RJRT Fom 9081A-WML | 1/27797""]"
test,18677,18677.png,18677_2,How many data rows are in the table (excluding the header)?,0,lookup,Counted the number of non-header rows parsed from the table.,[10],"[""Data rows detected: 0""]"
test,18679,18679.png,18679_0,What does the figure show?,BUSINESS EXPENSE VOUCHER Account Number Employee Name 71614 Charles A. Blixt Extension Number Mailing Address (If applicable) (910) 741-0673 Sr. VP/GC 11803 Executive,lookup,Answered using the figure's extracted description text.,[2],"[""BUSINESS EXPENSE VOUCHER Account Number Employee Name 71614 Charles A. Blixt Extension Number Mailing Address (If applicable) (910) 741-0673 Sr. VP/GC 11803 Executive""]"
test,18679,18679.png,18679_1,What are the column headers in the table?,"Approval Authority Name (Print or Type) Empleyep Signature/Title and Date Chale Hxt0 10.3-9 K. J. Lapiejko RJRT Fom 9081A-WML, 1/27797",lookup,The header row contains the table's column names.,[10],"[""Approval Authority Name (Print or Type) Empleyep Signature/Title and Date Chale Hxt0 10.3-9 K. J. Lapiejko RJRT Fom 9081A-WML | 1/27797""]"
test,18679,18679.png,18679_2,How many data rows are in the table (excluding the header)?,0,lookup,Counted the number of non-header rows parsed from the table.,[10],"[""Data rows detected: 0""]"
test,18709,18709.png,18709_0,What are the column headers in the table?,"Amy Me Partlan Systems Coordinator 150 Lawrence Bell Dr. Suite 108 Williamsville,NY14221 (716) 634-8577 (716), 634-3145",lookup,The header row contains the table's column names.,[0],"[""Amy Me Partlan Systems Coordinator 150 Lawrence Bell Dr. Suite 108 Williamsville,NY14221 (716) 634-8577 (716) | 634-3145""]"
test,18709,18709.png,18709_1,How many data rows are in the table (excluding the header)?,0,lookup,Counted the number of non-header rows parsed from the table.,[0],"[""Data rows detected: 0""]"
test,18709,18709.png,18709_2,What is the Non-Eft $ Amount?,$,lookup,Extracted value for 'Non-Eft $ Amount' from form field.,[3],"[""Non-Eft $ Amount: $""]"
test,18713,18713.png,18713_0,What are the column headers in the table?,"Amy Me Partlan Systems Coordinator 150 Lawrence Bell Dr. Suite 108 Williamsville,NY14221 (716) 634-8577 (716), 634-3145",lookup,The header row contains the table's column names.,[0],"[""Amy Me Partlan Systems Coordinator 150 Lawrence Bell Dr. Suite 108 Williamsville,NY14221 (716) 634-8577 (716) | 634-3145""]"
test,18713,18713.png,18713_1,How many data rows are in the table (excluding the header)?,0,lookup,Counted the number of non-header rows parsed from the table.,[0],"[""Data rows detected: 0""]"
test,18713,18713.png,18713_2,What is the Non-Eft $ Amount?,$,lookup,Extracted value for 'Non-Eft $ Amount' from form field.,[3],"[""Non-Eft $ Amount: $""]"
test,18718,18718.png,18718_0,What are the column headers in the table?,"Amy Me Partlan Systems Coordinator 150 Lawrence Bell Dr. Suite 108 Williamsville,NY14221 (716) 634-8577 (716), 634-3145",lookup,The header row contains the table's column names.,[0],"[""Amy Me Partlan Systems Coordinator 150 Lawrence Bell Dr. Suite 108 Williamsville,NY14221 (716) 634-8577 (716) | 634-3145""]"
test,18718,18718.png,18718_1,How many data rows are in the table (excluding the header)?,0,lookup,Counted the number of non-header rows parsed from the table.,[0],"[""Data rows detected: 0""]"
test,18718,18718.png,18718_2,What is the Non-Eft $ Amount?,$,lookup,Extracted value for 'Non-Eft $ Amount' from form field.,[3],"[""Non-Eft $ Amount: $""]"
test,18883,18883.png,18883_0,What does the figure show?,27102 PHONE (919 )741-5897,lookup,Answered using the figure's extracted description text.,[2],"[""27102 PHONE (919 )741-5897""]"
test,18883,18883.png,18883_1,What are the column headers in the table?,"M93A21 MO4A021 MOSAOZ1 MQ26A021 M2A021 _E_LSLA021 _E_190A_021 _E__L9JA.021 _F_L12A021, FL93A021",lookup,The header row contains the table's column names.,[4],"[""M93A21 MO4A021 MOSAOZ1 MQ26A021 M2A021 _E_LSLA021 _E_190A_021 _E__L9JA.021 _F_L12A021 | FL93A021""]"
test,18883,18883.png,18883_2,How many data rows are in the table (excluding the header)?,0,lookup,Counted the number of non-header rows parsed from the table.,[4],"[""Data rows detected: 0""]"
test,18887,18887.png,18887_0,What does the figure show?,27102 PHONE (919 )741-5897,lookup,Answered using the figure's extracted description text.,[2],"[""27102 PHONE (919 )741-5897""]"
test,18887,18887.png,18887_1,What are the column headers in the table?,"M93A21 MO4A021 MOSAOZ1 MQ26A021 M2A021 _E_LSLA021 _E_190A_021 _E__L9JA.021 _F_L12A021, FL93A021",lookup,The header row contains the table's column names.,[4],"[""M93A21 MO4A021 MOSAOZ1 MQ26A021 M2A021 _E_LSLA021 _E_190A_021 _E__L9JA.021 _F_L12A021 | FL93A021""]"
test,18887,18887.png,18887_2,How many data rows are in the table (excluding the header)?,0,lookup,Counted the number of non-header rows parsed from the table.,[4],"[""Data rows detected: 0""]"
test,18891,18891.png,18891_0,What does the figure show?,27102 PHONE (919 )741-5897,lookup,Answered using the figure's extracted description text.,[2],"[""27102 PHONE (919 )741-5897""]"
test,18891,18891.png,18891_1,What are the column headers in the table?,"M93A21 MO4A021 MOSAOZ1 MQ26A021 M2A021 _E_LSLA021 _E_190A_021 _E__L9JA.021 _F_L12A021, FL93A021",lookup,The header row contains the table's column names.,[4],"[""M93A21 MO4A021 MOSAOZ1 MQ26A021 M2A021 _E_LSLA021 _E_190A_021 _E__L9JA.021 _F_L12A021 | FL93A021""]"
test,18891,18891.png,18891_2,How many data rows are in the table (excluding the header)?,0,lookup,Counted the number of non-header rows parsed from the table.,[4],"[""Data rows detected: 0""]"
test,18897,18897.png,18897_0,What does the figure show?,27102 PHONE (919 )741-5897,lookup,Answered using the figure's extracted description text.,[2],"[""27102 PHONE (919 )741-5897""]"
test,18897,18897.png,18897_1,What are the column headers in the table?,"M93A21 MO4A021 MOSAOZ1 MQ26A021 M2A021 _E_LSLA021 _E_190A_021 _E__L9JA.021 _F_L12A021, FL93A021",lookup,The header row contains the table's column names.,[4],"[""M93A21 MO4A021 MOSAOZ1 MQ26A021 M2A021 _E_LSLA021 _E_190A_021 _E__L9JA.021 _F_L12A021 | FL93A021""]"
test,18897,18897.png,18897_2,How many data rows are in the table (excluding the header)?,0,lookup,Counted the number of non-header rows parsed from the table.,[4],"[""Data rows detected: 0""]"
test,18899,18899.png,18899_0,What does the figure show?,27102 PHONE (919 )741-5897,lookup,Answered using the figure's extracted description text.,[2],"[""27102 PHONE (919 )741-5897""]"
test,18899,18899.png,18899_1,What are the column headers in the table?,"M93A21 MO4A021 MOSAOZ1 MQ26A021 M2A021 _E_LSLA021 _E_190A_021 _E__L9JA.021 _F_L12A021, FL93A021",lookup,The header row contains the table's column names.,[4],"[""M93A21 MO4A021 MOSAOZ1 MQ26A021 M2A021 _E_LSLA021 _E_190A_021 _E__L9JA.021 _F_L12A021 | FL93A021""]"
test,18899,18899.png,18899_2,How many data rows are in the table (excluding the header)?,0,lookup,Counted the number of non-header rows parsed from the table.,[4],"[""Data rows detected: 0""]"
test,18901,18901.png,18901_0,What does the figure show?,27102 PHONE (919 )741-5897,lookup,Answered using the figure's extracted description text.,[2],"[""27102 PHONE (919 )741-5897""]"
test,18901,18901.png,18901_1,What are the column headers in the table?,"M93A21 MO4A021 MOSAOZ1 MQ26A021 M2A021 _E_LSLA021 _E_190A_021 _E__L9JA.021 _F_L12A021, FL93A021",lookup,The header row contains the table's column names.,[4],"[""M93A21 MO4A021 MOSAOZ1 MQ26A021 M2A021 _E_LSLA021 _E_190A_021 _E__L9JA.021 _F_L12A021 | FL93A021""]"
test,18901,18901.png,18901_2,How many data rows are in the table (excluding the header)?,0,lookup,Counted the number of non-header rows parsed from the table.,[4],"[""Data rows detected: 0""]"
test,18914,18914.png,18914_0,What are the column headers in the table?,"JV. COMPENSATION EXCEENG $IOOO For every clienuprincipal from whom you receive more than $10oo in compensation during the calendar year, provide the following information., Harza Engineerinq Company A",lookup,The header row contains the table's column names.,[0],"[""JV. COMPENSATION EXCEENG $IOOO For every clienuprincipal from whom you receive more than $10oo in compensation during the calendar year, provide the following information. | Harza Engineerinq Company A""]"
test,18914,18914.png,18914_1,How many data rows are in the table (excluding the header)?,0,lookup,Counted the number of non-header rows parsed from the table.,[0],"[""Data rows detected: 0""]"
test,18925,18925.png,18925_0,What are the column headers in the table?,"JV. COMPENSATION EXCEENG $IOOO For every clienuprincipal from whom you receive more than $10oo in compensation during the calendar year, provide the following information., Harza Engineerinq Company A",lookup,The header row contains the table's column names.,[0],"[""JV. COMPENSATION EXCEENG $IOOO For every clienuprincipal from whom you receive more than $10oo in compensation during the calendar year, provide the following information. | Harza Engineerinq Company A""]"
test,18925,18925.png,18925_1,How many data rows are in the table (excluding the header)?,0,lookup,Counted the number of non-header rows parsed from the table.,[0],"[""Data rows detected: 0""]"
test,18929,18929.png,18929_0,What are the column headers in the table?,"JV. COMPENSATION EXCEENG $IOOO For every clienuprincipal from whom you receive more than $10oo in compensation during the calendar year, provide the following information., Harza Engineerinq Company A",lookup,The header row contains the table's column names.,[0],"[""JV. COMPENSATION EXCEENG $IOOO For every clienuprincipal from whom you receive more than $10oo in compensation during the calendar year, provide the following information. | Harza Engineerinq Company A""]"
test,18929,18929.png,18929_1,How many data rows are in the table (excluding the header)?,0,lookup,Counted the number of non-header rows parsed from the table.,[0],"[""Data rows detected: 0""]"
test,18932,18932.png,18932_0,What are the column headers in the table?,"JV. COMPENSATION EXCEENG $IOOO For every clienuprincipal from whom you receive more than $10oo in compensation during the calendar year, provide the following information., Harza Engineerinq Company A",lookup,The header row contains the table's column names.,[0],"[""JV. COMPENSATION EXCEENG $IOOO For every clienuprincipal from whom you receive more than $10oo in compensation during the calendar year, provide the following information. | Harza Engineerinq Company A""]"
test,18932,18932.png,18932_1,How many data rows are in the table (excluding the header)?,0,lookup,Counted the number of non-header rows parsed from the table.,[0],"[""Data rows detected: 0""]"
test,18938,18938.png,18938_0,What are the column headers in the table?,"JV. COMPENSATION EXCEENG $IOOO For every clienuprincipal from whom you receive more than $10oo in compensation during the calendar year, provide the following information., Harza Engineerinq Company A",lookup,The header row contains the table's column names.,[0],"[""JV. COMPENSATION EXCEENG $IOOO For every clienuprincipal from whom you receive more than $10oo in compensation during the calendar year, provide the following information. | Harza Engineerinq Company A""]"
test,18938,18938.png,18938_1,How many data rows are in the table (excluding the header)?,0,lookup,Counted the number of non-header rows parsed from the table.,[0],"[""Data rows detected: 0""]"
test,18942,18942.png,18942_0,What are the column headers in the table?,"JV. COMPENSATION EXCEENG $IOOO For every clienuprincipal from whom you receive more than $10oo in compensation during the calendar year, provide the following information., Harza Engineerinq Company A",lookup,The header row contains the table's column names.,[0],"[""JV. COMPENSATION EXCEENG $IOOO For every clienuprincipal from whom you receive more than $10oo in compensation during the calendar year, provide the following information. | Harza Engineerinq Company A""]"
test,18942,18942.png,18942_1,How many data rows are in the table (excluding the header)?,0,lookup,Counted the number of non-header rows parsed from the table.,[0],"[""Data rows detected: 0""]"
test,1895,1895.png,1895_0,What does the figure show?,Recordof EPAMeetingwith Societyof Chemical Manufacturers&Affiliates SOCMA),lookup,Answered using the figure's extracted description text.,[1],"[""Recordof EPAMeetingwith Societyof Chemical Manufacturers&Affiliates SOCMA)""]"
test,1896,1896.png,1896_0,What does the figure show?,Recordof EPAMeetingwith Societyof Chemical Manufacturers&Affiliates SOCMA),lookup,Answered using the figure's extracted description text.,[1],"[""Recordof EPAMeetingwith Societyof Chemical Manufacturers&Affiliates SOCMA)""]"
test,19034,19034.png,19034_0,What does the figure show?,PRODUCT REVIEW COMMITTEE RDB KAN RD LHO FML,lookup,Answered using the figure's extracted description text.,[5],"[""PRODUCT REVIEW COMMITTEE RDB KAN RD LHO FML""]"
test,19041,19041.png,19041_0,What does the figure show?,PRODUCT REVIEW COMMITTEE RDB KAN RD LHO FML,lookup,Answered using the figure's extracted description text.,[5],"[""PRODUCT REVIEW COMMITTEE RDB KAN RD LHO FML""]"
test,19046,19046.png,19046_0,What does the figure show?,PRODUCT REVIEW COMMITTEE RDB KAN RD LHO FML,lookup,Answered using the figure's extracted description text.,[5],"[""PRODUCT REVIEW COMMITTEE RDB KAN RD LHO FML""]"
test,19052,19052.png,19052_0,What does the figure show?,PRODUCT REVIEW COMMITTEE RDB KAN RD LHO FML,lookup,Answered using the figure's extracted description text.,[5],"[""PRODUCT REVIEW COMMITTEE RDB KAN RD LHO FML""]"
test,19058,19058.png,19058_0,What does the figure show?,PRODUCT REVIEW COMMITTEE RDB KAN RD LHO FML,lookup,Answered using the figure's extracted description text.,[5],"[""PRODUCT REVIEW COMMITTEE RDB KAN RD LHO FML""]"
test,1906,1906.png,1906_0,What are the column headers in the table?,"Request for Chemical Nominations for IRiS. Assessments; From EPA Programs and Regions and public, 95",lookup,The header row contains the table's column names.,[0],"[""Request for Chemical Nominations for IRiS. Assessments; From EPA Programs and Regions and public | 95""]"
test,1906,1906.png,1906_1,How many data rows are in the table (excluding the header)?,0,lookup,Counted the number of non-header rows parsed from the table.,[0],"[""Data rows detected: 0""]"
test,1907,1907.png,1907_0,What are the column headers in the table?,"Request for Chemical Nominations for IRiS. Assessments; From EPA Programs and Regions and public, 95",lookup,The header row contains the table's column names.,[0],"[""Request for Chemical Nominations for IRiS. Assessments; From EPA Programs and Regions and public | 95""]"
test,1907,1907.png,1907_1,How many data rows are in the table (excluding the header)?,0,lookup,Counted the number of non-header rows parsed from the table.,[0],"[""Data rows detected: 0""]"
test,1908,1908.png,1908_0,What is the main topic or content discussed in this section?,"Toxicology Excellence for Risk Assessment joined the Department of Environmental Health, at the University of Cincinnati's (UC), College of Medicine on Jul 6, 2015. TERA will be known as the...",comprehension,Summarized the main content from the text region.,[0],"[""Toxicology Excellence for Risk Assessment joined the Department of Environmental Health, at the University of Cincinnati's (UC), College of Medicine on Jul 6, 2015. TERA will be known as the Toxicolog""]"
test,1910,1910.png,1910_0,What is the main topic or content discussed in this section?,"2009 is whether it will substantively empower EPA to push their entries forward. Because all interagency comments are to be solely about science, this new process could be interpreted as...",comprehension,Summarized the main content from the text region.,[0],"[""2009 is whether it will substantively empower EPA to push their entries forward. Because all interagency comments are to be solely about science, this new process could be interpreted as formally endo""]"
test,1911,1911.png,1911_0,What is the main topic or content discussed in this section?,"2009 is whether it will substantively empower EPA to push their entries forward. Because all interagency comments are to be solely about science, this new process could be interpreted as...",comprehension,Summarized the main content from the text region.,[0],"[""2009 is whether it will substantively empower EPA to push their entries forward. Because all interagency comments are to be solely about science, this new process could be interpreted as formally endo""]"
test,1912,1912.png,1912_0,What does the figure show?,"CONCLUSIONS AND RECOMMENDATIONS. Conclusions, 68 Recommendations, 70 References, 70",lookup,Answered using the figure's extracted description text.,[3],"[""CONCLUSIONS AND RECOMMENDATIONS. Conclusions, 68 Recommendations, 70 References, 70""]"
test,1912,1912.png,1912_1,What is the main topic or content discussed in this section?,"IMPACT ON THE PRACTICE OF RISK ASSESSMENT IN THE FEDERAL GOVERNMENT The Absence of Information to Evaluate the Impact of the Bulletin on Agency Risk Assessment Practices, 57 Benefits, 58...",comprehension,Summarized the main content from the text region.,[1],"[""IMPACT ON THE PRACTICE OF RISK ASSESSMENT IN THE FEDERAL GOVERNMENT The Absence of Information to Evaluate the Impact of the Bulletin on Agency Risk Assessment Practices, 57 Benefits, 58 Costs, 60 Are""]"
test,1914,1914.png,1914_0,What does the figure show?,"CONCLUSIONS AND RECOMMENDATIONS. Conclusions, 68 Recommendations, 70 References, 70",lookup,Answered using the figure's extracted description text.,[3],"[""CONCLUSIONS AND RECOMMENDATIONS. Conclusions, 68 Recommendations, 70 References, 70""]"
test,1914,1914.png,1914_1,What is the main topic or content discussed in this section?,"IMPACT ON THE PRACTICE OF RISK ASSESSMENT IN THE FEDERAL GOVERNMENT The Absence of Information to Evaluate the Impact of the Bulletin on Agency Risk Assessment Practices, 57 Benefits, 58...",comprehension,Summarized the main content from the text region.,[1],"[""IMPACT ON THE PRACTICE OF RISK ASSESSMENT IN THE FEDERAL GOVERNMENT The Absence of Information to Evaluate the Impact of the Bulletin on Agency Risk Assessment Practices, 57 Benefits, 58 Costs, 60 Are""]"
test,1915,1915.png,1915_0,What does the figure show?,"CONCLUSIONS AND RECOMMENDATIONS. Conclusions, 68 Recommendations, 70 References, 70",lookup,Answered using the figure's extracted description text.,[3],"[""CONCLUSIONS AND RECOMMENDATIONS. Conclusions, 68 Recommendations, 70 References, 70""]"
test,1915,1915.png,1915_1,What is the main topic or content discussed in this section?,"IMPACT ON THE PRACTICE OF RISK ASSESSMENT IN THE FEDERAL GOVERNMENT The Absence of Information to Evaluate the Impact of the Bulletin on Agency Risk Assessment Practices, 57 Benefits, 58...",comprehension,Summarized the main content from the text region.,[1],"[""IMPACT ON THE PRACTICE OF RISK ASSESSMENT IN THE FEDERAL GOVERNMENT The Absence of Information to Evaluate the Impact of the Bulletin on Agency Risk Assessment Practices, 57 Benefits, 58 Costs, 60 Are""]"
test,1921,1921.png,1921_0,What does the figure show?,8 2 294292*4294. 0,lookup,Answered using the figure's extracted description text.,[0],"[""8 2 294292*4294. 0""]"
test,1921,1921.png,1921_1,What are the column headers in the table?,"÷, Beyond Science and Decisions ÷ nternational Toxicity Estinates forRisk Kidschemicaisafety.org, Lessons Leamed, Challenges, &",lookup,The header row contains the table's column names.,[3],"[""÷ | Beyond Science and Decisions ÷ nternational Toxicity Estinates forRisk Kidschemicaisafety.org | Lessons Leamed, Challenges, &""]"
test,1921,1921.png,1921_2,How many data rows are in the table (excluding the header)?,0,lookup,Counted the number of non-header rows parsed from the table.,[3],"[""Data rows detected: 0""]"
test,1922,1922.png,1922_0,What does the figure show?,8 2 294292*4294. 0,lookup,Answered using the figure's extracted description text.,[0],"[""8 2 294292*4294. 0""]"
test,1922,1922.png,1922_1,What are the column headers in the table?,"÷, Beyond Science and Decisions ÷ nternational Toxicity Estinates forRisk Kidschemicaisafety.org, Lessons Leamed, Challenges, &",lookup,The header row contains the table's column names.,[3],"[""÷ | Beyond Science and Decisions ÷ nternational Toxicity Estinates forRisk Kidschemicaisafety.org | Lessons Leamed, Challenges, &""]"
test,1922,1922.png,1922_2,How many data rows are in the table (excluding the header)?,0,lookup,Counted the number of non-header rows parsed from the table.,[3],"[""Data rows detected: 0""]"
test,1966,1966.png,1966_0,What does the figure show?,"Vol. 12 - 36 the U.S. government. EPA, I believe at the time, was doing the",lookup,Answered using the figure's extracted description text.,[1],"[""Vol. 12 - 36 the U.S. government. EPA, I believe at the time, was doing the""]"
test,1967,1967.png,1967_0,What does the figure show?,"Vol. 12 - 36 the U.S. government. EPA, I believe at the time, was doing the",lookup,Answered using the figure's extracted description text.,[1],"[""Vol. 12 - 36 the U.S. government. EPA, I believe at the time, was doing the""]"
test,1992,1992.png,1992_0,What does the figure show?,Timeliness of Irrigation Results Irrigation Dates Location No. Timely Normal 6/27/73 7/06/73 1 6/26/73 7/03/73 2 6/20/73 6/28/73 3 6/18/73 7/03/73 4 5 6/21/73 6/28/73 6 6/16/73 6/28/73 Means 9 day ave,lookup,Answered using the figure's extracted description text.,[7],"[""Timeliness of Irrigation Results Irrigation Dates Location No. Timely Normal 6/27/73 7/06/73 1 6/26/73 7/03/73 2 6/20/73 6/28/73 3 6/18/73 7/03/73 4 5 6/21/73 6/28/73 6 6/16/73 6/28/73 Means 9 day ave""]"
test,1992,1992.png,1992_1,What are the column headers in the table?,"Gross Sugar/Acre Timely Normal 7,442 7,393 8,417 8,804 7,983 7,364 8,229 7,602 7,606 7,738 6,084 6,087 7,627, 7,498",lookup,The header row contains the table's column names.,[8],"[""Gross Sugar/Acre Timely Normal 7,442 7,393 8,417 8,804 7,983 7,364 8,229 7,602 7,606 7,738 6,084 6,087 7,627 | 7,498""]"
test,1992,1992.png,1992_2,How many data rows are in the table (excluding the header)?,0,lookup,Counted the number of non-header rows parsed from the table.,[8],"[""Data rows detected: 0""]"
test,1993,1993.png,1993_0,What does the figure show?,Timeliness of Irrigation Results Irrigation Dates Location No. Timely Normal 6/27/73 7/06/73 1 6/26/73 7/03/73 2 6/20/73 6/28/73 3 6/18/73 7/03/73 4 5 6/21/73 6/28/73 6 6/16/73 6/28/73 Means 9 day ave,lookup,Answered using the figure's extracted description text.,[7],"[""Timeliness of Irrigation Results Irrigation Dates Location No. Timely Normal 6/27/73 7/06/73 1 6/26/73 7/03/73 2 6/20/73 6/28/73 3 6/18/73 7/03/73 4 5 6/21/73 6/28/73 6 6/16/73 6/28/73 Means 9 day ave""]"
test,1993,1993.png,1993_1,What are the column headers in the table?,"Gross Sugar/Acre Timely Normal 7,442 7,393 8,417 8,804 7,983 7,364 8,229 7,602 7,606 7,738 6,084 6,087 7,627, 7,498",lookup,The header row contains the table's column names.,[8],"[""Gross Sugar/Acre Timely Normal 7,442 7,393 8,417 8,804 7,983 7,364 8,229 7,602 7,606 7,738 6,084 6,087 7,627 | 7,498""]"
test,1993,1993.png,1993_2,How many data rows are in the table (excluding the header)?,0,lookup,Counted the number of non-header rows parsed from the table.,[8],"[""Data rows detected: 0""]"
test,1994,1994.png,1994_0,What does the figure show?,Timeliness of Irrigation Results Irrigation Dates Location No. Timely Normal 6/27/73 7/06/73 1 6/26/73 7/03/73 2 6/20/73 6/28/73 3 6/18/73 7/03/73 4 5 6/21/73 6/28/73 6 6/16/73 6/28/73 Means 9 day ave,lookup,Answered using the figure's extracted description text.,[7],"[""Timeliness of Irrigation Results Irrigation Dates Location No. Timely Normal 6/27/73 7/06/73 1 6/26/73 7/03/73 2 6/20/73 6/28/73 3 6/18/73 7/03/73 4 5 6/21/73 6/28/73 6 6/16/73 6/28/73 Means 9 day ave""]"
test,1994,1994.png,1994_1,What are the column headers in the table?,"Gross Sugar/Acre Timely Normal 7,442 7,393 8,417 8,804 7,983 7,364 8,229 7,602 7,606 7,738 6,084 6,087 7,627, 7,498",lookup,The header row contains the table's column names.,[8],"[""Gross Sugar/Acre Timely Normal 7,442 7,393 8,417 8,804 7,983 7,364 8,229 7,602 7,606 7,738 6,084 6,087 7,627 | 7,498""]"
test,1994,1994.png,1994_2,How many data rows are in the table (excluding the header)?,0,lookup,Counted the number of non-header rows parsed from the table.,[8],"[""Data rows detected: 0""]"
test,1996,1996.png,1996_0,What does the figure show?,Effect of Nitrogen Level on Sucrose Percentage and Yield District NCC Nebraska NEC&K N Level* Sucrose Yield Sucrose Yield Sucrose Yield Sucrose T/A % lb/A T/A % % T/A % 20.4 22.7 17.4 101-200 16.0 20.,lookup,Answered using the figure's extracted description text.,[4],"[""Effect of Nitrogen Level on Sucrose Percentage and Yield District NCC Nebraska NEC&K N Level* Sucrose Yield Sucrose Yield Sucrose Yield Sucrose T/A % lb/A T/A % % T/A % 20.4 22.7 17.4 101-200 16.0 20.""]"
test,1996,1996.png,1996_1,What are the column headers in the table?,"Effect of Nitrogen Level on Sucrose Percentage and Yield District NCC Nebraska NEC&K N Level* Sucrose Yield Sucrose Yield Sucrose Yield Sucrose T/A % lb/A T/A % % T/A % 20.4 22.7 17.4 101-200 16.0, 20.",lookup,The header row contains the table's column names.,[5],"[""Effect of Nitrogen Level on Sucrose Percentage and Yield District NCC Nebraska NEC&K N Level* Sucrose Yield Sucrose Yield Sucrose Yield Sucrose T/A % lb/A T/A % % T/A % 20.4 22.7 17.4 101-200 16.0 | 20.""]"
test,1996,1996.png,1996_2,How many data rows are in the table (excluding the header)?,0,lookup,Counted the number of non-header rows parsed from the table.,[5],"[""Data rows detected: 0""]"
test,1998,1998.png,1998_0,What does the figure show?,Effect of Nitrogen Level on Sucrose Percentage and Yield District NCC Nebraska NEC&K N Level* Sucrose Yield Sucrose Yield Sucrose Yield Sucrose T/A % lb/A T/A % % T/A % 20.4 22.7 17.4 101-200 16.0 20.,lookup,Answered using the figure's extracted description text.,[4],"[""Effect of Nitrogen Level on Sucrose Percentage and Yield District NCC Nebraska NEC&K N Level* Sucrose Yield Sucrose Yield Sucrose Yield Sucrose T/A % lb/A T/A % % T/A % 20.4 22.7 17.4 101-200 16.0 20.""]"
test,1998,1998.png,1998_1,What are the column headers in the table?,"Effect of Nitrogen Level on Sucrose Percentage and Yield District NCC Nebraska NEC&K N Level* Sucrose Yield Sucrose Yield Sucrose Yield Sucrose T/A % lb/A T/A % % T/A % 20.4 22.7 17.4 101-200 16.0, 20.",lookup,The header row contains the table's column names.,[5],"[""Effect of Nitrogen Level on Sucrose Percentage and Yield District NCC Nebraska NEC&K N Level* Sucrose Yield Sucrose Yield Sucrose Yield Sucrose T/A % lb/A T/A % % T/A % 20.4 22.7 17.4 101-200 16.0 | 20.""]"
test,1998,1998.png,1998_2,How many data rows are in the table (excluding the header)?,0,lookup,Counted the number of non-header rows parsed from the table.,[5],"[""Data rows detected: 0""]"
test,20073,20073.png,20073_0,What are the column headers in the table?,"1980 October 6 October 9 October 12 October 23 November 3 November ll November 19 November 20 December 4 December, 6",lookup,The header row contains the table's column names.,[1],"[""1980 October 6 October 9 October 12 October 23 November 3 November ll November 19 November 20 December 4 December | 6""]"
test,20073,20073.png,20073_1,How many data rows are in the table (excluding the header)?,0,lookup,Counted the number of non-header rows parsed from the table.,[1],"[""Data rows detected: 0""]"
test,20420,20420.png,20420_0,What are the column headers in the table?,"BALANCE SHEET ABSTRACT AND COMPANYS GENERAL BUSINESS PROFILE 1 Registrotion Details Registration No. 3156 State Code 01 Corporate Identification No. U52520AP1981PTC003156 Balance Sheet Date ③ 03, 21010",lookup,The header row contains the table's column names.,[0],"[""BALANCE SHEET ABSTRACT AND COMPANYS GENERAL BUSINESS PROFILE 1 Registrotion Details Registration No. 3156 State Code 01 Corporate Identification No. U52520AP1981PTC003156 Balance Sheet Date ③ 03 | 21010""]"
test,20420,20420.png,20420_1,How many data rows are in the table (excluding the header)?,0,lookup,Counted the number of non-header rows parsed from the table.,[0],"[""Data rows detected: 0""]"
test,20420,20420.png,20420_2,What does the figure show?,BALANCE SHEET ABSTRACT AND COMPANYS GENERAL BUSINESS PROFILE 1 Registrotion Details Registration No. 3156 State Code 01 Corporate Identification No. U52520AP1981PTC003156 Balance Sheet Date ③ 03 21010,lookup,Answered using the figure's extracted description text.,[1],"[""BALANCE SHEET ABSTRACT AND COMPANYS GENERAL BUSINESS PROFILE 1 Registrotion Details Registration No. 3156 State Code 01 Corporate Identification No. U52520AP1981PTC003156 Balance Sheet Date ③ 03 21010""]"
test,20421,20421.png,20421_0,What are the column headers in the table?,"BALANCE SHEET ABSTRACT AND COMPANYS GENERAL BUSINESS PROFILE 1 Registrotion Details Registration No. 3156 State Code 01 Corporate Identification No. U52520AP1981PTC003156 Balance Sheet Date ③ 03, 21010",lookup,The header row contains the table's column names.,[0],"[""BALANCE SHEET ABSTRACT AND COMPANYS GENERAL BUSINESS PROFILE 1 Registrotion Details Registration No. 3156 State Code 01 Corporate Identification No. U52520AP1981PTC003156 Balance Sheet Date ③ 03 | 21010""]"
test,20421,20421.png,20421_1,How many data rows are in the table (excluding the header)?,0,lookup,Counted the number of non-header rows parsed from the table.,[0],"[""Data rows detected: 0""]"
test,20421,20421.png,20421_2,What does the figure show?,BALANCE SHEET ABSTRACT AND COMPANYS GENERAL BUSINESS PROFILE 1 Registrotion Details Registration No. 3156 State Code 01 Corporate Identification No. U52520AP1981PTC003156 Balance Sheet Date ③ 03 21010,lookup,Answered using the figure's extracted description text.,[1],"[""BALANCE SHEET ABSTRACT AND COMPANYS GENERAL BUSINESS PROFILE 1 Registrotion Details Registration No. 3156 State Code 01 Corporate Identification No. U52520AP1981PTC003156 Balance Sheet Date ③ 03 21010""]"
test,20423,20423.png,20423_0,What are the column headers in the table?,"BALANCE SHEET ABSTRACT AND COMPANYS GENERAL BUSINESS PROFILE 1 Registrotion Details Registration No. 3156 State Code 01 Corporate Identification No. U52520AP1981PTC003156 Balance Sheet Date ③ 03, 21010",lookup,The header row contains the table's column names.,[0],"[""BALANCE SHEET ABSTRACT AND COMPANYS GENERAL BUSINESS PROFILE 1 Registrotion Details Registration No. 3156 State Code 01 Corporate Identification No. U52520AP1981PTC003156 Balance Sheet Date ③ 03 | 21010""]"
test,20423,20423.png,20423_1,How many data rows are in the table (excluding the header)?,0,lookup,Counted the number of non-header rows parsed from the table.,[0],"[""Data rows detected: 0""]"
test,20423,20423.png,20423_2,What does the figure show?,BALANCE SHEET ABSTRACT AND COMPANYS GENERAL BUSINESS PROFILE 1 Registrotion Details Registration No. 3156 State Code 01 Corporate Identification No. U52520AP1981PTC003156 Balance Sheet Date ③ 03 21010,lookup,Answered using the figure's extracted description text.,[1],"[""BALANCE SHEET ABSTRACT AND COMPANYS GENERAL BUSINESS PROFILE 1 Registrotion Details Registration No. 3156 State Code 01 Corporate Identification No. U52520AP1981PTC003156 Balance Sheet Date ③ 03 21010""]"
test,20426,20426.png,20426_0,What are the column headers in the table?,"BALANCE SHEET ABSTRACT AND COMPANYS GENERAL BUSINESS PROFILE 1 Registrotion Details Registration No. 3156 State Code 01 Corporate Identification No. U52520AP1981PTC003156 Balance Sheet Date ③ 03, 21010",lookup,The header row contains the table's column names.,[0],"[""BALANCE SHEET ABSTRACT AND COMPANYS GENERAL BUSINESS PROFILE 1 Registrotion Details Registration No. 3156 State Code 01 Corporate Identification No. U52520AP1981PTC003156 Balance Sheet Date ③ 03 | 21010""]"
test,20426,20426.png,20426_1,How many data rows are in the table (excluding the header)?,0,lookup,Counted the number of non-header rows parsed from the table.,[0],"[""Data rows detected: 0""]"
test,20426,20426.png,20426_2,What does the figure show?,BALANCE SHEET ABSTRACT AND COMPANYS GENERAL BUSINESS PROFILE 1 Registrotion Details Registration No. 3156 State Code 01 Corporate Identification No. U52520AP1981PTC003156 Balance Sheet Date ③ 03 21010,lookup,Answered using the figure's extracted description text.,[1],"[""BALANCE SHEET ABSTRACT AND COMPANYS GENERAL BUSINESS PROFILE 1 Registrotion Details Registration No. 3156 State Code 01 Corporate Identification No. U52520AP1981PTC003156 Balance Sheet Date ③ 03 21010""]"
test,20427,20427.png,20427_0,What are the column headers in the table?,"BALANCE SHEET ABSTRACT AND COMPANYS GENERAL BUSINESS PROFILE 1 Registrotion Details Registration No. 3156 State Code 01 Corporate Identification No. U52520AP1981PTC003156 Balance Sheet Date ③ 03, 21010",lookup,The header row contains the table's column names.,[0],"[""BALANCE SHEET ABSTRACT AND COMPANYS GENERAL BUSINESS PROFILE 1 Registrotion Details Registration No. 3156 State Code 01 Corporate Identification No. U52520AP1981PTC003156 Balance Sheet Date ③ 03 | 21010""]"
test,20427,20427.png,20427_1,How many data rows are in the table (excluding the header)?,0,lookup,Counted the number of non-header rows parsed from the table.,[0],"[""Data rows detected: 0""]"
test,20427,20427.png,20427_2,What does the figure show?,BALANCE SHEET ABSTRACT AND COMPANYS GENERAL BUSINESS PROFILE 1 Registrotion Details Registration No. 3156 State Code 01 Corporate Identification No. U52520AP1981PTC003156 Balance Sheet Date ③ 03 21010,lookup,Answered using the figure's extracted description text.,[1],"[""BALANCE SHEET ABSTRACT AND COMPANYS GENERAL BUSINESS PROFILE 1 Registrotion Details Registration No. 3156 State Code 01 Corporate Identification No. U52520AP1981PTC003156 Balance Sheet Date ③ 03 21010""]"
test,206,206.png,206_0,What are the column headers in the table?,"For further copies, telephone PA registry (Shell Centre 4918),or write to Shell InternationalPetroleum Company Ltd (PAC/221),, London,SE17NA",lookup,The header row contains the table's column names.,[5],"[""For further copies, telephone PA registry (Shell Centre 4918),or write to Shell InternationalPetroleum Company Ltd (PAC/221), | London,SE17NA""]"
test,206,206.png,206_1,How many data rows are in the table (excluding the header)?,0,lookup,Counted the number of non-header rows parsed from the table.,[5],"[""Data rows detected: 0""]"
test,206,206.png,206_2,What is the main topic or content discussed in this section?,The Shell Coal Gasification Process (SCGP) is a clean and efficient process for converting coalinto synthesis gas. Synthesis gas is a versatile mixture of carbon monoxide and hydrogen that can...,comprehension,Summarized the main content from the text region.,[0],"[""The Shell Coal Gasification Process (SCGP) is a clean and efficient process for converting coalinto synthesis gas. Synthesis gas is a versatile mixture of carbon monoxide and hydrogen that can be conv""]"
test,207,207.png,207_0,What are the column headers in the table?,"For further copies, telephone PA registry (Shell Centre 4918),or write to Shell InternationalPetroleum Company Ltd (PAC/221),, London,SE17NA",lookup,The header row contains the table's column names.,[5],"[""For further copies, telephone PA registry (Shell Centre 4918),or write to Shell InternationalPetroleum Company Ltd (PAC/221), | London,SE17NA""]"
test,207,207.png,207_1,How many data rows are in the table (excluding the header)?,0,lookup,Counted the number of non-header rows parsed from the table.,[5],"[""Data rows detected: 0""]"
test,207,207.png,207_2,What is the main topic or content discussed in this section?,The Shell Coal Gasification Process (SCGP) is a clean and efficient process for converting coalinto synthesis gas. Synthesis gas is a versatile mixture of carbon monoxide and hydrogen that can...,comprehension,Summarized the main content from the text region.,[0],"[""The Shell Coal Gasification Process (SCGP) is a clean and efficient process for converting coalinto synthesis gas. Synthesis gas is a versatile mixture of carbon monoxide and hydrogen that can be conv""]"
test,20755,20755.png,20755_0,What does the figure show?,1。 Registration Detalls State Code 01 5 7 6 Registration No. Corporate Identification No. L2 9 1 5 0 A P 1 9 3 0 P L C 0 0 0 5 7 6 Balance Sheet Date 3 1 0 3 2 01 1 Date Month Year Capital raised duri,lookup,Answered using the figure's extracted description text.,[0],"[""1。 Registration Detalls State Code 01 5 7 6 Registration No. Corporate Identification No. L2 9 1 5 0 A P 1 9 3 0 P L C 0 0 0 5 7 6 Balance Sheet Date 3 1 0 3 2 01 1 Date Month Year Capital raised duri""]"
test,20755,20755.png,20755_1,What are the column headers in the table?,"Reserves and Surplus 2 4 8 9 9 7, 4",lookup,The header row contains the table's column names.,[2],"[""Reserves and Surplus 2 4 8 9 9 7 | 4""]"
test,20755,20755.png,20755_2,How many data rows are in the table (excluding the header)?,0,lookup,Counted the number of non-header rows parsed from the table.,[2],"[""Data rows detected: 0""]"
test,20756,20756.png,20756_0,What does the figure show?,1。 Registration Detalls State Code 01 5 7 6 Registration No. Corporate Identification No. L2 9 1 5 0 A P 1 9 3 0 P L C 0 0 0 5 7 6 Balance Sheet Date 3 1 0 3 2 01 1 Date Month Year Capital raised duri,lookup,Answered using the figure's extracted description text.,[0],"[""1。 Registration Detalls State Code 01 5 7 6 Registration No. Corporate Identification No. L2 9 1 5 0 A P 1 9 3 0 P L C 0 0 0 5 7 6 Balance Sheet Date 3 1 0 3 2 01 1 Date Month Year Capital raised duri""]"
test,20756,20756.png,20756_1,What are the column headers in the table?,"Reserves and Surplus 2 4 8 9 9 7, 4",lookup,The header row contains the table's column names.,[2],"[""Reserves and Surplus 2 4 8 9 9 7 | 4""]"
test,20756,20756.png,20756_2,How many data rows are in the table (excluding the header)?,0,lookup,Counted the number of non-header rows parsed from the table.,[2],"[""Data rows detected: 0""]"
test,20758,20758.png,20758_0,What does the figure show?,1。 Registration Detalls State Code 01 5 7 6 Registration No. Corporate Identification No. L2 9 1 5 0 A P 1 9 3 0 P L C 0 0 0 5 7 6 Balance Sheet Date 3 1 0 3 2 01 1 Date Month Year Capital raised duri,lookup,Answered using the figure's extracted description text.,[0],"[""1。 Registration Detalls State Code 01 5 7 6 Registration No. Corporate Identification No. L2 9 1 5 0 A P 1 9 3 0 P L C 0 0 0 5 7 6 Balance Sheet Date 3 1 0 3 2 01 1 Date Month Year Capital raised duri""]"
test,20758,20758.png,20758_1,What are the column headers in the table?,"Reserves and Surplus 2 4 8 9 9 7, 4",lookup,The header row contains the table's column names.,[2],"[""Reserves and Surplus 2 4 8 9 9 7 | 4""]"
test,20758,20758.png,20758_2,How many data rows are in the table (excluding the header)?,0,lookup,Counted the number of non-header rows parsed from the table.,[2],"[""Data rows detected: 0""]"
test,20759,20759.png,20759_0,What does the figure show?,1。 Registration Detalls State Code 01 5 7 6 Registration No. Corporate Identification No. L2 9 1 5 0 A P 1 9 3 0 P L C 0 0 0 5 7 6 Balance Sheet Date 3 1 0 3 2 01 1 Date Month Year Capital raised duri,lookup,Answered using the figure's extracted description text.,[0],"[""1。 Registration Detalls State Code 01 5 7 6 Registration No. Corporate Identification No. L2 9 1 5 0 A P 1 9 3 0 P L C 0 0 0 5 7 6 Balance Sheet Date 3 1 0 3 2 01 1 Date Month Year Capital raised duri""]"
test,20759,20759.png,20759_1,What are the column headers in the table?,"Reserves and Surplus 2 4 8 9 9 7, 4",lookup,The header row contains the table's column names.,[2],"[""Reserves and Surplus 2 4 8 9 9 7 | 4""]"
test,20759,20759.png,20759_2,How many data rows are in the table (excluding the header)?,0,lookup,Counted the number of non-header rows parsed from the table.,[2],"[""Data rows detected: 0""]"
test,20761,20761.png,20761_0,What does the figure show?,1。 Registration Detalls State Code 01 5 7 6 Registration No. Corporate Identification No. L2 9 1 5 0 A P 1 9 3 0 P L C 0 0 0 5 7 6 Balance Sheet Date 3 1 0 3 2 01 1 Date Month Year Capital raised duri,lookup,Answered using the figure's extracted description text.,[0],"[""1。 Registration Detalls State Code 01 5 7 6 Registration No. Corporate Identification No. L2 9 1 5 0 A P 1 9 3 0 P L C 0 0 0 5 7 6 Balance Sheet Date 3 1 0 3 2 01 1 Date Month Year Capital raised duri""]"
test,20761,20761.png,20761_1,What are the column headers in the table?,"Reserves and Surplus 2 4 8 9 9 7, 4",lookup,The header row contains the table's column names.,[2],"[""Reserves and Surplus 2 4 8 9 9 7 | 4""]"
test,20761,20761.png,20761_2,How many data rows are in the table (excluding the header)?,0,lookup,Counted the number of non-header rows parsed from the table.,[2],"[""Data rows detected: 0""]"
test,20763,20763.png,20763_0,What does the figure show?,1。 Registration Detalls State Code 01 5 7 6 Registration No. Corporate Identification No. L2 9 1 5 0 A P 1 9 3 0 P L C 0 0 0 5 7 6 Balance Sheet Date 3 1 0 3 2 01 1 Date Month Year Capital raised duri,lookup,Answered using the figure's extracted description text.,[0],"[""1。 Registration Detalls State Code 01 5 7 6 Registration No. Corporate Identification No. L2 9 1 5 0 A P 1 9 3 0 P L C 0 0 0 5 7 6 Balance Sheet Date 3 1 0 3 2 01 1 Date Month Year Capital raised duri""]"
test,20763,20763.png,20763_1,What are the column headers in the table?,"Reserves and Surplus 2 4 8 9 9 7, 4",lookup,The header row contains the table's column names.,[2],"[""Reserves and Surplus 2 4 8 9 9 7 | 4""]"
test,20763,20763.png,20763_2,How many data rows are in the table (excluding the header)?,0,lookup,Counted the number of non-header rows parsed from the table.,[2],"[""Data rows detected: 0""]"
test,20771,20771.png,20771_0,What does the figure show?,1。 Registration Detalls State Code 01 5 7 6 Registration No. Corporate Identification No. L2 9 1 5 0 A P 1 9 3 0 P L C 0 0 0 5 7 6 Balance Sheet Date 3 1 0 3 2 01 1 Date Month Year Capital raised duri,lookup,Answered using the figure's extracted description text.,[0],"[""1。 Registration Detalls State Code 01 5 7 6 Registration No. Corporate Identification No. L2 9 1 5 0 A P 1 9 3 0 P L C 0 0 0 5 7 6 Balance Sheet Date 3 1 0 3 2 01 1 Date Month Year Capital raised duri""]"
test,20771,20771.png,20771_1,What are the column headers in the table?,"Reserves and Surplus 2 4 8 9 9 7, 4",lookup,The header row contains the table's column names.,[2],"[""Reserves and Surplus 2 4 8 9 9 7 | 4""]"
test,20771,20771.png,20771_2,How many data rows are in the table (excluding the header)?,0,lookup,Counted the number of non-header rows parsed from the table.,[2],"[""Data rows detected: 0""]"
test,20774,20774.png,20774_0,What does the figure show?,1。 Registration Detalls State Code 01 5 7 6 Registration No. Corporate Identification No. L2 9 1 5 0 A P 1 9 3 0 P L C 0 0 0 5 7 6 Balance Sheet Date 3 1 0 3 2 01 1 Date Month Year Capital raised duri,lookup,Answered using the figure's extracted description text.,[0],"[""1。 Registration Detalls State Code 01 5 7 6 Registration No. Corporate Identification No. L2 9 1 5 0 A P 1 9 3 0 P L C 0 0 0 5 7 6 Balance Sheet Date 3 1 0 3 2 01 1 Date Month Year Capital raised duri""]"
test,20774,20774.png,20774_1,What are the column headers in the table?,"Reserves and Surplus 2 4 8 9 9 7, 4",lookup,The header row contains the table's column names.,[2],"[""Reserves and Surplus 2 4 8 9 9 7 | 4""]"
test,20774,20774.png,20774_2,How many data rows are in the table (excluding the header)?,0,lookup,Counted the number of non-header rows parsed from the table.,[2],"[""Data rows detected: 0""]"
test,20779,20779.png,20779_0,What does the figure show?,1。 Registration Detalls State Code 01 5 7 6 Registration No. Corporate Identification No. L2 9 1 5 0 A P 1 9 3 0 P L C 0 0 0 5 7 6 Balance Sheet Date 3 1 0 3 2 01 1 Date Month Year Capital raised duri,lookup,Answered using the figure's extracted description text.,[0],"[""1。 Registration Detalls State Code 01 5 7 6 Registration No. Corporate Identification No. L2 9 1 5 0 A P 1 9 3 0 P L C 0 0 0 5 7 6 Balance Sheet Date 3 1 0 3 2 01 1 Date Month Year Capital raised duri""]"
test,20779,20779.png,20779_1,What are the column headers in the table?,"Reserves and Surplus 2 4 8 9 9 7, 4",lookup,The header row contains the table's column names.,[2],"[""Reserves and Surplus 2 4 8 9 9 7 | 4""]"
test,20779,20779.png,20779_2,How many data rows are in the table (excluding the header)?,0,lookup,Counted the number of non-header rows parsed from the table.,[2],"[""Data rows detected: 0""]"
test,208,208.png,208_0,What are the column headers in the table?,"For further copies, telephone PA registry (Shell Centre 4918),or write to Shell InternationalPetroleum Company Ltd (PAC/221),, London,SE17NA",lookup,The header row contains the table's column names.,[5],"[""For further copies, telephone PA registry (Shell Centre 4918),or write to Shell InternationalPetroleum Company Ltd (PAC/221), | London,SE17NA""]"
test,208,208.png,208_1,How many data rows are in the table (excluding the header)?,0,lookup,Counted the number of non-header rows parsed from the table.,[5],"[""Data rows detected: 0""]"
test,208,208.png,208_2,What is the main topic or content discussed in this section?,The Shell Coal Gasification Process (SCGP) is a clean and efficient process for converting coalinto synthesis gas. Synthesis gas is a versatile mixture of carbon monoxide and hydrogen that can...,comprehension,Summarized the main content from the text region.,[0],"[""The Shell Coal Gasification Process (SCGP) is a clean and efficient process for converting coalinto synthesis gas. Synthesis gas is a versatile mixture of carbon monoxide and hydrogen that can be conv""]"
test,20876,20876.png,20876_0,What does the figure show?,Gross Revenue from sale of products and services Other operating revenue Other income TOTAL,lookup,Answered using the figure's extracted description text.,[0],"[""Gross Revenue from sale of products and services Other operating revenue Other income TOTAL""]"
test,20876,20876.png,20876_1,What are the column headers in the table?,"33875.56 996.30 34871.86 375.39, 35247.25",lookup,The header row contains the table's column names.,[1],"[""33875.56 996.30 34871.86 375.39 | 35247.25""]"
test,20876,20876.png,20876_2,How many data rows are in the table (excluding the header)?,0,lookup,Counted the number of non-header rows parsed from the table.,[1],"[""Data rows detected: 0""]"
test,20891,20891.png,20891_0,What does the figure show?,Gross Revenue from sale of products and services Other operating revenue Other income TOTAL,lookup,Answered using the figure's extracted description text.,[0],"[""Gross Revenue from sale of products and services Other operating revenue Other income TOTAL""]"
test,20891,20891.png,20891_1,What are the column headers in the table?,"33875.56 996.30 34871.86 375.39, 35247.25",lookup,The header row contains the table's column names.,[1],"[""33875.56 996.30 34871.86 375.39 | 35247.25""]"
test,20891,20891.png,20891_2,How many data rows are in the table (excluding the header)?,0,lookup,Counted the number of non-header rows parsed from the table.,[1],"[""Data rows detected: 0""]"
test,20895,20895.png,20895_0,What does the figure show?,Gross Revenue from sale of products and services Other operating revenue Other income TOTAL,lookup,Answered using the figure's extracted description text.,[0],"[""Gross Revenue from sale of products and services Other operating revenue Other income TOTAL""]"
test,20895,20895.png,20895_1,What are the column headers in the table?,"33875.56 996.30 34871.86 375.39, 35247.25",lookup,The header row contains the table's column names.,[1],"[""33875.56 996.30 34871.86 375.39 | 35247.25""]"
test,20895,20895.png,20895_2,How many data rows are in the table (excluding the header)?,0,lookup,Counted the number of non-header rows parsed from the table.,[1],"[""Data rows detected: 0""]"
test,209,209.png,209_0,What is the main topic or content discussed in this section?,"0 Sulphur and nitrogen are essential to life; however, the long range transport and deposition of air pollutants such as the oxides of sulphur and nitrogen can cause a number...",comprehension,Summarized the main content from the text region.,[0],"[""0 Sulphur and nitrogen are essential to life; however, the long range transport and deposition of air pollutants such as the oxides of sulphur and nitrogen can cause a number of problems, such as the""]"
test,210,210.png,210_0,What is the main topic or content discussed in this section?,"0 Sulphur and nitrogen are essential to life; however, the long range transport and deposition of air pollutants such as the oxides of sulphur and nitrogen can cause a number...",comprehension,Summarized the main content from the text region.,[0],"[""0 Sulphur and nitrogen are essential to life; however, the long range transport and deposition of air pollutants such as the oxides of sulphur and nitrogen can cause a number of problems, such as the""]"
test,21092,21092.png,21092_0,What is the main topic or content discussed in this section?,"Dr. Labuza is a native of New Jersey, received a B.S. in Food Science at MIT and a Ph.D. in Food Science and Nutritionat MITin 1965. After receiving his degree,...",comprehension,Summarized the main content from the text region.,[1],"[""Dr. Labuza is a native of New Jersey, received a B.S. in Food Science at MIT and a Ph.D. in Food Science and Nutritionat MITin 1965. After receiving his degree, Dr. Labuza taught at MIT in the Departm""]"
test,21098,21098.png,21098_0,What is the main topic or content discussed in this section?,"Dr. Labuza is a native of New Jersey, received a B.S. in Food Science at MIT and a Ph.D. in Food Science and Nutritionat MITin 1965. After receiving his degree,...",comprehension,Summarized the main content from the text region.,[1],"[""Dr. Labuza is a native of New Jersey, received a B.S. in Food Science at MIT and a Ph.D. in Food Science and Nutritionat MITin 1965. After receiving his degree, Dr. Labuza taught at MIT in the Departm""]"
test,21099,21099.png,21099_0,What is the main topic or content discussed in this section?,"Dr. Labuza is a native of New Jersey, received a B.S. in Food Science at MIT and a Ph.D. in Food Science and Nutritionat MITin 1965. After receiving his degree,...",comprehension,Summarized the main content from the text region.,[1],"[""Dr. Labuza is a native of New Jersey, received a B.S. in Food Science at MIT and a Ph.D. in Food Science and Nutritionat MITin 1965. After receiving his degree, Dr. Labuza taught at MIT in the Departm""]"
test,211,211.png,211_0,What is the main topic or content discussed in this section?,"0 Sulphur and nitrogen are essential to life; however, the long range transport and deposition of air pollutants such as the oxides of sulphur and nitrogen can cause a number...",comprehension,Summarized the main content from the text region.,[0],"[""0 Sulphur and nitrogen are essential to life; however, the long range transport and deposition of air pollutants such as the oxides of sulphur and nitrogen can cause a number of problems, such as the""]"
test,21105,21105.png,21105_0,What does the figure show?,Months Employed Amount Paid 76 6711 11 00 *16500 11 00 7260 11 00 7260 11 00 7260 11 00 6050 1l 00 6050 11 00 6050 11 00 4235 11 00 4235 11 00 4235 11 00 4235 11 00 4235 11 66 3666 11 66 3666 11 00 15,lookup,Answered using the figure's extracted description text.,[0],"[""Months Employed Amount Paid 76 6711 11 00 *16500 11 00 7260 11 00 7260 11 00 7260 11 00 6050 1l 00 6050 11 00 6050 11 00 4235 11 00 4235 11 00 4235 11 00 4235 11 00 4235 11 66 3666 11 66 3666 11 00 15""]"
test,21105,21105.png,21105_1,What are the column headers in the table?,"Months Employed Amount Paid 76 6711 11 00 *16500 11 00 7260 11 00 7260 11 00 7260 11 00 6050 1l 00 6050 11 00 6050 11 00 4235 11 00 4235 11 00 4235 11 00 4235 11 00 4235 11 66 3666 11 66 3666 11 00, 15",lookup,The header row contains the table's column names.,[1],"[""Months Employed Amount Paid 76 6711 11 00 *16500 11 00 7260 11 00 7260 11 00 7260 11 00 6050 1l 00 6050 11 00 6050 11 00 4235 11 00 4235 11 00 4235 11 00 4235 11 00 4235 11 66 3666 11 66 3666 11 00 | 15""]"
test,21105,21105.png,21105_2,How many data rows are in the table (excluding the header)?,0,lookup,Counted the number of non-header rows parsed from the table.,[1],"[""Data rows detected: 0""]"
test,21107,21107.png,21107_0,What does the figure show?,Months Employed Amount Paid 76 6711 11 00 *16500 11 00 7260 11 00 7260 11 00 7260 11 00 6050 1l 00 6050 11 00 6050 11 00 4235 11 00 4235 11 00 4235 11 00 4235 11 00 4235 11 66 3666 11 66 3666 11 00 15,lookup,Answered using the figure's extracted description text.,[0],"[""Months Employed Amount Paid 76 6711 11 00 *16500 11 00 7260 11 00 7260 11 00 7260 11 00 6050 1l 00 6050 11 00 6050 11 00 4235 11 00 4235 11 00 4235 11 00 4235 11 00 4235 11 66 3666 11 66 3666 11 00 15""]"
test,21107,21107.png,21107_1,What are the column headers in the table?,"Months Employed Amount Paid 76 6711 11 00 *16500 11 00 7260 11 00 7260 11 00 7260 11 00 6050 1l 00 6050 11 00 6050 11 00 4235 11 00 4235 11 00 4235 11 00 4235 11 00 4235 11 66 3666 11 66 3666 11 00, 15",lookup,The header row contains the table's column names.,[1],"[""Months Employed Amount Paid 76 6711 11 00 *16500 11 00 7260 11 00 7260 11 00 7260 11 00 6050 1l 00 6050 11 00 6050 11 00 4235 11 00 4235 11 00 4235 11 00 4235 11 00 4235 11 66 3666 11 66 3666 11 00 | 15""]"
test,21107,21107.png,21107_2,How many data rows are in the table (excluding the header)?,0,lookup,Counted the number of non-header rows parsed from the table.,[1],"[""Data rows detected: 0""]"
test,21108,21108.png,21108_0,What does the figure show?,Months Employed Amount Paid 76 6711 11 00 *16500 11 00 7260 11 00 7260 11 00 7260 11 00 6050 1l 00 6050 11 00 6050 11 00 4235 11 00 4235 11 00 4235 11 00 4235 11 00 4235 11 66 3666 11 66 3666 11 00 15,lookup,Answered using the figure's extracted description text.,[0],"[""Months Employed Amount Paid 76 6711 11 00 *16500 11 00 7260 11 00 7260 11 00 7260 11 00 6050 1l 00 6050 11 00 6050 11 00 4235 11 00 4235 11 00 4235 11 00 4235 11 00 4235 11 66 3666 11 66 3666 11 00 15""]"
test,21108,21108.png,21108_1,What are the column headers in the table?,"Months Employed Amount Paid 76 6711 11 00 *16500 11 00 7260 11 00 7260 11 00 7260 11 00 6050 1l 00 6050 11 00 6050 11 00 4235 11 00 4235 11 00 4235 11 00 4235 11 00 4235 11 66 3666 11 66 3666 11 00, 15",lookup,The header row contains the table's column names.,[1],"[""Months Employed Amount Paid 76 6711 11 00 *16500 11 00 7260 11 00 7260 11 00 7260 11 00 6050 1l 00 6050 11 00 6050 11 00 4235 11 00 4235 11 00 4235 11 00 4235 11 00 4235 11 66 3666 11 66 3666 11 00 | 15""]"
test,21108,21108.png,21108_2,How many data rows are in the table (excluding the header)?,0,lookup,Counted the number of non-header rows parsed from the table.,[1],"[""Data rows detected: 0""]"
test,21109,21109.png,21109_0,What does the figure show?,Months Employed Amount Paid 76 6711 11 00 *16500 11 00 7260 11 00 7260 11 00 7260 11 00 6050 1l 00 6050 11 00 6050 11 00 4235 11 00 4235 11 00 4235 11 00 4235 11 00 4235 11 66 3666 11 66 3666 11 00 15,lookup,Answered using the figure's extracted description text.,[0],"[""Months Employed Amount Paid 76 6711 11 00 *16500 11 00 7260 11 00 7260 11 00 7260 11 00 6050 1l 00 6050 11 00 6050 11 00 4235 11 00 4235 11 00 4235 11 00 4235 11 00 4235 11 66 3666 11 66 3666 11 00 15""]"
test,21109,21109.png,21109_1,What are the column headers in the table?,"Months Employed Amount Paid 76 6711 11 00 *16500 11 00 7260 11 00 7260 11 00 7260 11 00 6050 1l 00 6050 11 00 6050 11 00 4235 11 00 4235 11 00 4235 11 00 4235 11 00 4235 11 66 3666 11 66 3666 11 00, 15",lookup,The header row contains the table's column names.,[1],"[""Months Employed Amount Paid 76 6711 11 00 *16500 11 00 7260 11 00 7260 11 00 7260 11 00 6050 1l 00 6050 11 00 6050 11 00 4235 11 00 4235 11 00 4235 11 00 4235 11 00 4235 11 66 3666 11 66 3666 11 00 | 15""]"
test,21109,21109.png,21109_2,How many data rows are in the table (excluding the header)?,0,lookup,Counted the number of non-header rows parsed from the table.,[1],"[""Data rows detected: 0""]"
test,21110,21110.png,21110_0,What does the figure show?,Months Employed Amount Paid 76 6711 11 00 *16500 11 00 7260 11 00 7260 11 00 7260 11 00 6050 1l 00 6050 11 00 6050 11 00 4235 11 00 4235 11 00 4235 11 00 4235 11 00 4235 11 66 3666 11 66 3666 11 00 15,lookup,Answered using the figure's extracted description text.,[0],"[""Months Employed Amount Paid 76 6711 11 00 *16500 11 00 7260 11 00 7260 11 00 7260 11 00 6050 1l 00 6050 11 00 6050 11 00 4235 11 00 4235 11 00 4235 11 00 4235 11 00 4235 11 66 3666 11 66 3666 11 00 15""]"
test,21110,21110.png,21110_1,What are the column headers in the table?,"Months Employed Amount Paid 76 6711 11 00 *16500 11 00 7260 11 00 7260 11 00 7260 11 00 6050 1l 00 6050 11 00 6050 11 00 4235 11 00 4235 11 00 4235 11 00 4235 11 00 4235 11 66 3666 11 66 3666 11 00, 15",lookup,The header row contains the table's column names.,[1],"[""Months Employed Amount Paid 76 6711 11 00 *16500 11 00 7260 11 00 7260 11 00 7260 11 00 6050 1l 00 6050 11 00 6050 11 00 4235 11 00 4235 11 00 4235 11 00 4235 11 00 4235 11 66 3666 11 66 3666 11 00 | 15""]"
test,21110,21110.png,21110_2,How many data rows are in the table (excluding the header)?,0,lookup,Counted the number of non-header rows parsed from the table.,[1],"[""Data rows detected: 0""]"
test,21195,21195.png,21195_0,What does the figure show?,-E.Potato and Other Vegetables vFruits Serving Calories Source Size Provided 1-medium Potato 90 _(4_02.)_ Beets 35. 2 cup Cabbage 15 cup Cauliflower 15 icup Corn-on-cob 1-medium 65 Onion ½2-medium 25,lookup,Answered using the figure's extracted description text.,[0],"[""-E.Potato and Other Vegetables vFruits Serving Calories Source Size Provided 1-medium Potato 90 _(4_02.)_ Beets 35. 2 cup Cabbage 15 cup Cauliflower 15 icup Corn-on-cob 1-medium 65 Onion ½2-medium 25 ""]"
test,21195,21195.png,21195_1,What are the column headers in the table?,"75 6 OZ. Orange juice Grapefruit juice 6oz. 65 Tomato juice ≤02. 40 1-medium 60 Orange 1-medium 40 Tangerine Grapefruit /2-medium 50 Tomato 1-medium 30 Average selected for, GroupD=50",lookup,The header row contains the table's column names.,[3],"[""75 6 OZ. Orange juice Grapefruit juice 6oz. 65 Tomato juice ≤02. 40 1-medium 60 Orange 1-medium 40 Tangerine Grapefruit /2-medium 50 Tomato 1-medium 30 Average selected for | GroupD=50""]"
test,21195,21195.png,21195_2,How many data rows are in the table (excluding the header)?,0,lookup,Counted the number of non-header rows parsed from the table.,[3],"[""Data rows detected: 0""]"
test,21197,21197.png,21197_0,What does the figure show?,-E.Potato and Other Vegetables vFruits Serving Calories Source Size Provided 1-medium Potato 90 _(4_02.)_ Beets 35. 2 cup Cabbage 15 cup Cauliflower 15 icup Corn-on-cob 1-medium 65 Onion ½2-medium 25,lookup,Answered using the figure's extracted description text.,[0],"[""-E.Potato and Other Vegetables vFruits Serving Calories Source Size Provided 1-medium Potato 90 _(4_02.)_ Beets 35. 2 cup Cabbage 15 cup Cauliflower 15 icup Corn-on-cob 1-medium 65 Onion ½2-medium 25 ""]"
test,21197,21197.png,21197_1,What are the column headers in the table?,"75 6 OZ. Orange juice Grapefruit juice 6oz. 65 Tomato juice ≤02. 40 1-medium 60 Orange 1-medium 40 Tangerine Grapefruit /2-medium 50 Tomato 1-medium 30 Average selected for, GroupD=50",lookup,The header row contains the table's column names.,[3],"[""75 6 OZ. Orange juice Grapefruit juice 6oz. 65 Tomato juice ≤02. 40 1-medium 60 Orange 1-medium 40 Tangerine Grapefruit /2-medium 50 Tomato 1-medium 30 Average selected for | GroupD=50""]"
test,21197,21197.png,21197_2,How many data rows are in the table (excluding the header)?,0,lookup,Counted the number of non-header rows parsed from the table.,[3],"[""Data rows detected: 0""]"
test,21198,21198.png,21198_0,What does the figure show?,-E.Potato and Other Vegetables vFruits Serving Calories Source Size Provided 1-medium Potato 90 _(4_02.)_ Beets 35. 2 cup Cabbage 15 cup Cauliflower 15 icup Corn-on-cob 1-medium 65 Onion ½2-medium 25,lookup,Answered using the figure's extracted description text.,[0],"[""-E.Potato and Other Vegetables vFruits Serving Calories Source Size Provided 1-medium Potato 90 _(4_02.)_ Beets 35. 2 cup Cabbage 15 cup Cauliflower 15 icup Corn-on-cob 1-medium 65 Onion ½2-medium 25 ""]"
test,21198,21198.png,21198_1,What are the column headers in the table?,"75 6 OZ. Orange juice Grapefruit juice 6oz. 65 Tomato juice ≤02. 40 1-medium 60 Orange 1-medium 40 Tangerine Grapefruit /2-medium 50 Tomato 1-medium 30 Average selected for, GroupD=50",lookup,The header row contains the table's column names.,[3],"[""75 6 OZ. Orange juice Grapefruit juice 6oz. 65 Tomato juice ≤02. 40 1-medium 60 Orange 1-medium 40 Tangerine Grapefruit /2-medium 50 Tomato 1-medium 30 Average selected for | GroupD=50""]"
test,21198,21198.png,21198_2,How many data rows are in the table (excluding the header)?,0,lookup,Counted the number of non-header rows parsed from the table.,[3],"[""Data rows detected: 0""]"
test,21199,21199.png,21199_0,What does the figure show?,-E.Potato and Other Vegetables vFruits Serving Calories Source Size Provided 1-medium Potato 90 _(4_02.)_ Beets 35. 2 cup Cabbage 15 cup Cauliflower 15 icup Corn-on-cob 1-medium 65 Onion ½2-medium 25,lookup,Answered using the figure's extracted description text.,[0],"[""-E.Potato and Other Vegetables vFruits Serving Calories Source Size Provided 1-medium Potato 90 _(4_02.)_ Beets 35. 2 cup Cabbage 15 cup Cauliflower 15 icup Corn-on-cob 1-medium 65 Onion ½2-medium 25 ""]"
test,21199,21199.png,21199_1,What are the column headers in the table?,"75 6 OZ. Orange juice Grapefruit juice 6oz. 65 Tomato juice ≤02. 40 1-medium 60 Orange 1-medium 40 Tangerine Grapefruit /2-medium 50 Tomato 1-medium 30 Average selected for, GroupD=50",lookup,The header row contains the table's column names.,[3],"[""75 6 OZ. Orange juice Grapefruit juice 6oz. 65 Tomato juice ≤02. 40 1-medium 60 Orange 1-medium 40 Tangerine Grapefruit /2-medium 50 Tomato 1-medium 30 Average selected for | GroupD=50""]"
test,21199,21199.png,21199_2,How many data rows are in the table (excluding the header)?,0,lookup,Counted the number of non-header rows parsed from the table.,[3],"[""Data rows detected: 0""]"
test,212,212.png,212_0,What is the main topic or content discussed in this section?,"0 Sulphur and nitrogen are essential to life; however, the long range transport and deposition of air pollutants such as the oxides of sulphur and nitrogen can cause a number...",comprehension,Summarized the main content from the text region.,[0],"[""0 Sulphur and nitrogen are essential to life; however, the long range transport and deposition of air pollutants such as the oxides of sulphur and nitrogen can cause a number of problems, such as the""]"
test,21290,21290.png,21290_0,What are the column headers in the table?,"EASTERNINES PASSENGER'S Customer Self Ticket COUPON AND BAGGAGE CHECK IFEXTENDED PAYMENT DESIRED. CIRCLE NO. OF MONTHS 9, 12",lookup,The header row contains the table's column names.,[1],"[""EASTERNINES PASSENGER'S Customer Self Ticket COUPON AND BAGGAGE CHECK IFEXTENDED PAYMENT DESIRED. CIRCLE NO. OF MONTHS 9 | 12""]"
test,21290,21290.png,21290_1,How many data rows are in the table (excluding the header)?,0,lookup,Counted the number of non-header rows parsed from the table.,[1],"[""Data rows detected: 0""]"
test,21290,21290.png,21290_2,What does the figure show?,EASTERNINES PASSENGER'S Customer Self Ticket COUPON AND BAGGAGE CHECK IFEXTENDED PAYMENT DESIRED. CIRCLE NO. OF MONTHS 9 12,lookup,Answered using the figure's extracted description text.,[2],"[""EASTERNINES PASSENGER'S Customer Self Ticket COUPON AND BAGGAGE CHECK IFEXTENDED PAYMENT DESIRED. CIRCLE NO. OF MONTHS 9 12""]"
test,21292,21292.png,21292_0,What are the column headers in the table?,"EASTERNINES PASSENGER'S Customer Self Ticket COUPON AND BAGGAGE CHECK IFEXTENDED PAYMENT DESIRED. CIRCLE NO. OF MONTHS 9, 12",lookup,The header row contains the table's column names.,[1],"[""EASTERNINES PASSENGER'S Customer Self Ticket COUPON AND BAGGAGE CHECK IFEXTENDED PAYMENT DESIRED. CIRCLE NO. OF MONTHS 9 | 12""]"
test,21292,21292.png,21292_1,How many data rows are in the table (excluding the header)?,0,lookup,Counted the number of non-header rows parsed from the table.,[1],"[""Data rows detected: 0""]"
test,21292,21292.png,21292_2,What does the figure show?,EASTERNINES PASSENGER'S Customer Self Ticket COUPON AND BAGGAGE CHECK IFEXTENDED PAYMENT DESIRED. CIRCLE NO. OF MONTHS 9 12,lookup,Answered using the figure's extracted description text.,[2],"[""EASTERNINES PASSENGER'S Customer Self Ticket COUPON AND BAGGAGE CHECK IFEXTENDED PAYMENT DESIRED. CIRCLE NO. OF MONTHS 9 12""]"
test,21299,21299.png,21299_0,What are the column headers in the table?,"EASTERNINES PASSENGER'S Customer Self Ticket COUPON AND BAGGAGE CHECK IFEXTENDED PAYMENT DESIRED. CIRCLE NO. OF MONTHS 9, 12",lookup,The header row contains the table's column names.,[1],"[""EASTERNINES PASSENGER'S Customer Self Ticket COUPON AND BAGGAGE CHECK IFEXTENDED PAYMENT DESIRED. CIRCLE NO. OF MONTHS 9 | 12""]"
test,21299,21299.png,21299_1,How many data rows are in the table (excluding the header)?,0,lookup,Counted the number of non-header rows parsed from the table.,[1],"[""Data rows detected: 0""]"
test,21299,21299.png,21299_2,What does the figure show?,EASTERNINES PASSENGER'S Customer Self Ticket COUPON AND BAGGAGE CHECK IFEXTENDED PAYMENT DESIRED. CIRCLE NO. OF MONTHS 9 12,lookup,Answered using the figure's extracted description text.,[2],"[""EASTERNINES PASSENGER'S Customer Self Ticket COUPON AND BAGGAGE CHECK IFEXTENDED PAYMENT DESIRED. CIRCLE NO. OF MONTHS 9 12""]"
test,213,213.png,213_0,What is the main topic or content discussed in this section?,"0 Sulphur and nitrogen are essential to life; however, the long range transport and deposition of air pollutants such as the oxides of sulphur and nitrogen can cause a number...",comprehension,Summarized the main content from the text region.,[0],"[""0 Sulphur and nitrogen are essential to life; however, the long range transport and deposition of air pollutants such as the oxides of sulphur and nitrogen can cause a number of problems, such as the""]"
test,21316,21316.png,21316_0,What does the figure show?,or Epidemiology of Occupational Hazards T-Th-S and Epidemiologyof Cancer M-W-F,lookup,Answered using the figure's extracted description text.,[1],"[""or Epidemiology of Occupational Hazards T-Th-S and Epidemiologyof Cancer M-W-F""]"
test,21316,21316.png,21316_1,What is the main topic or content discussed in this section?,"The University of Minnesota adheres to the principle that all persons shall have equal opportunity and access to facilities in any phase of University activity without regard to race, creed,...",comprehension,Summarized the main content from the text region.,[4],"[""The University of Minnesota adheres to the principle that all persons shall have equal opportunity and access to facilities in any phase of University activity without regard to race, creed, color, se""]"
test,21317,21317.png,21317_0,What does the figure show?,or Epidemiology of Occupational Hazards T-Th-S and Epidemiologyof Cancer M-W-F,lookup,Answered using the figure's extracted description text.,[1],"[""or Epidemiology of Occupational Hazards T-Th-S and Epidemiologyof Cancer M-W-F""]"
test,21317,21317.png,21317_1,What is the main topic or content discussed in this section?,"The University of Minnesota adheres to the principle that all persons shall have equal opportunity and access to facilities in any phase of University activity without regard to race, creed,...",comprehension,Summarized the main content from the text region.,[4],"[""The University of Minnesota adheres to the principle that all persons shall have equal opportunity and access to facilities in any phase of University activity without regard to race, creed, color, se""]"
test,21320,21320.png,21320_0,What does the figure show?,or Epidemiology of Occupational Hazards T-Th-S and Epidemiologyof Cancer M-W-F,lookup,Answered using the figure's extracted description text.,[1],"[""or Epidemiology of Occupational Hazards T-Th-S and Epidemiologyof Cancer M-W-F""]"
test,21320,21320.png,21320_1,What is the main topic or content discussed in this section?,"The University of Minnesota adheres to the principle that all persons shall have equal opportunity and access to facilities in any phase of University activity without regard to race, creed,...",comprehension,Summarized the main content from the text region.,[4],"[""The University of Minnesota adheres to the principle that all persons shall have equal opportunity and access to facilities in any phase of University activity without regard to race, creed, color, se""]"
test,21321,21321.png,21321_0,What does the figure show?,or Epidemiology of Occupational Hazards T-Th-S and Epidemiologyof Cancer M-W-F,lookup,Answered using the figure's extracted description text.,[1],"[""or Epidemiology of Occupational Hazards T-Th-S and Epidemiologyof Cancer M-W-F""]"
test,21321,21321.png,21321_1,What is the main topic or content discussed in this section?,"The University of Minnesota adheres to the principle that all persons shall have equal opportunity and access to facilities in any phase of University activity without regard to race, creed,...",comprehension,Summarized the main content from the text region.,[4],"[""The University of Minnesota adheres to the principle that all persons shall have equal opportunity and access to facilities in any phase of University activity without regard to race, creed, color, se""]"
test,21322,21322.png,21322_0,What does the figure show?,or Epidemiology of Occupational Hazards T-Th-S and Epidemiologyof Cancer M-W-F,lookup,Answered using the figure's extracted description text.,[1],"[""or Epidemiology of Occupational Hazards T-Th-S and Epidemiologyof Cancer M-W-F""]"
test,21322,21322.png,21322_1,What is the main topic or content discussed in this section?,"The University of Minnesota adheres to the principle that all persons shall have equal opportunity and access to facilities in any phase of University activity without regard to race, creed,...",comprehension,Summarized the main content from the text region.,[4],"[""The University of Minnesota adheres to the principle that all persons shall have equal opportunity and access to facilities in any phase of University activity without regard to race, creed, color, se""]"
test,215,215.png,215_0,What does the figure show?,Figure1 Shell coal gasification process,lookup,Answered using the figure's extracted description text.,[0],"[""Figure1 Shell coal gasification process""]"
test,215,215.png,215_1,What is the main topic or content discussed in this section?,"SCGP has been under development since 1972.A6 t/d experimental unit, which has run for over 12,000 hours, was started up in 1976 in the Shell laboratory in Amsterdam and this...",comprehension,Summarized the main content from the text region.,[1],"[""SCGP has been under development since 1972.A6 t/d experimental unit, which has run for over 12,000 hours, was started up in 1976 in the Shell laboratory in Amsterdam and this was followed by a 150 t/d""]"
test,216,216.png,216_0,What does the figure show?,Figure1 Shell coal gasification process,lookup,Answered using the figure's extracted description text.,[0],"[""Figure1 Shell coal gasification process""]"
test,216,216.png,216_1,What is the main topic or content discussed in this section?,"SCGP has been under development since 1972.A6 t/d experimental unit, which has run for over 12,000 hours, was started up in 1976 in the Shell laboratory in Amsterdam and this...",comprehension,Summarized the main content from the text region.,[1],"[""SCGP has been under development since 1972.A6 t/d experimental unit, which has run for over 12,000 hours, was started up in 1976 in the Shell laboratory in Amsterdam and this was followed by a 150 t/d""]"
test,217,217.png,217_0,What does the figure show?,Figure1 Shell coal gasification process,lookup,Answered using the figure's extracted description text.,[0],"[""Figure1 Shell coal gasification process""]"
test,217,217.png,217_1,What is the main topic or content discussed in this section?,"SCGP has been under development since 1972.A6 t/d experimental unit, which has run for over 12,000 hours, was started up in 1976 in the Shell laboratory in Amsterdam and this...",comprehension,Summarized the main content from the text region.,[1],"[""SCGP has been under development since 1972.A6 t/d experimental unit, which has run for over 12,000 hours, was started up in 1976 in the Shell laboratory in Amsterdam and this was followed by a 150 t/d""]"
test,2178,2178.png,2178_0,What is the main topic or content discussed in this section?,"No, we have not forgotten. The binder has advised us that the l0 copies of the Presentation Book which you requested will be ready on January 21. These were originally...",comprehension,Summarized the main content from the text region.,[0],"[""No, we have not forgotten. The binder has advised us that the l0 copies of the Presentation Book which you requested will be ready on January 21. These were originally scheduled for January 14; howeve""]"
test,2179,2179.png,2179_0,What is the main topic or content discussed in this section?,"No, we have not forgotten. The binder has advised us that the l0 copies of the Presentation Book which you requested will be ready on January 21. These were originally...",comprehension,Summarized the main content from the text region.,[0],"[""No, we have not forgotten. The binder has advised us that the l0 copies of the Presentation Book which you requested will be ready on January 21. These were originally scheduled for January 14; howeve""]"
test,218,218.png,218_0,What does the figure show?,Figure1 Shell coal gasification process,lookup,Answered using the figure's extracted description text.,[0],"[""Figure1 Shell coal gasification process""]"
test,218,218.png,218_1,What is the main topic or content discussed in this section?,"SCGP has been under development since 1972.A6 t/d experimental unit, which has run for over 12,000 hours, was started up in 1976 in the Shell laboratory in Amsterdam and this...",comprehension,Summarized the main content from the text region.,[1],"[""SCGP has been under development since 1972.A6 t/d experimental unit, which has run for over 12,000 hours, was started up in 1976 in the Shell laboratory in Amsterdam and this was followed by a 150 t/d""]"
test,2181,2181.png,2181_0,What is the main topic or content discussed in this section?,"No, we have not forgotten. The binder has advised us that the l0 copies of the Presentation Book which you requested will be ready on January 21. These were originally...",comprehension,Summarized the main content from the text region.,[0],"[""No, we have not forgotten. The binder has advised us that the l0 copies of the Presentation Book which you requested will be ready on January 21. These were originally scheduled for January 14; howeve""]"
test,2182,2182.png,2182_0,What is the main topic or content discussed in this section?,"No, we have not forgotten. The binder has advised us that the l0 copies of the Presentation Book which you requested will be ready on January 21. These were originally...",comprehension,Summarized the main content from the text region.,[0],"[""No, we have not forgotten. The binder has advised us that the l0 copies of the Presentation Book which you requested will be ready on January 21. These were originally scheduled for January 14; howeve""]"
test,2183,2183.png,2183_0,What is the main topic or content discussed in this section?,"We have received a letter from a Mrs. H. L. Carroway,927 S. Sunset Acres Lane, Florence, South Carolina 295Ol request- ing information as to ""origin of some sugar I purchased...",comprehension,Summarized the main content from the text region.,[0],"[""We have received a letter from a Mrs. H. L. Carroway,927 S. Sunset Acres Lane, Florence, South Carolina 295Ol request- ing information as to \""origin of some sugar I purchased in North Carolina of your""]"
test,2184,2184.png,2184_0,What is the main topic or content discussed in this section?,"We have received a letter from a Mrs. H. L. Carroway,927 S. Sunset Acres Lane, Florence, South Carolina 295Ol request- ing information as to ""origin of some sugar I purchased...",comprehension,Summarized the main content from the text region.,[0],"[""We have received a letter from a Mrs. H. L. Carroway,927 S. Sunset Acres Lane, Florence, South Carolina 295Ol request- ing information as to \""origin of some sugar I purchased in North Carolina of your""]"
test,2185,2185.png,2185_0,What is the main topic or content discussed in this section?,"We have received a letter from a Mrs. H. L. Carroway,927 S. Sunset Acres Lane, Florence, South Carolina 295Ol request- ing information as to ""origin of some sugar I purchased...",comprehension,Summarized the main content from the text region.,[0],"[""We have received a letter from a Mrs. H. L. Carroway,927 S. Sunset Acres Lane, Florence, South Carolina 295Ol request- ing information as to \""origin of some sugar I purchased in North Carolina of your""]"
test,219,219.png,219_0,What does the figure show?,Figure1 Shell coal gasification process,lookup,Answered using the figure's extracted description text.,[0],"[""Figure1 Shell coal gasification process""]"
test,219,219.png,219_1,What is the main topic or content discussed in this section?,"SCGP has been under development since 1972.A6 t/d experimental unit, which has run for over 12,000 hours, was started up in 1976 in the Shell laboratory in Amsterdam and this...",comprehension,Summarized the main content from the text region.,[1],"[""SCGP has been under development since 1972.A6 t/d experimental unit, which has run for over 12,000 hours, was started up in 1976 in the Shell laboratory in Amsterdam and this was followed by a 150 t/d""]"
test,2224,2224.png,2224_0,What does the figure show?,"M.E.Woodard, Employment Manager 120 West 11 Goodland, Kansas 67735",lookup,Answered using the figure's extracted description text.,[0],"[""M.E.Woodard, Employment Manager 120 West 11 Goodland, Kansas 67735""]"
test,2224,2224.png,2224_1,What are the column headers in the table?,"Mr. James Lyon, Publicity The Great Western Sugar Company P.O.Box 5308, Terminal Annex Denver, Colorado, 80217",lookup,The header row contains the table's column names.,[1],"[""Mr. James Lyon, Publicity The Great Western Sugar Company P.O.Box 5308, Terminal Annex Denver, Colorado | 80217""]"
test,2224,2224.png,2224_2,How many data rows are in the table (excluding the header)?,0,lookup,Counted the number of non-header rows parsed from the table.,[1],"[""Data rows detected: 0""]"
